,nickname,contents,datetime
0,dhrx****,관람객관객에게 미끼를 던진 영화  ,2016-05-11 20:08:00
1,anst****,누가 황정민 연기 지겹다고 했냐. 이렇게 소름돋게 연기하는 배운데  ,2016-05-11 13:43:00
2,yunk****,관람객반전에반전...감독한테놀아난느낌  ,2016-05-11 20:42:00
3,seac****,관람객나감독.. 숨은 쉬게해줘야지...  ,2016-05-11 20:38:00
4,박시영(tldu****),정신적으로 너무 안좋다  ,2016-05-11 20:18:00
5,정연비(baby****),관람객...할말없는 영화임.본사람은 공감할듯..무섭고 잔인하고 징그럽고 소름끼치는 반전까지 고루 갖췄지만 그 모든걸 넘어서는 찝찝함.  ,2016-05-11 22:05:00
6,바보(dpql****),관람객어이없어서 웃기고 그냥 보고난후 뭐지...?이느낌  ,2016-05-11 20:12:00
7,psy5****,관람객보는 내내 골룸 생각났음ㅋㅋ  ,2016-05-11 20:53:00
8,Kondre(osh6****),오늘 개봉 오후 5시뷰터인데 뭘 조조부터 보고왔대 조조 영화시간표에 곡성없어 지금 보고왔다고 하는놈들 알바임 알바도 쓰려면 지능이 높아야지 서울 및 수도권 영화 개봉시간이 오후 5시인대 보고왔다고 구라까면 되나  ,2016-05-11 09:05:00
9,성난황소(gust****),관람객맨정신으로 작두에 올라 영화보는 기분  ,2016-05-11 20:42:00
10,투스타(twos****),관람객현혹된 자만이 느낄수 있는 공포 그리고 후유증..  ,2016-05-11 20:20:00
11,rokm(ymdi****),영화 끝나고 입에서 자연스레 이게 뭐야 라는 말이 나왔다.그래서 도대체 하고 싶은 말이 무엇인가.  ,2016-05-11 21:16:00
12,guyo****,"관람객긴장감만점 다만9점을준건 결말이 너무모호하다 개연성도 부족한거같고 천우희가도와준이유,황전민정체,할배가천우희쫓아뛰는이유 등등 감독한테직접물어보고싶은게많다  ",2016-05-11 22:19:00
13,데이먼(chav****),관람객정말로 곡소리 나오는 영화. 222  ,2016-05-11 07:03:00
14,fhEh(ds5a****),많이들 당황하셨죠? 예...저도 많이 당황했는데요.. 하하...;  ,2016-05-11 20:27:00
15,coco(qhrt****),대한민국 시골 대나무밭에서 좀비가 왠말 입니까...  ,2016-05-12 00:59:00
16,sang****,검은사제들 같은 엑소시스트 줄거리에 추격자보다 더 많이 죽이고 피범벅임... 15세 관람가 준 인간들 진짜 반성하고 감독은 정신과 전문의 만나보기 바란다  ,2016-05-11 23:53:00
17,ruby****,이것저것 짬뽕시켜서 이리저리 꼬다가 에라모르겟다 될디로 되라!  ,2016-05-11 21:19:00
18,다진마늘(hyun****),관객을 속이기 위해 억지 설정 투성이다. 앞 뒤 개연성도 부족하다. 이것저것 막 섞어놓고 해결책을 찾지 못한채 에라 모르겠다 끝내자 이런식이다. 황정민의 무당연기 말고는 볼거없음. 알바와 언론에 현혹되지 마라.  ,2016-05-11 22:57:00
19,적한(newr****),절때 보지미세요 후회합니다.내용을 미스터리로 최고조 까지 끌어올려놓고 아무것도 설명안해주고 반전만 선사하고 엔딩크레딧이 올라가네요;; 진심 자극적이게만 만들아놓고 명작소리 듣네  ,2016-05-11 20:00:00
20,bolg****,내가진짜  처음 평점쓰는데.진짜 좀비물이냐 귀신영화냐ㅎㅎㅎ 철학적으로 풀지마라.ㅋㅋㅋ  이딴 영화  ,2016-05-11 20:10:00
21,aura(reda****),관람객난해한거 싫어하시는 분들 비추천. 불친절한 영화 싫어하시는 분들 비추천. 의미부여 된거 (일명 떡밥) 해석하는거 싫어하시는 분들 비추천. 그냥 별 생각않고 영화 즐기고픈 분들이 볼만 한 영화는 아님. 그런 분들이 이 영화보면 스트레스 받음  ,2016-05-12 08:46:00
22,감무(gkfn****),관람객엔딩크레딧이 올라갈때 사람들의 반응은 절반은 욕하고 절반은 벙찐 상태가 된다. 개인적으로 결국 영화에대한 생각은 계속 맴돌더라 찝찝함인지 궁금함인지 아직도 잘 모르겠다  ,2016-05-11 23:56:00
23,마리옹(be_a****),"태어나 처음으로 평점 남겨보네요.매우,몹시,엄청나게,극도로,어마어마하게,대단히 화가 나고 불쾌하고 불쾌하고 불쾌한 영화였네요. 아직 안 보신 분, 그 눈 사고 싶어요. 정말 트라우마 남았습니다. 정신건강에도 몹시 해롭습니다. 다운도 받아보지 마세요.  ",2016-05-12 04:59:00
24,l989****,정말 기대이하에요 비위만 상하고 좀비물인줄 알았네요  ,2016-05-11 21:03:00
25,NANABARA(boot****),반전에 목매달았나... 반전이 너무 황당함. 공산당이랑 국군이랑 싸우는데 미군이 나타나서 공산당이랑 국군이 서로 한패다! 하는 수준...  ,2016-05-11 21:59:00
26,별tothe명(jis1****),개연성 부족이 느껴지고 그냥 러닝타임 긴 고어물  ,2016-05-11 20:57:00
27,흣남(flyb****),156분동안 진정 괴로웠다. 이게 뭐니?  ,2016-05-11 20:56:00
28,yong****,나홍진이 자기 혼자 필 받아서 만든 영화...그래서??? 어쩌자는건데???  ,2016-05-11 17:19:00
29,sayt****,홍길동이 알바풀었네ㅋㅋㅋㅋ 비교가되냐 솔직히 적당히하자.. 양심도 없냐??  ,2016-05-11 06:32:00
30,끄리(shwa****),'빈수레가 요란하다.' 이 말처럼 이 영화를 잘 표현하는 말은 없을듯.  ,2016-05-11 21:20:00
31,zks0****,관람객초반엔 범인찾고 추리하는 스릴런줄 알았더만 생각해보니 그것도 일단은 맞네.. 미끼를 내가 물었구나  ,2016-05-11 21:24:00
32,슬짱(yooh****),나 진짜 어이가 없어서; 내일 회사가야하는데 내가 이걸 몇일전부터 예매해서 기다린 내가 바보다 답답하고 짜증나는 영화다 진짜로  ,2016-05-11 22:37:00
33,아니무카(dk45****),솔직히 무슨재민지 하나도 모르겠다.. 시간날리고 온 기분  ,2016-05-11 17:37:00
34,june****,인류 역사상 가장 끔찍한 영화일 겁니다. 이런 걸 완성해 놓고  박수 치고 좋아했을 제작진을 생각하니 그게 더 오싹한 장면입니다. 대체 무슨 멘탈일까? 보는 내내 욕이 나오고 구역질이 나옵니다. 세기말적 영화입니다. 제발 보지 마시기를 강력 권유합니다  ,2016-05-11 21:09:00
35,유챔(qqoq****),관람객잘만들었지만 관람은 비추입니다.  ,2016-05-11 22:31:00
36,겸둥잉(zz21****),관람객성인배우는 물론 아역연기가..아주..후기 신경안쓰고 보고싶으면 보고 후회는 절대 안하실듯..  ,2016-05-11 17:21:00
37,푸르댕댕(ddur****),내가 이걸 내돈주고 보게되다니...  ,2016-05-11 21:07:00
38,gost****,최악의 좀비영화입니다  ,2016-05-11 21:01:00
39,zzzzzz(rlag****),제발 이 영화 볼 돈으로 곱창사드세요....  ,2016-05-12 00:07:00
40,wiz2****,진심 재미없다...  이거 만들려고 황정민 캐스팅했냐?  ,2016-05-11 17:10:00
41,Midong(kdjz****),친구랑 진짜 재미있게 놀았는데.뭐하고 놀았는지 모르는 느낌.  ,2016-05-11 22:54:00
42,닝닝(kise****),살면서 영화 평점 처음 남겨봅니다. 진짜 1점도 아까운 영화입니다. 평론가도 알바가 있다는 말에 공감 백배.... 걍 동서양막론하고 무섭다는것들 다 넣어서 정말 다나옵니다 공포영화 좋아하는데 이영화에 10점을 줬다는 사실이 호러인듯  ,2016-05-11 23:47:00
43,오리날다(qnr2****),사십칠년 내 인생 최악의 영화. 보는 내내 불편하고 마지막까지 찝찝했다. 돈과 시간이 아까울 뿐. 이런 영화는 세금 엄청 내고 상영관에 걸어야 한다. 건전한 정서를 가진 사람도 미치게 만들 것 같다. 좀비에 악마에 귀신까지.. 진짜 화난다 ㅠㅠ  ,2016-05-11 22:42:00
44,개구리수호신(ball****),"이런 쓰레기 영화가 평점이 높게 나오다니, 스토리에 개연성없이 그냥 화면 연출 리듬감으로만 이끌어 가는 영화, 나중에는 웃음이 나옴. 그냥 변태감독을 위한 변태작품  ",2016-05-11 23:53:00
45,웨이잇(gold****),빈 수레가 요란한 법이다.  ,2016-05-11 18:24:00
46,최성환(unvs****),B급 오컬트 영화에 탑배우 캐스팅한.. 그런 느낌.. 보는 내내 악마 눈 때문에 진짜 B급영화보는줄..  ,2016-05-11 22:04:00
47,j012****,살인영화냐 좀비영화냐 종교영화냐 귀신영화냐 악령영화냐 뭔아무리 생각을 해봐도  진심 뭐냐?  ,2016-05-12 00:14:00
48,김유자(flow****),"별 6점 줬다가 다시 평점 씀. 납득이 안간다. 납득이, 개연성 없어 보이려고 최대한 노력했지만 이해 안가게 만든다고 작품성 높은건 아니지 않나,,,?  몰입감은 높지만 어이가 없다. 잔뜩 풀어놨는데 왜 풀어놨는지 이유를 설명 못함.  ",2016-05-11 22:48:00
49,year****,내가올해본 영화중 최악의 영화 베스트임 재미 오지게없음 갠적차이지만 이게 어떻게 캡틴을 누를수 있는거지 ?  ,2016-05-11 21:29:00
50,tomyy(cys2****),여러분의 정서와 심장을 놀래키지마세요..돈주고 찜찜함만 남습니다. 이게 왜 15세냐 중고생들 보라고??  ,2016-05-11 22:08:00
51,ndw0****,관람객감독 이름부터 외웠다... 다음부턴 안보려고...  ,2016-05-12 16:55:00
52,어흥(wogm****),아 돈아깝...9000원이나 주고 보기엔 아깝다.내가 본 영화중에 가장 돈 아까운 영화 중 배스트 오브 베스트다. 창수 이후로 쓰레기다.황정민 보고 봤는데...영화 진짜 스토리 엉망이다.반전을 주려고 노력한 것 같다만영화 자체가 쓰레기다.  ,2016-05-11 21:13:00
53,Rfred(jan3****),"관람객-15세의 황해... 좀비, 엑소시스트 이런 거 싫어하는 사람은 보지마세요. 구역질납니다.  ",2016-05-11 20:40:00
54,pcs0****,관람객되게 토론하고싶은 영화 ..  진짜 나랑같이 봤던. 관객들붙잡아서 의견을 묻고싶은 영화  ,2016-05-13 14:55:00
55,Enigma(dong****),현혹되지 마라 평점에미끼를 물었다 평점이란  ,2016-05-11 20:02:00
56,ekdn****,정신건강에 해로운 영화인듯 하네요 관객들 헷갈리게 하려고 반전의 반전의 반전의 반전을 계속 돌리는데 그반전에 대한 풀이는 없고 찝찝한 마음만 남게하는 영화  ,2016-05-12 00:36:00
57,jaki****,"B급 악마영화임. 악마에 좀비에, 귀신에 짬뽕시켜놓았음. 왜 이런 영화가 꼭 한국영화대표로 영화제에 나가야 하는지 정말 어이상실.너무 광고를 많이 해서 기대했다가 그만큼 실망함. 곡성사람이 불쌍함. 곡성에 꿀발라놨는지,아프면, 큰도시로 좀 나갔으면 함  ",2016-05-11 22:34:00
58,김세정(pjt8****),관람객배우들의 연기력과 숨을 조여오는 연출이 훌륭합니다.근데 그게 다 내용과는 상관 없이 오로지 관객을 속여먹으려는 의도라는게 기가 막힙니다.  ,2016-05-11 22:19:00
59,황주원(juwo****),관람객무슨영화인지 모르겟다  ,2016-05-11 23:04:00
60,이혜수(dbrl****),관람객끊임없이 의심하게 만드는 영화  ,2016-05-11 20:12:00
61,이태원(taew****),관람객살인의추억+콘스탄틴+새벽의저주+디아더스+추격자+박수무당  ,2016-05-12 21:09:00
62,쭈(wlsg****),뭐지.. 뭘까... 시간낭비 ..돈낭비...  ,2016-05-11 22:29:00
63,jesu****,적당히들 합시다 시사회에서봣다고하면 이해할테지만 개봉해서봣단 알바트로스들 17시부터 개봉인대 벌써부터 시작질이냐 저런넘들땜에  더 보기싫어졋다  ,2016-05-11 15:02:00
64,하루(jiho****),최악최악당했다진짜진심..  ,2016-05-11 21:00:00
65,ㅇㅅㅇ(arse****),알바천국이네 ㅋㅋㅋㅋ  ,2016-05-11 15:19:00
66,존크뎁(jcd0****),관람객몰입감 장난 아니네요 2시간 반이 길게 안느껴져요 다보고 나오는데 뭔가 지침ㅎㅎ 근데 좀 난해해서 한번 더 봐야겠음  ,2016-05-11 20:03:00
67,vizo****,관람객내용도 없고 잔인한 장면만 많네요 부성애를 자극하려면 결말이라도 잘 내던가하지 배우의 연기력은 최고 평점이지만 스토리는 정말 아닌듯 합니다. 보고 기분나쁜영화였습니다.  ,2016-05-11 23:47:00
68,아그작(alse****),비추 테러하라고 지령 떨어졌냐?정상적인 글에도 비추 10개씩은 기본이네  ,2016-05-11 02:38:00
69,별명을입력하세요(sili****),알바는 양심도 없나..내가 화가나서 평점쓰러 들어오긴 처음이다.어디서 되도안되는c급좀비물만들어와서 무슨 명감독인마냥 홍보하고 관객 낚이게 하는 영화.감독 반성 많이 하세요 인생 최악의영화중 한편으로 등극  ,2016-05-12 00:58:00
70,또르르르르르(kdog****),관람객이상해요 무슨장르에요 이게  ,2016-05-11 21:11:00
71,하루견가(adcr****),평식이 믿고 지금 극장에서 보고 있는 중간에 평점 올리는데.. 평식이 이 XXXX야.... 주어는 없습니다. .  ,2016-05-11 18:24:00
72,중랑천(pid0****),이름 믿고 봤다가 낚였다.  ,2016-05-11 22:52:00
73,만뜩이(dlal****),관람객돈내고 스트레스를 받아왔다  ,2016-05-13 18:18:00
74,이태영(tank****),비추비추 정신건강에 해롭습니다.  ,2016-05-12 00:08:00
75,날아가는 새(wwkd****),시간을 길게할 필요가있었나  ,2016-05-11 20:51:00
76,tjdu****,1점도 아깝다 배우들이 아깝다..  ,2016-05-11 22:44:00
77,임유화(poli****),지금까지 본 영화중 최악잔인하고 징그럽고 더럽고 무섭고 재미없고 지루하고.마지막은 찝찝하고  ,2016-05-12 00:04:00
78,예주(kj34****),관람객구라안치고 영화 엔딩크레딧 올라오자마자  다들 뭐야...ㅋ이소리하고 나감  ,2016-05-12 18:33:00
79,팔콘(alex****),"관람객한국영화 같지 않은 연출,전개방식,엔딩  ",2016-05-11 19:54:00
80,카페인중독(cheg****),1점도 주기 아깝다 그냥 훌륭한 배우들 데려다가 쓰레기를 만들었어 그냥 잔인하고 더러운 느낌의 장면을 보여주고 싶었다 그러면 이해할수도....  ,2016-05-11 23:53:00
81,지연(jieu****),차라리 홍길동 볼껄...  ,2016-05-11 21:39:00
82,omeg****,"솔직히 보고 싶었는데, 알바들 대량으로 푼거 보고 영 아니다 싶네요...  ",2016-05-11 15:36:00
83,dols****,관람객음....ㅋㅋㅋ 영화보고 왜케 기분 나쁘지?  ,2016-05-12 00:36:00
84,네네치킨(newm****),동진이형 급전 필요함?  ,2016-05-11 21:24:00
85,나조다(arim****),"관람객떡밥만 줄창 던지고 회수는 안되고, 에라 모르겠다 반전이라 처먹어라 느낌.  황정민은 개연성도 없도 뭣도 없는 역할.  한편이야 뭐야. 살날릴때 일본놈 억억 하는 건 왜 자꾸 화면에 잡아줌?  ",2016-05-12 01:45:00
86,bl랙(cism****),관람객곡성이 관객을 낚았다.  ,2016-05-12 03:11:00
87,토레쓰(tlqk****),평론가들도알바인가요?  ,2016-05-11 18:48:00
88,comf****,관람객정말 지대로 낚네요. 통수영화 지리구연  ,2016-05-11 21:41:00
89,수빈(bsb0****),뭘말하고싶은건지전혀모르겠다ㅋㅋㅋㅋ 보고나오는내내너무화남  ,2016-05-11 22:41:00
90,tldm****,관람객7천원으로 밥을 사드새오  ,2016-05-12 03:29:00
91,whqo****,아... 믿고보는 황정민인데... ㅠㅠ 안보는게 나을듯...너무 열린결말... 지루하고 재미없었어요..  ,2016-05-11 21:39:00
92,지세(b_sy****),관람객볼때는 재밌었다. 그렇게 끝날지 몰랐으니까.  ,2016-05-12 03:14:00
93,skrl****,한개도 아까운데 리뷰는 쓰고싶어서 올립니다. 긴장감만계속 올리다가 갑자기 좀비영화 됐다가 결국엔 판타지로본사람들은 알거에요 얼마나 쓰래기영환지...  ,2016-05-11 23:47:00
94,ttrs****,다섯시개봉인데 다섯시전에쓴댓글들이..머이리많지 다섯시 삼십분작성된글들은....영화가30분짜리인가요세분다좋아하는배우라보러가기는한다만.. 알바심각하네요  ,2016-05-11 18:03:00
95,소연(dus6****),관람객이게 왜 평론가들한테 극찬감이지ㅠㅠㅠ  ,2016-05-11 23:11:00
96,뿌잉뿌잉(chos****),도대체 왜때문에 평점이 높은건지 이해좀시켜줘요..배우들 모두의 연기는 훌륭합니다. 그 외엔 좀...  ,2016-05-11 22:37:00
97,나나대대로로(blue****),관람객별루... 피칠갑만 잔뜩구경  ,2016-05-12 12:46:00
98,스넥(yoom****),반개도 아깝다 쓰레기다  ,2016-05-11 22:46:00
99,안녕미미(rlag****),영화끝나고 바로 뭐야ㅡㅡ 라는 소리가 육성으로 나옴어디가 작품성이 뛰어나다는거임..걍 조올라 호러물. 좀비물.관객수 늘릴라고 15세 측정인듯...청소년들 보면 안되요...그냥.. 진짜 돈아까운 영화 처음.공짜표 생기면 보세요  ,2016-05-12 04:19:00
100,웅이(osos****),관람객천우희에서 끝났어야되... 왜 갑자기 또 반전을 만들어서 에혀.. 좀비는 진짜 에러다..ㅡㅡ  ,2016-05-12 00:21:00
101,강한남자(tlse****),왜 곡성인줄 알거 같네 진짜 곡소리나네 아 내 시간  ,2016-05-12 00:24:00
102,패드풋(glgl****),0점 이없는게아쉽다...  ,2016-05-12 00:22:00
103,kkmu****,관람객귀신이 예수 흉내내며 육체를 입기위해 사탄에게 사람을 제물로 바치는 인신제사를 모티브로 한 사타니즘 영화. 신을 희롱하고 무지한 관객들을 우롱한다. 영적인 시각이 없는 사람은 이 영화의 무서움을 알지못한 채 찝찝함만 남을 것. 역대 최'악'의 한국영화  ,2016-05-12 20:07:00
104,맹구야(zoma****),처음에는 자극적이기도 하고 이 미스테리를 어떻게 풀까 기대하면서 봣는데 그냥 어이없게 끝나네  ,2016-05-11 21:40:00
105,소나기(stop****),이따위를 쩝 시간아깝네  ,2016-05-11 22:54:00
106,BK(onet****),평점 0점이 없어서 1점줍니다.처음부터 끝까지 피토하고 죽이고..잔인하고 보고나면 남는거없이 찝찝한 영화입니다.방금 보고왔는데 아 기분이 더럽습니다.스릴러인줄 알았는데 호러물.. 그것도 수위가 19금 이상인데.. 애들은 가라 정신건강에 해롭다!  ,2016-05-12 00:03:00
107,시현(nerr****),관객들을 멘OO킬 목적으로 찍은 영화라면 그건 대성공이다  ,2016-05-11 21:23:00
108,바른생활(z08k****),"관람객관객을 악마처럼 손아귀에 가지고 논 나홍진감독에게 찬사를 바칩니다. 카메라 앵글, 조명, 미쟝센까지.. 첫장면 부터 마지막까지 완벽하게 잘 짜여진 요 근래 한국 영화 최고의 작품입니다.  ",2016-05-11 20:02:00
109,ㅇㅇㅇㅇㅇ(ych8****),의문점은 많은데 설명해주지 않고개연성은 찾아보기  힘들다보고나면 헛웃음만 나오는 영화  ,2016-05-11 23:53:00
110,김주발(whoj****),지루함...내용은 그냥~저냥~ ㅜ 호러. 스릴러 좋아해서본건데 솔직히 실망  ,2016-05-11 21:28:00
111,꽃(unnc****),보지마세요 시간낭비 돈낭비 이런영화 무슨생각으로 만들었는지 한심스럽다정말  ,2016-05-11 22:38:00
112,한결(rufh****),"집에 와서 곱씹어볼수록 정말 별로네요...나오자마자 사람들이 시간 아깝다고 부르르 떨었습니다 어찌되었건 개인의 취향을 존중합니다만 시간낭비를 이런 식으로 하지 않기를 권합니다 아무쪼록 고생하신 배우, 스탭들의 노고에 안타까움을 표합니다  ",2016-05-12 00:56:00
113,Rina(ange****),관람객죽기 전에 절대 이런 류의 영화를 다시는 보지 말아야겠다고 생각했습니다. 모든 정신이 피폐해지는 느낌....요즘 영화볼게 없어서 예매율 높은건듯  ,2016-05-13 23:33:00
114,두바(jjy3****),에휴.  돈날렸네 ㅡㅡ 200만도 못넘길듯  ,2016-05-11 18:27:00
115,김병수(bell****),이게 어떻게 15세예요??잔인한장면 없다고 15세는 말도안됨10대들이 정서적으로 이영화보면 개혼란스러울꺼같은데진짜 찝찝한 영화예요...  ,2016-05-12 00:44:00
116,ckw1****,최악의영화를봤다. 감독이. 정신이. 이상하다고생각들게하는. 돈이아까운영화. 후회된다  ,2016-05-12 00:55:00
117,cmhj****,처음부터 중간까진 웃기고 볼만하다가 중간부터 결말까지 개노답 악지르고 악지르고 악지르다 끝난기분 영화보고 나왔는데 편두통 심해서 약먹음  ,2016-05-12 00:58:00
118,과일앙마(nare****),관람객이 영화 재밌다고 하는 사람들 다시 보게되네요재밌다고 하는 사람들이 무서움  ,2016-05-11 23:25:00
119,silv****,관람객정말 짜증지대루.남친과보다 헤어질뻔.보자고한내가 죄인.배우들연기력은 인정이가지만.시나리오는 진짜대박그냥 보는내내 스트레스였음.ㅠㅠ  ,2016-05-13 01:24:00
120,lsoj****,방금 보고 나왔는데  감독 진짜 관객 곡소리 나게 해서 곡성인거냐. 장난 하는 것도 아니고 저 배우들 데리고 이따위로 말아 먹기도 힘들 겠다. 이거 보지 마세요. 정말 짜증이 짜증이 짜증이 오랜만에 내 입에서 된소리 나오게 만든 영화 입니다.  ,2016-05-12 00:52:00
121,정은(shuh****),아 진짜 기대 많이하고봤는데. 솔직히 이게 재밌나요.. 나만 노잼이였나 기분 너무 안좋음  ,2016-05-12 00:18:00
122,빠즈(klsb****),언플은 심하더만 그시간에 시나리오나 손보지..  ,2016-05-11 20:25:00
123,분더우(bund****),너무나 실망스러운 영화였습니다.  ,2016-05-11 22:30:00
124,노잼(dpaf****),찝찝 짜증.. 평론가들한테 낚였다  ,2016-05-11 23:59:00
125,kyeb****,더럽다 뭘이야기하려는지...  ,2016-05-11 20:16:00
126,r9an****,해설집이 없으면 이해를 할 수 없는 영화.해설집을 봐도 감독의 주장에 동의하기 싫은 영화.해설집대로 감독의 주장대로 영화를 해석하려해도 장면의 설명 스토리의 설득력 논리성 개연성이 없는 영화.  ,2016-05-13 13:56:00
127,Penguin(juol****),진짜 평점 어지간해선 안남기는데SNS같은데서 하도 난리길래 봤더니 예고편에 낚이고 영화에 한번 더 낚인거같다. 중간에 시체랑 싸우는신은 주변사람들 다 웃고 영화끝나고는 전부다 이게뭐냐면서 어이가없어하더라 물론 나도포함... 호불호가 갈리나보다  ,2016-05-11 23:02:00
128,hipo****,관람객그닥 그래요 별로에요ㅠㅠㅠ  ,2016-05-12 07:05:00
129,chlw****,시간버리고 돈도버리고 싶지않으면 절대절대 보지마세요. 진심진짜 욕할정도로 후회함.반전있고 분장같은거만 대단하면 다 대작임? 진짜내가 살면서 본영화중에 이렇게 갖다붙이기만 잘한 짜집기식 삼류영화 처음보  ,2016-05-12 00:50:00
130,훈남랭군(blue****),관람객영화까는건 아닌데 솔직히 기대 이하는 확실하다2시간30분동안 스트레스 받을려면 이영화를 봐라 는 뎃글을보고 어떤 무식한놈이 이런뎃글을 남겨했는데그뎃글을 믿어야했다...어떤사람에겐 재밋을지모르지만나에겐 정말 스트레스받게하는 영화였다....  ,2016-05-13 01:26:00
131,흑마고무신(gagd****),무당과.예수와.좀비와.악마와.귀신과.호러와.살인과...또 뭐가있뜨라...^#*!@?  ,2016-05-12 00:40:00
132,원샷투킬(wjsa****),관람객중간에나오고싶을정도..기분나쁜영화  ,2016-05-13 21:03:00
133,어좁머크(aa63****),정말재미없다 보지마라  ,2016-05-12 06:53:00
134,airy****,관람객최고의 평론가가10점줘서 봤는데 평론가..급전필요했습니까??동생엄마애인같이봤는데 동생한테 미안했네요 이게 15세 말이 됩니까? 내 휴일 내 돈 너무 아까웠네요..볼건 배우들의 연기 연기는 정말 잘합니다.다만 영화가 정신병 걸리게 하는 더러운기분들게해요  ,2016-05-16 00:59:00
135,kiki****,"전문가 평점 높아서 봤는데,, 그닼.. 추격자 때 포스는 안나오네요, 긴장감이나 몰입도는 있는데, 잔인하고 징그러운 장면이 많습니다. 개인적으로 좀비씬은 그냥 없었다면 영화의 퀄리티가 더 높아지지 않았을까 싶습니다. 전문가 중에도 알바가 있는듯..ㅜㅜ  ",2016-05-11 15:55:00
136,숲에서(luri****), 잘 모르겠다는..이게 그렇게 칭찬받을 스토리인가?내가 이해력이 딸리는건지...하여간 뭐...괜찮긴한데 아주 내인생 영화는 아니고. 사실 이해가 잘 안됩니다. 배우분들 연기는 좋았어요. 잘 이해 못해서 미안합니다.  ,2016-05-11 20:42:00
137,abto****,관람객넘 어려웠다 종교와 무속신앙 귀신과 악마동양과 서양 ...결말은 대체 어떤건지 하지만 정말 무서웠다 보는내내 내가 굿받는것같은현기증을 느꼈다  ,2016-05-12 00:34:00
138,wnal****,이건 뭐지 ㅡ.ㅡ 무ㅓ냐 ㅜㅜ  ,2016-05-11 22:05:00
139,영신여고2학년(pst8****),관람객나홍진 전작을 생각하고가면 오산이다... 뭔가 미스터리 스릴러가 있을꺼라고 생각했지만 그냥 미스터리만 남는다....결말도 미스터리다.  ,2016-05-12 03:23:00
140,은화님(hcsy****),잘 포장된 불량 식품같응 영화. 볼땐 무서운데 생각하면 열받음  ,2016-05-11 23:47:00
141,밤의황제(iron****),관람객평점 잘주는 사람들 꿈보다 해몽이 예술이네. 돈+시간 버리고 싶은 사람은 극장에 보러 가시길.. 1점도 아깝다는거에 공감  ,2016-05-13 23:38:00
142,예진(yeej****),내용흐름이 뚝뚝 끊기는 느낌  ,2016-05-12 01:00:00
143,나는(ks21****),주인공 때리고싶음 답답함의 극치  ,2016-05-12 00:58:00
144,바비(jink****),끝나고 뭐지?하다가 나중엔 결말 이따구로 만든 감독 욕하게 됨 스릴 반전 겁나 기대하게 만들어놓고 결말 꼬라지보소  ,2016-05-12 00:34:00
145,fly5637(jmh5****),아진짜너무불쾌하고더럽네요;;평론가는이런거좋아함?  ,2016-05-12 00:18:00
146,미스틱(srbm****),관람객아는 척 좋아하는 해석충들이나 빨아댈 영화 아는 만큼 보이고 재밌다는데  아는 만큼 보이는건 맞는데 진심 재미가 하나도 없다  언플 농간에 놀아나지 마라 마치 벌거숭이 임금님을 보는 듯 하다 뭔 뜻인지 알거라 믿는다  ,2016-05-15 18:25:00
147,soowim(chan****),이동진이 좋다고 하니까 줏대없이 좋았다고 하는 사람들... 적어도 이런 상업 영화는 취향으로 보는 거지 평론가 눈으로 보는 게 아니다. 내가 볼 땐 평론가들도 서로 눈치 싸움한 거 같다;  ,2016-05-11 21:30:00
148,띠용(uvsn****),"이 영화가 시빌워를 이을 흥행 영화라고? 개뿔; 보고 난 뒤 관객들 표정 (???) 뭘 전하려는지 모르겠고, 결말도 뭔지 모르겠다. 그냥 (???)만 가득했던 영화;; 말이라도 좀 하던가; 배우들이 아깝다!!  ",2016-05-12 09:57:00
149,웃자웃자(glor****),애들 악몽에 시달린다.이런걸15세 주냐.진짜  더럽고 찝찝하고..아오...  ,2016-05-12 00:24:00
150,문기웅(hi10****),7광구 같은 영화입니다. 또 당했습니다....후  ,2016-05-12 00:23:00
151,우헤헤(lslc****),아직 영화끝나지도 않았는데  후기쓰고있는 알바생들 고생이많다ㅋㅋㅋ  ,2016-05-11 18:04:00
152,ho41****,오늘 첫 개봉으로 봣는데 끝날때 멍 했음. 나만 그런게 아니라 극장에 있는 모든 사람이 그러더라.... 스토리가 반전에 반전을 보여준 건 맞는데 뭔가 풀어줘야 하는데 의미만 잔뜩 남긴 척 하고 끝나버림 평론가 평점이 높은영화는 다 이러더라ㅋ  ,2016-05-11 22:58:00
153,애교로즈(love****),진짜 더럽고 찝짭한 내용  ,2016-05-12 02:01:00
154,beauty(labe****),평론가들 뭐야? 당신들 처럼 영화를 좋아하는  영화 팬들 기만하다니...  특히나 이동진? 박평식!!!  ,2016-05-11 22:52:00
155,wndt****,관람객스트레스만 받고나왔네 ㅋㅋ 골룸녀석 ㅋㅋ  ,2016-05-14 21:41:00
156,teoz****,관람객번개맞고 좀비나오고 까마귀 날아다니고 난리 잡동사니.  ,2016-05-15 19:56:00
157,cokb****,관람객스릴러 아니고 공포영화. 무서운거 못보는 사람들은 너무 무섭네요  ,2016-05-11 23:43:00
158,김영지(youn****),관람객골룸이 왜 나오는지 전혀 모르겠고 한국판 배틀로얄 보는 기분 1점도 아깝습니다  ,2016-05-12 22:34:00
159,삼년살이(rudd****),어이가없어서 잠도안옴  ,2016-05-12 00:33:00
160,zzul****,씹노잼 핵노잼 ㅡㅡㅡㅡ  ,2016-05-11 22:29:00
161,q(tlqa****),돈주고보기아깝다 진짜  ,2016-05-12 00:44:00
162,타이슨(wode****),영화를 마감까지  몰두해봤는데  머가 먼지  잘 모르겠다  조 가튼 영화다  피비린내밖에  안난다  ,2016-05-11 23:58:00
163,군자락(dbsg****),보지마시오 어지간하면 귀찮아서 댓글 안다는데 이건 뭐 영화도 아닙니다그냥 쓰레기  ,2016-05-12 06:22:00
164,의화(pehs****),개인적으로 언제 끝나나.. 싶었습니다.  ,2016-05-12 00:01:00
165,똥똥(kimj****),관람객보는내내 기분이 꾸리꾸리했던 영화 앞으로 황정민을 믿지 않으리  ,2016-05-12 01:17:00
166,지구촌(cnda****),스크린 독점에다 알바 풀었더냐  ,2016-05-11 17:50:00
167,범생이(ych3****),관람객우와아아 모르겟다모냐이거  ,2016-05-11 23:03:00
168,마조던(sang****),현혹되네요...쩌네요...이런식으로 빠는 사람들이 있는데. 걍 악마숭배자 허구숭배자들이나 빠는 영화임. 장치도 쓰레기. 우연으로 밖에 설명이 안되는 장치투성이임. 걍 천우희가 이쁜거밖에없었다.  ,2016-05-12 00:32:00
169,여버야(kore****),잔인하기만 한 좀비물 이네요 영화보고 후회 하기는 처음 입니다  ,2016-05-12 06:18:00
170,hj741(gjh7****),진심 병맛 영화 돈주고보기아깝다  ,2016-05-12 00:52:00
171,zpwe****,"엑소시스트는 영화소개에 왜 없는지?여러모로 불친절한 영화답답하고 찝찝함의 연속연기력은 출중하나 그게 전부무슨 이야기를 하고 싶은 건지, 무슨 이야기가 전개되는 건지 의문피가 낭자하고 살점이 뜯기는데15세 관람가?7광구 이후로 또 속은 느낌  ",2016-05-12 00:02:00
172,여행의발견(sunn****),그래서 뭐 어쩌라고?...  ,2016-05-12 00:06:00
173,ldh2****,관람객재미없어요ㅜ 그냥 끔찍하기만하고 내용도 조잡스러움  ,2016-05-17 19:35:00
174,행복(bamb****),"클레멘타인을 잇는 대작이다!! 이 영화는 추리,좀비,엑소시스트,무당,신파,코메디 골고루 다 갖추고 있다. 마른 하늘에 비오다가 벼락맞는 남자신에서는 어이없어 웃음이 나왔고 영화는 왜이렇게도 긴지 영화보다 내가 곡하는 줄 알았다!!  ",2016-05-11 23:02:00
175,김아름(kima****),관람객대단해요ㅋㅋ보는 내내 넘긴장해서 땀나고ㅜㅜ엔딩이 찝찝한데 곡성2하시는건지..꿈에나올까 살짝무섭고 아역 배우 연기 정말잘하던데 ..연기하느라 애먹었을듯 어린 나이에  ,2016-05-11 20:50:00
176,BUSHWICK(jjyy****),재미는 있는데 ㅋㅋㅋ 영화를 보고나면 짜증이 남 ㅋㅋㅋ  ,2016-05-11 21:10:00
177,맹독성(seon****),미리 알려드리는데요. 곡성 보고 나시면 웬만한 영화는 이제 영화 같지도 않게 느껴질지도 모릅니다. 심지어 나홍진의 전작품인 추격자 마저도 폄하하게 될 수 있습니다. 그래도 괜찮다면 보세요.. 아무튼 이거 진짜 뻥 안 치고 후유증 엄청납니다. ㄷㄷ  ,2016-05-11 00:14:00
178,Ace(vayc****),관람객나홍진이 미끼를 던지고  관객은 물었다 ....영화를 다보고 났는데 왜이렇게 찝찝하지  ,2016-05-12 10:52:00
179,zeze****,관람객정말..최악이였습니다..  ,2016-05-16 10:29:00
180,Amy(bomi****),관람객역시 방화는 보는게 아닙니다  ,2016-05-12 14:57:00
181,아방방(rok1****),개봉이 5시인데 무슨 시사회도 아니고 그전에 봤다는 얘들 왜이리 많은지 알바생들좀 똑똑히 쓰자 지루할거같다 영화  ,2016-05-11 18:50:00
182,이현정(hyun****),대실망 단체관람 완전 비추 불쾌하고 이해안되고 이상한 영화.  ,2016-05-12 10:16:00
183,진(tdw3****),"18 고등학생입니다 야자가 빠지는날이라 친구랑 곡성 보러오기로 했는데 뭘본건지 모르겠고 아직도 좀비,악마밖에 생각이 안납니다... 뭐가 뭔지도 모르겠고 마지막에 곽도원분이 맡으신 역할이 죽읔지 아닌지도 모르겠고.. 총체적 난국인것같아요  ",2016-05-12 00:52:00
184,마리한화(rkgk****),관람객친절하지 않다 관객을 희롱하는 영화  ,2016-05-16 01:58:00
185,거위(goos****),처음으로 평점 쓴다. 20시 20분 영화보고 11시쯤 나온 것 같은데， 내가 이 영화를 왜 내 돈 내고 보고 있는지 화가 났다. 이게 어딜봐서 15세야? 보고 나서 이렇게 기분이 더러울 수가 없네. 좋아하는 평론가가 극찬해서 봤는데 그 분이 원망스럽다  ,2016-05-12 00:35:00
186,안뇽(gn00****),그래서비는왜온거죠?번개는왜친거죠?일본인은왜운거죠?왜하필곡성에서일어나야만했죠?곡성과귀신의관계는?악마랑생선이랑뭔관계가있나요? 부제는어떻게동굴을찾아갔죠? 걍 무서운요소 다넣어놓고  철학적인척 설명은하나없는 불친절한영화 갑.. 예술로 포장하는거너무 짜증난다  ,2016-05-13 13:53:00
187,catc****,내가 저런걸 영화랍시고 제돈주고 시간날리고 했네그냥 보는내내 개빡치는 영화 안본눈 삽니다  ,2016-05-12 04:15:00
188,볼수록한미모(zero****),관람객만들기만 하고 시나리오는 관객이 쓰고? 낚시질도 정도껏..  ,2016-05-18 11:06:00
189,히동구(luck****),관람객영화를 관객의 상상력에 맡기는 것은 좋다. 그렇다고해서 '왜'라는 부분을 전부 배제하면 평이 극명하게 갈라진다. 영화는 관객에게 벌어지는 상황들을 설명해야 할 암묵적 의무가 있다. 각종 추리를 내놓으며 이해한다해서 '영화를 잘 보는 사람'은  ,2016-05-17 18:57:00
190,들국화(moo7****),"솔직히 정말 실망한 영화 중  가장 짜증난 영화 였습니다. 영화 평론가분들 정말 가슴에 손 올려 놓고 말해보세요..그렇게 대단한 영화 입니까. 내용도 없고, 결말도 없고, 피, 비명, 소나기 ..그것밖에 생각 안나네요...  ",2016-05-11 23:28:00
191,황금 거북이(didt****),관람객새가 참 고생하더라..  ,2016-05-13 13:36:00
192,찢어진청바지(dksg****),관람객정신건강에 좋지 않습니다 ㅠ  ,2016-05-14 23:37:00
193,뗘니(9710****),1점도아깝다진짜;원래평가안쓰는데 평론가들이좋데서 봤더니 다알바네 돈많이질럿다 돈보다 입소문이다 절대보지마요;;어우화나  ,2016-05-12 00:59:00
194,꼬맹이(alsg****),관람객평점 리뷰 예고편 기대 엄청 했는데 엄청 실망 제 코드에는 아닌가봅니다 이도저도 아닌 짬뽕물같음 어줍잖게 반전으로 관객 마음 잡을라는거같음  ,2016-05-15 02:49:00
195,wkdd****,"후.,.,.,.,.  ",2016-05-12 00:19:00
196,뿌꾸(hiva****),이건 19세이상관라이다 절레절레...가족들끼리 서로 칼부림하는영화가15세라니..  ,2016-05-12 15:01:00
197,kind****,아ㅋㅋㅋ진짜 ㅋㅋㅋ평점쓸라고 여기까지 들어와보긴 처음이네요 어이가없어가지고 살수가없어요 미치겠어요  ,2016-05-12 00:46:00
198,박기훈(10bi****),절대보지마세요 스크린부시고나왔습니다  ,2016-05-12 04:22:00
199,개두마링(gp43****),진짜 ... 너무 별로에요... 복선 암시 다 좋아... 근데 결말을 잘 해놓던지 그냥 감독이 하고싶은거 다한듯 조잡함....  ,2016-05-11 23:53:00
200,ㅆㅐ(idon****),두시간 반동안 벽을 보는 것이 낫다.  ,2016-05-12 06:16:00
201,최(deva****),이 영화를 보고 해석하려는 사람은 뽀로로보면서 이것은 인류를 동물로 빗대어 사회를 표현한거라고 해석해야할급임. 그런식으로 해석하려면 못할 영화없음 억지로 해석말고 이 영화를 보면서 이해가 안된거는 영화를 허술하게 만든거니까 뭔가 있을거란 상상하지마요  ,2016-05-13 13:40:00
202,장광석(1004****),0점은 왜 없는거냐??어렵게만 만들면 그냥 무조건 작품성 뛰어난거임?이해도 전혀 안되고 황정민 팬티한장으로 그걸 다 이해하라는거냐??영화가 무슨 답이 전혀없어~ㅋㅋ  ,2016-05-12 06:01:00
203,jane(jane****),관람객끝나자마자 보러가자고 한 친구 멱살 잡았음.관객을 호구로 보는 감독에 화가 남  ,2016-05-14 23:28:00
204,빙봉빙봉(glgg****),열린결말이기보다는 이해가 안가고 기분나쁜영화.귀신도 좀비도 도깨비도 악마도 뭣도 애매한영화.배우들의 연기력이 엄청나게 대단한 영화.집갈때 무서운 영화.또 다시 꺼내보고 싶지않은 영화.  ,2016-05-12 00:19:00
205,방귀맨방국봉(bein****),반전의 반전에 반전을 억지로 우겨넣은 듯한 공포영화. 왜? 라는 질문없이 그냥 연출만 시켜 공포감만 자극시키는 영화는 솔직히 거부감만 든다. 차라리 팔로우가 더 무서웠다.  ,2016-05-12 05:19:00
206,구방미인(sunu****),관람객무서운거 조금이라도 싫어하시는 분은 절대 피하세요 큰일납니다 ㅜㅜ  ,2016-05-13 22:33:00
207,김철진(kimc****),관람객별로에요... 보기힘든영화  ,2016-05-16 02:01:00
208,똑바루쳐(sayp****),관람객보는 동안 공포로 인한 재미와 스릴은 있었으나 끝나고 느낌이 너무 안 좋았습니다.  ,2016-05-11 22:57:00
209,정욱맘(yks8****),관람객화가 난다??기대하던 내용이 아니다??결말도 기대에 미치지 못하고 헛웃음만 남음끝에 더내용이 나올줄 알았음?  ,2016-05-16 23:46:00
210,박영규(dksm****),별 이런 허접쓰레기를....  좀비나올때 기도안차서 헛 웃음나왔다 우째 결말은없고 시작과 끝이 똑같냐 노답영화  ,2016-05-12 15:21:00
211,화나치킨스(smal****),관람객좀 기분이 마이 드럽네 실망 스러움  ,2016-05-15 22:41:00
212,구토왕메시(mech****),이게 뭐야 정말 어처구니가 없네  ,2016-05-12 09:47:00
213,솔잎(namo****),관람객나참~~!!황정민씨가 이런 말도 안되는 영화를~???일본배우는 왜 섭외한 거임?좀비는 또 왜~~???  ,2016-05-16 22:20:00
214,김지희(kimj****),관람객보면서 좀답답하고 짜증낫음 괴성지르고 질질짜는것만기억남쓰레기장르  ,2016-05-15 21:24:00
215,poxm****,관람객후회막급인 영화 스토리...  뭘 전달하고자 하는건지?  단지.. 이야기 맞추기? 스토리 전개되는것도 한 사람만의 포커스로 지루함.. 주변인물등 받혀주는  인물부족..  ,2016-05-14 22:23:00
216,하늘사랑(lg53****),그냥 말도안되는 좀비 영화임 핵노잼  ,2016-05-12 15:24:00
217,체인지가이(kang****),관람객진심 재미 없다 ;;잔인하게 찍었다고 했는데 나만 졸린거야?  ,2016-05-15 03:43:00
218,에스더(dent****),"영화를 만드는 목적을 망각한 작품.그저 잔인하고 사악함, 불쾌감, 정신분열 등을 잘 포장된 해설과 높은 연기력이 접하지 말아야 할 것을 접하게 하는. . 게다가 15금으로 인해 피해 받는 청소년으로 인해 가슴아프다. 틀린 걸 다르다 라고 하는 시대  ",2016-05-12 17:04:00
219,getout(bjw2****),개연성 제로에 억지짜맞추기 15세관람가 치곤 쓸데없이 난발하는 잔인한 장면들 하나부터 열까지 감독의 의도가 도저히 이해가 안가는 영화다 보고나면 기분만 더러워짐  ,2016-05-12 01:01:00
220,렛서(123q****),키야 평론가들 국뽕오지구요  ,2016-05-12 10:02:00
221,밀크티(taeh****),"관람객진짜 시간 아깝습니다. 게다가 길기도 하고 지루하고  여자들, 심약하신 분  안보는게 좋습니다. 잔인하고   진짜 주변인들 본다하면 말리고 싶습니다.  그리고 마무리 뭐임 ???  별반개도 아깝습니다  ",2016-05-15 19:42:00
222,김성희(shki****),관람객호불호가 많이 나뉘는 영화라는데 저는 별로네요  정신만 사납고 ㅠㅠ 돈이 아까웠어요  ,2016-05-15 23:34:00
223,bowe****,"시간만 질질 끌다가 결말도 확실치 않고 정말 마지막에 짜증이 나서 극장에서 소리치고 싶었음. 원래 이런 후기나 평가 잘 안하지만, 오늘 만큼은 꼭 집에가서 후기를 쓰겠다 다짐을 하게 한 영화. 개인적이지만 내 인생 최악의 영화에 당당히 1위 등극!!  ",2016-05-12 02:40:00
224,건우맘(hyun****),관람객아 좀비영화인지 무슨 영화인지 몰랏네요긴장감을 주거든 끝까지 주던가 중간중간에 어이없이 웃길라고 하는데 분위기 깨지던데요  ,2016-05-13 23:32:00
225,김세희(sehe****),"관람객살은 영화에 날렸다.... 배우들은 찍으면서 이해가 됬나; 좀비엑소시스트골룸검은사제들...ㅋㅋㅋ 맘비우고보면 코미디, 볼수록 어이가 없음에 황당해서 웃음만 나옴.. 노답영화  ",2016-05-13 19:40:00
226,victorcha(chas****),관람객이것도 영화냐. 쓰레기다  ,2016-05-15 21:02:00
227,이성재(peac****),관람객보는 내내 내속에서 곡소리만 남  ,2016-05-15 16:27:00
228,awesome(twin****),평론가들은 영화 똥구녕으로 보나보다  ,2016-05-12 10:16:00
229,미존개굴이(dudd****),감독이 앞부분에 어이없는 개그소재 좀 넣고 관객의 긴장을 푼다음  이리저리 관객을 갖고 논 느낌이 난다. 영화가 매우 불친절 하다 영화내용의 개연성이 좀 떨어진다. 관객으로 하여금 내가 머리가 나빠서 이해를 못하는가? 이렇게 생각이 들게 한다.  ,2016-05-12 02:32:00
230,데이먼(damo****),큰 스크린으로 보기 싫은류의 잔인한 영화 ㅠㅠㅠ  ,2016-05-12 06:29:00
231,피루재(wlsk****),관람객영화관에서 보기 아깝고 집에서 보면 도중에 끌 영화평점 알바들 ㅗ  ,2016-05-13 20:49:00
232,김지은(rlaw****),황정민 처음으로 잘못고른 영화  ,2016-05-12 08:32:00
233,레라(fpfk****),평론가 평점보고 보러갔는데 진짜거지같네앞으로 이감독작품안봄 ㅅㄱ  ,2016-05-12 00:14:00
234,wuvs****,관람객전달하고자는 내용이 뭐예요?무섭고잔인한게 보고싶으면 안말림.중간에 웃기도 함.그게 아니면... 새드엔딩에 찜찜한 결말과 뭐야이영화?싶음 3시간가까이나 앉아서 봤는데...반전만 거듭하다 해결못해 무책임한결말이 가져온 찝찝함....중구난방..  ,2016-05-13 02:52:00
235,군중심리(mass****),아무리 영화가 좋아도 노동자인 스탭들을 막대하는 사람 작품은...  ,2016-05-12 04:17:00
236,vldv****,1점도 아깝습니다. 도대체 무슨이야기를 하고싶은건지? 스트레스받는영화. 지친일상에 스트레스 더 추가하고싶으신분들은 보시길  ,2016-05-12 02:18:00
237,드 니로(kuji****),"관람객존나 비싼장난감 들고 노는 손주나홍진 재롱에 박수치는 늙은할배 이동진, 한국영화 질 떨어진다.  ",2016-05-20 23:05:00
238,kka9****,와진짜 24년살면서 첨이런거쓰게만든다 진짜 이런게 영화냐 보다가암걸려서 죽을뻔했다 황정민어그로영화다  ,2016-05-12 02:50:00
239,진블리(jin_****),관람객보지마세요.. 보는 내내 잔인하기만하고 스트레스 받아요. 제 남자친구는 결말 스포 당하고 봤는데도 이해가 안간데요..  ,2016-05-13 22:41:00
240,민트(jmj7****),"주가 한창 높은 탑배우를 방패로 내세운 B급 오컬트 좀비영화. 막상 뚜껑 열어보니 그 안에는 좀비, 식인, 피부병, 피범벅뿐.  ",2016-05-12 15:19:00
241,스케치(jiah****),관람객퇴마를 빙자한 최악의 고어 좀비물기분더럽다 진짜..  ,2016-05-16 23:43:00
242,bcat****,곡성 안본눈 삽니다 값은 후하게 쳐드릴께 나홍진 out  ,2016-05-12 10:37:00
243,th03****,진짜 사람싸이코만드는영화임 정신병생길거같다 대체 무슨생각으로만든영활까 진짜기대했는데 기대에못미치는정도를넘어서서 충격적이다 보지마세요 진짜진심인데 홍길동진짜재밌음  ,2016-05-12 01:51:00
244,ksy3****,내가 진짜 영화보고 이렇게 화난적은 진심으로 첨이다 평점이렇게 진지하게 써보는것도 첨이고 진짜 시간아까운영화다 왠만하면 이렇게 비평안하고 다 평타이상가는데 영화 진짜 이건보지마라 10점줘서 니들보게하고싶엇는데 진짜 양심이 그것마저 말려버린다  ,2016-05-11 23:31:00
245,craz****,나홍진은 그냥 있는 살인사건이나 갖다 각색해라 괜히 씨알도안먹힐 창작하지말고 이게 뭐냐 도대체 삐급 좀비물을 만들랬던건지 의미없는 씬들만 잔득 쳐넣어서 런닝타임만 겁나 늘려노면 장땡이냐  ,2016-05-12 08:44:00
246,tokh****,"관람객제가 본 영화중, 최악의 영화였음보는 내내 역겹고, 불편한 상태만 지속되다니...주제도 모르겠고, 감독이 말하고자 하는 내용도 파악하기 어렵고, 정말 불쾌한 영화였슴이런 영화는 만들지도 보지도 말 것을 말씀드립니다  ",2016-05-15 07:45:00
247,사막거북이(djhf****),관람객지금봤고...평점매기려고 접속했다...영화사에서 조작질한 알바가 존재한다는걸 알았고...영화는 내 평생 본 한국영화중...가장재미없는 세손가락에 꼽는다...황정민연기??  웃음밖에 안나온다...20분살짝 출연해고 무슨 ㅉㅉ 한마디로 쓰레기영화..  ,2016-05-11 23:33:00
248,자칼(asdf****),"여자친구와돌아오는길에창문밖으로실제로토했습니다.여자친구가괜시리짜증을내기시작하고서로감정이조금예민하게나빠진듯싶었어요.한마디로정의하면보지마세요.관객을그저가볍게여긴거같다는생각만들었어요.전혀교훈,여운도없고기분만나쁩니다.마지막에엔딩크레딧을보면다들제말을이해하실겁니다  ",2016-05-12 03:10:00
249,song****,황정민 연기는 좋음..그 외에는 악몽만 선사.껍데기  ,2016-05-12 01:01:00
250,dPdP7946(yuns****),낚였다낚였다 평점좋다한사람들은 이유좀알려줬으면 좋겠다 보면서 결말을 어떻게 하려고 이럴까 생각은했지만 이렇게 찝찝하고 거지같은 결말로 끝낸거에 진심으로 화가난다  그냥 진짜 미스테리영화  ,2016-05-12 01:00:00
251,인간이다(yunh****),진짜쓰레기영화보지마라돈아깝다  ,2016-05-11 21:07:00
252,장재영(keps****),진짜 진심으로 엄청기대했는데 퇴근하자말자 예매하고바로본영화인대 대체 좀비물도아니고 귀신도아니면서 악마는갑자기뭔말이고 결말도이상하게끝나는 2시간20분동안 좀비 악마 귀신 다볼수있는아주신기한영화입니다 그리고 황정민은 캐릭터가 마지막에 악마였다이말입니까?  ,2016-05-12 10:13:00
253,예지의신(jys8****),알바들 답글때문에 평점 1줬음ㅋㅋ  ,2016-05-11 18:52:00
254,트래블러(hela****),언플에 낚였어... 미국 좀비는 머리 찍으면 죽기라도 하지  ,2016-05-12 20:17:00
255,별지기(wkdw****),관람객... 엑소시스트 + 좀비 입니까?! 그런거였어요?!!  ,2016-05-17 21:41:00
256,예쁜손(mode****),"등장인물에 좀비,골룸,무당,한국귀신,일본잡귀 이렇게 나옴. 이것저것 다 나오는데스토리 모르겠음.아무것도 남지 않는 영화.황정민은 연기 잘함  ",2016-05-12 13:54:00
257,타노(abne****),"답답함과 불쾌함, 의문증을 즐길수 있다면 이영화는 정말 훌륭하다  ",2016-05-12 06:34:00
258,zzmmzmtha(hway****),진짜 이건 뭐지 계속 이러면서 영화봤습니다  ,2016-05-12 00:20:00
259,limare(mayb****),헐‥ 진짜 알바가 있나봄‥‥ 지루해요 평점 조절위해 1점 드립니다  ,2016-05-12 01:43:00
260,쫀쫀이(lees****),어떻게 이게 15세냐? 애들 못본다.  정신이있냐없냐?영화도 이게뭔가? 찝찝한결말. 이해가안되요. 생가보다별로네!배우들한테 묻어가기위한 연출이었으나 실패! 돈아까워요  ,2016-05-12 08:37:00
261,whrl****,평점 짜게주기로 소문난 평론가들 평점이 8.56인데 평점준 평론가9명 전부 씨네21 소속... 이것저것 싸지른건 많은데 뒷처리를 안한 영화. 개연성도 너무 떨어지고... 최근에 본 한국 영화중 최악.  ,2016-05-12 10:07:00
262,초록코피(wjdt****),너무나도 긴 러닝타임에 비해 으음..  ,2016-05-11 20:57:00
263,안티푸라민(stat****),관람객최악임.. 취향타는 영화  ,2016-05-15 04:19:00
264,카페쓰아다(sup4****),CGV 왕십리점 16.5.11(수) 21:25~00:11방금 본 생생한 후기입니다.정말 답없는 영화 좀비에 호러물임 진짜 10점짜리 다 알바인듯 좀비물 하 돈 존나 아깝다 군인이라서 6000원으로 봤는데 너무 아깝다  ,2016-05-12 00:25:00
265,Sarah(obli****),관람후기 장르 : 공포물귀신쓰였다고 가족 살해 하는 영화이게 재밌다고?? 난 후반부로 갈수록 불쾌할뿐 내인생에 기분 더러운 역대급 영화연기력은 좋았다 그렇기에 더 기분이 나빴다  ,2016-05-11 22:26:00
266,멋진썬(nars****),영화 관계자나 감독팬이거나 영화좀 아는척 하는 거 좋아하는사람들이나 좋아할 영화.  ,2016-05-13 13:50:00
267,joon****,"스토리도 앞도뒤도없고 연결도 안되고, 머리에 괭이꽂고 날뛰는 어설픈 좀비출연까지 나오는 만화같은 장면에 죽었다 살아났다 온통 깨는 장면에 최악의 한국영화...절대 절대 본인아이큐가 150 안넘는다 판단되면 관람비추임  ",2016-05-12 12:08:00
268,ceei****,"야 감독이  개#$#$ 짜증나게 하네  영화는  움직이는 이야기다  근데 이야기의 흐름이 없다.  여러 물줄기가 하나를 이루어 바다를 만들어야 되는데, 이건  그냥 청계천임. 돈만 줘 퍼붓고 똥물에 발담그는 시민과 같지  ",2016-05-12 06:27:00
269,psal****,러닝타임에 비해 지루하진 않았는데내용이 진짜...관객을 끝까지 낚으려고 한건 성공인데스토리고 인물이고 개연성이고 나발이고 다 갖다버림ㅋㅋ게다가 중간에 좀비신은 진짜 웃겨서 웃음 나옴 ㅋㅋㅋㅋ 차라리 그건 빼지ㅠㅠ  ,2016-05-12 00:51:00
270,psde****,쓰레기 영화입니다 절대 보지마세요  ,2016-05-13 13:55:00
271,브라운s(lsml****),별1도 아까운영화 돈아깝고.시간아깝고.보는 내눈도 아깝다 대체뭘 말하는건지.. 반전도 아닌반전을 계속하고 진심 내지인들은 다 말리고싶다  ,2016-05-12 02:15:00
272,일산남이(wkeh****),무슨 결론이 이따위냐??  몰입해서 보면 모하냐 어이업고 돈아깝고 내가 살면서 영화보고 이렇게 짜증나는 적이 처음이네 ....그래서 귀신이 누군데?? 이해할수가 없다 ㅋㅋㅋㅋ 이딴거보고 10점씩 주는애들은 머지 진짜 ?  ,2016-05-12 00:42:00
273,햇님(1420****),관람객초반부 진심 너무 쩔었음  근데 황정민 나오고 부터 점점 ㅋㅋㅋ B급 영화로 떨어짐 ㅋㅋㅋㅋ 주변사람들한테 추천 안할꺼고 다시는 안보고싶음  ,2016-05-15 21:18:00
274,FeelJay(sean****),와 박평식이 7점 줬다는게 안믿기네 ㅋ이런 졸작을?  ,2016-05-12 08:28:00
275,전티브(junk****),관람객노이즈 마케팅으로 홍보하는거같은데 어린애가 가족 죽이고 이런영화  최악이야.  ,2016-05-17 09:29:00
276,네이부(hjyw****),평론가 놈들은 일반 관객들 생각은 안한다 이게 뭐가 그리 대단한작품인지 전혀 모르겟다 ㅋㅋㅋㅋ 존나 재미없다 기분만 더러움  ,2016-05-12 09:57:00
277,hojo****,연기는 좋았는데..내용에 유기성이 없어요 다 따로 놀음검은사제+추리물+좀비 암튼 잡다하게 다 따로놀음  캐릭터 특성도 없음  ,2016-05-11 21:03:00
278,이상호(lees****),관람객별로임별로임별로임별로임  ,2016-05-16 09:00:00
279,신현민(nice****),관람객절대 현혹되지 마쇼 그 놈도 한 패요  ,2016-05-11 22:41:00
280,abc(namm****),관람객평론가들은 재미있을지 모르지만 관객들은 아닐수 있다.  ,2016-05-12 00:00:00
281,이스코(polw****),"영화는 책과 다를거 없다 관객, 독자에게 감독의 생각과 말하고 싶은점을 담는것이다. 하지만 이 영화는 감독이 무엇을 이야기하고 싶은지, 또 어떠한 시각으로 바라봐주길 원하는지 모르겠다. 굳이 말하자면 호러분위기 조성하는 방법만 보여준거 같다.  ",2016-05-12 02:54:00
282,강슈(ksy9****),이건 뭐 고어+좀비+엑소시스트+살인 등등 자극적인건 다나와서솔직히 역겹고 설정도 웃기다ㅋㅋㅋ스포여서 제대로 안말하지만 마지막쯤 일본인 장면보고 일본b급요괴영환줄앗았음...ㅋㅋㅋ다들 웃었음 배우들 연기는 정말 대단햇다 특히 김환희라는 아역배우...!  ,2016-05-11 23:51:00
283,yoon0(y_oo****),관람객그래서무슨내용인지모르겠음  ,2016-05-15 23:28:00
284,하하(aaro****),여기 10점주는 알바생 티난다 진심ㅋㅋ취향이고 뭐고를 떠나서 10점은 말이 안된다큰 반전을 노리기 위해 관객들에게 의문점을 주지만 결국 감당하지 못해 급하게 마무리한 영화.장르를 떠나 내용상 사건의 연계가 모두 따로논다. 아마추어 판타지소설 수준  ,2016-05-12 15:04:00
285,뽀루(bbor****),살인의 추억에 발톱에 때! 만도 못한 영화. 팝콘 잘 먹고 갑니다.  ,2016-05-12 06:24:00
286,배꼽파죠(ygj8****),별한개말고 폭팔 헛수고 땅구멍 뭐이런평점없습니까?살다살다 영화평점이란거 처음남깁니다영화줄거리는 감독님의 에라모르겠다  ,2016-05-12 05:51:00
287,레드미트(csb1****),관람객도대체가 뭘 말하는지 모르겠음....영화를 보구 나온사람들 이게 뭐야?  ,2016-05-17 20:52:00
288,오한얼(gksd****),관람객보고나면 나올때 웃는영화  ,2016-05-11 23:27:00
289,snhu****,평론가 점수보소 이런 개 싸이코 영화를  ,2016-05-13 13:55:00
290,감자(dand****),아무내용도 없이 정신만 피폐하게 만들었음 도대체 평점은 왜저렇게 높은건지 이해할수 없는 영화;  ,2016-05-12 17:05:00
291,Ukbro(sunh****),평점은6 정도 헌데 지금 알바들이 너무 높여놔서 .. 중간까지는 볼만햇는데 가면 갈수록 진지헌 장면에서도 사람들이 웃음. 왜?? 어이없고 상황이맞질않아서... 딱 유리병 주둥이에 날계란 억지로 깨 넣는느낌  ,2016-05-12 02:24:00
292,min8****,관람객뭔 내용이래?  기승전결도 없고 그냥   끝나  ,2016-05-15 03:16:00
293,홍괴(qkrw****),여기에 별점 10점 주는 사람들 이해안가네..호불호는 개뿔.. 장난 똥때리나..영화끝나고 욕하면서 화장실들어갔더니 온갖 썅욕 난무하고있고 같이 욕하면서 말트고 인사까지 하고 나왔네 별점0점은 왜없나  ,2016-05-13 00:22:00
294,애교만쩜(love****),관람객이건 뭐 좀비도 아니고 호러도 아니고 코메디도 아니고 진심 왜만들었나 싶은?  ,2016-05-14 21:42:00
295,ddmm****,"관람객그냥 ??뭐??나원참? 이런 느낌,?  ",2016-05-14 23:52:00
296,kyg(ymi3****),관람객매주 영화보러 가는 취미를 가진 16세 아들이 오늘 이 영화보고와서 잔인하고 무섭고 끔찍하고 난해해서 다시 영화보러 가는것조차 싫어졌다고ㅜㅜ대체 이게 왜 15세냐구요ㅜㅜ잔인함의 극치ㅡㅡㅡ  ,2016-05-14 21:01:00
297,sby0****,관람객이거볼시간에 유서를 쓰겠음쓸데없이 길고 재미없음  ,2016-05-15 23:11:00
298,김숙희(happ****),관람객내용이 너무 허접합니다  ,2016-05-16 02:21:00
299,good****,"와. 오랜만에 영화 끝나고 욕하긴 처음. 감동, 재미, 공포도 없고. 진짜 딸이 9할 한 영화. 황정민 왜 나왔냐.  ",2016-05-20 01:05:00
300,아지라엘(bomn****),지루하고 찝찝하고 언제 끝나나 기다리는 영화  ,2016-05-12 10:38:00
301,park(free****),보면후회하는영화 다시는안봄  ,2016-05-12 01:46:00
302,잭니콜슨(shor****),곡성의 언론 시사회 이후 나홍진은 이미 신격화되어 있었고 관객들이 평론가들 눈치 보는 상황에 다다름. 혼란스러운 걸 혼란스럽다고 왜 말을 못하나? 이젠 영화까지 주입식 교육인가? 그리고 이 영화가 영잘알/영알못 가르는 기준은 절대 아니라고 생각함ㅋ  ,2016-05-11 22:40:00
303,pan4****,관람객스릴러로 포장한 오컬트. 종반부는 특별했지만 소문만큼 엄청난 것인지는 잘...  ,2016-05-12 08:34:00
304,제대로(byun****),관람객개인적으로 별로....  ,2016-05-15 18:33:00
305,삼촌(idis****),"지금 평점 10점 주는 이들 클릭해보면 대부분이 이 영화만을 평해놨다. 평생에 이 영화만 본 것도 아닐것이요, 네이버 아이디 만들자마자 본 영화가 이 영화일 확률도 크진 않을 진데, 이건 무엇을 의미하는 것일까?  ",2016-05-13 12:43:00
306,seca****,개연성 부족.감독이 의도하는 바를 너무 비틀어서 꼬고 또 꼬아만든 영화.장르도 이해할 수 없고 시사하는 바는 알겠으나 조잡함에 헛웃음만.. 배우가 아까움.  ,2016-05-12 08:25:00
307,가면놀이(hjk2****),관람객반전도 없고 그냥 의문만 준채 무난히 끝나는데 결말까지 더러운영화 열린결말은 좋지만 스토리가 진행하는데 왜라는 의문을 풀어주지않음  ,2016-05-15 20:59:00
308,kism****,답도없다 ㅋㅋㅋ 관객들 속여먹으니까느재밋나보네 ㅋㅋ  ,2016-05-11 23:57:00
309,die4****,아..  뭐냐 이거   ㅋ 뭔영화야 이게  ㅋㅋㅋ  그래서  귀신은 누구란 거야  ???   ㅋㅋㅋ 누가범인이고 ㅋㅋ 아무 결말없이 끝내버리네 ㅋㅋㅋ  ,2016-05-11 23:28:00
310,minj****,관람객최악의 쓰레기영화 !!!!알바 아니고서야 이런영화흘 10점준다니  ,2016-05-15 17:49:00
311,puru****,관람객네이버페이 500원을 위해 쓴다  ,2016-05-15 23:32:00
312,돌쇠(kimd****),곡소리나게 어거지만 부린다  ,2016-05-12 05:23:00
313,hellyea(nyfo****),이건 아님. 솔직히 황정민 굿들린 연기하나만 정말 인정... 내용이 전혀...  ,2016-05-12 04:53:00
314,떠들지야(sch7****),"평점은 난생처음 남겨봄 한마디로 9900원 런치뷔페같은 영화차려놓은건 많은데 딱히 맛있지도 않고 중간중간 어이없는 개그요소, 관객 배려없는 개연성없는 좀비출현(끝까지 왜 좀비가 나오는지 설명 안해줌) 끝에가면 흥미진진해지긴 하는데 딱 삼류영화 수준  ",2016-05-12 06:26:00
315,맨유0_4MK돈스(yhmh****),영화좀 안다는 OO들이 곡성 재미없다고 하면 개 OO을 하더라. 별 하다하다 영화부심 부리는 또라이들은 처음봄 OOOO들. 한번보고 딱 잊어야지 할일이 없는 백수니까 영화보고 계속 생각이나하는거지.  ,2016-05-12 09:53:00
316,이미래(dore****),관람객남자친구랑 둘이 덜덜 떨면서봄. 야한 장면 없어서 15금인거 같은데 따지자면 25금은 할듯 진심 정서적으로 좀 안좋은 영화 같아요 심지어 남자친구는 꿈에서도 나옴. 저도 이거 보고 무서워서 화장실도 못갔어요 튀어나올까봐.  ,2016-05-16 00:51:00
317,육실헐(meee****),관람객쓰레기영화 돈주고 정신적스트레스를 샀다  ,2016-05-22 01:05:00
318,수비(wg31****),꼭봐라 나만 당할수 없다  ,2016-05-12 13:58:00
319,탓탓이(xdsl****),평론가 평점 믿지 말아라  ,2016-05-12 07:59:00
320,고래사냥(skyw****),좀비가나오는장면어이없음 해석을요한다는감독에주장도개짜증시간아까워  ,2016-05-12 05:15:00
321,호킨슨(zzzz****),도깨비영화 보려고 2시간36분봄 아주평범한 한국식 엑소시스트 평론가 평점 보소 ㅋㅋ  ㅋㅋ 에라이 일본늠들아  ,2016-05-12 00:29:00
322,라임이아예뽀(wldh****),이걸 왜보러간건지 모르겠어요 곽도원씨 연기때문에 1점 드려요..  ,2016-05-12 00:11:00
323,Jung_Ah(juuj****),정말 보고싶다면 공짜표로 보세요..  ,2016-05-11 23:11:00
324,겨자오빠(hk54****),관람객할말이없다..아...  ,2016-05-15 19:45:00
325,강지석(nice****),"관람객범인에 대한 개연성도 부족, 일부로 관객을 헷갈리게 만듦.곽객을 모독하는 영화. 보고나면 기분이 안좋아지는 영화  ",2016-05-15 13:02:00
326,skql****,"보고나서 남친이랑 나랑 동시에 한 말은 ""그래서 뭘 말하고 싶은거야 이게뭐야""  ",2016-05-13 18:06:00
327,gourmet(choo****),도대체 이 영화에 저렇게 높은 점수를 주는 평론가라는 작자들은 뭐지? 이걸  영화라구...  ,2016-05-12 16:37:00
328,junh****,클로버필드 10번가를 본 후 트렌드는 장르 경계 파괴와 관객 기대를 반전시키는 감독의 뒷통수때리기 같다  나감독이 무엇을 시도했는지 이해간다 하지만 극 중반까지 무려하고 중반부터 몰아치지만 기존 문법과 색깔 비슷하다 중반까지 잼없고 중반 이후부턴 잔인  ,2016-05-12 00:16:00
329,새벽(gump****),솔까 내용 절반이상 이해한다쳐도 전달하고자 하는게 무엇인지 정확히 이해하는 사람 몇 있어여? 마지막까지 관객 낚는거 말고 일부러 내용으로 낚으면 그게 과연 대단하다고 해야 하는것인가 ??  ,2016-05-11 21:31:00
330,iris****,"한국 영화의 답답한 부분이 이런 것임. 미국 영화 같았어봐... 일본인 용의자 만난 그 순간 수갑채우고 FBI로 처넘기지... 좀비 만났을 때 총을 좀 쏘던가;; 영화 초반에 경찰이 총 챙기더만, 왜 안쓰고 죽창이나 휘두르는지..ㅉㅉ  ",2016-05-12 20:18:00
331,슈테판기슬렁(socc****),언플작살나게해삿드만 페북에서ㅋㅋㅋㅋ이딴걸영화라고만들엇나  ,2016-05-12 15:48:00
332,오쿠(orcm****),평론가들은 뭘 봤던걸까?  ,2016-05-12 15:27:00
333,이이이이이이잉(10ur****),먼말인지 하나도 모르겠는데....궁금한건 하나도 안알려주고....감독혼자 OO마이웨이인영화....나홍진영화 다신안볼듯!!!  ,2016-05-12 15:25:00
334,이별(lcy6****),페북에서 난리난 것과 다르게 기대이하  ,2016-05-12 15:21:00
335,heum****,필름 전부 모아서 불태워라  ,2016-05-12 12:31:00
336,cnm1****,일단 15세는 아닌거같은데~~ 그리고 너무 어린 아이한테 살아가기 무거운 역활을 하게한건 아닌가?호불호가 있는 영화일거같네요  ,2016-05-12 10:31:00
337,율리시스(mast****),"여러가지 지나치게 엮어놓은 2시간 46분짜리 짜증났다.. 초중반까지는 괜찮나 싶었지만 중후반부터 아주 감독 자뻑의 세계로 빠져든다... 소환도 하고 아주 신이났음..  곽도원, 꼬마아이, 황정민등 배우들이 OOO기로 그나마 겨우겨우 살려놓은 영화..  ",2016-05-12 09:42:00
338,박형국(rko2****),황정민? 기대하지마셈 메인아니면 믿고보면안된다는걸 깨닫게해줌  ,2016-05-12 01:18:00
339,꽃쿠미(jjwt****),"그들만의 리그냐 나는 돌머리새끼라서긍가 1도이해안되고 보고나와서 멍했음 짜증, 멘붕, 궁금, 이해안됨이 한번에몰려와서 다시는 개봉첫째날에 가지말이야겟다고 다짐함. 풀이집같은거 없나  ",2016-05-12 00:59:00
340,사선(topm****),진지한 척 하는 코미디가 엑소시스트로 간다음 우주로 가버린다  ,2016-05-12 16:55:00
341,레몬(zppx****),이동진 뭐 10점이라고? ㅋㅋㅋㅋ 이게 무슨 10점? 걍 무섭지도 않고 스토리는 진부하며 감독의 의도도 1차원적 자뻑에 불과함. 관객낚시한것만으로 높게 평가받아야할 이유가 있을까? 6점주려다가 10점평들보고 1점준다 ^^  ,2016-05-12 15:44:00
342,국가공인(hsun****),짬짜면은 맛있기라도 하지...으휴...감독 스펙보고 먹었다가 중간에 계속 뱉고 싶었다  ,2016-05-12 09:25:00
343,몽상가(hate****),정말이걸 왜본거지..  ,2016-05-12 02:38:00
344,cswh****,그래서 그사람은 벼락은 왜맞았고 황정민 정체는 뭔데?ㅋㅋ  ,2016-05-12 01:00:00
345,라이코우(xlyc****),관람객부모님 두분에게 보여드렸다가 욕만 엄청 얻어먹었네요 뭐 이딴 영화가 다있냐고 지금도 계속 저한테 뭐라 뭐라 하시는데 참 아들로서 할말이 없네요  ,2016-05-16 17:12:00
346,이송자(dlrl****),제발 날믿어 보지말아야해..  ,2016-05-12 15:58:00
347,Glanz(doyu****),별롭니다 이동진 믿지마세요  ,2016-05-12 10:31:00
348,shua****,"영화내내 비명소리, 눈 뒤집힘, 두드러기, 피 이런것만 나오다 결국 결론도 이상하게 끝난다..사람들도 일어나면서 짜증난다고 하고..안믿기면 영화관에서 끝나고 나가는 사람들 한번만 보시길.. 나도 진짜 태어나서 처음 평점 올린다..열받아서..  ",2016-05-12 13:14:00
349,이요르(debi****),이런 영화는 이제 그만....  ,2016-05-12 01:10:00
350,ihj9****,도대체가 뭔지...엑소시스트처럼 만들고싶엇나요  ,2016-05-12 01:02:00
351,까꿍맘(elwk****),돈이 아까워..곡을 하게 만들 영화..그래서 쫄딱 망해 곡소리 나올 영화..결말 뭐임? 내가 이해력이 떨어졌나보다..피 잔치 영화가 15세 등급이라니 울 애들 못 보여줌  ,2016-05-11 23:13:00
352,pse0****,관람객뭘 말하려는지는 알겠는데 꼬다꼬다 꽈배기가 될뻔  ,2016-05-14 01:13:00
353,ddddddddd(thgm****),알바를 많이 쓴듯요..^^  ,2016-05-12 15:32:00
354,by(beew****),관람객최악입니다 너무 무서워요  ,2016-05-17 22:46:00
355,이동준(alli****),관람객뭐가뭔지모르겟고 겁나 지루하다  ,2016-05-16 21:00:00
356,김유경(kimy****),관람객영화 이상함....왜 평좀 높은건지 몰겟음..돈 아까움 진심..자증  ,2016-05-15 15:29:00
357,Novo(sgh3****),결론도 없고 보면 찝찝합만 남는 영화  ,2016-05-12 04:19:00
358,4205****,배우들 연기 때문에 3점 줍니다그 외는 그닥...  ,2016-05-12 00:00:00
359,jjjmmmcccc(choi****),괜히 봄. 보고나서 지울 수 없는 찝찝함. 몰입은 되지만 결말이 영.. 아니올시다  ,2016-05-11 23:59:00
360,배작(baej****),관람객뭘 볼 수 있게 만들어야지...  ,2016-05-17 21:31:00
361,토깽이님(ksy8****),관람객처음으로글남겨보는데 노잼ㅋㅋ 너무기대를많이한듯..  좀비씬은 진짜 개황당ㅋㅋ  ,2016-05-15 01:32:00
362,dpwl****,관람객뭐 이런것도 영화라고.. 내 휴일을 ㅡㅡ  ,2016-05-12 17:41:00
363,umhy****,관람객별점 한개도 아까움...  ,2016-05-15 23:51:00
364,marl****,관람객애매모호하다. 황정민은 특별출연인듯  ,2016-05-15 02:01:00
365,킹(choc****),심야봤어요.잘만 만들면 웰메이드될 소재를가지고 흉흉한 기사 판치는 요즘 피칠갑만 잔뜩들어있는 영화를 만들어야겠는지...굿판비용 천만원같은 내 만원ㅠ추격자 한편으로 두번 속았지만 담부턴 세번째는 안속을것임 ㅠ영화보고 스트레스 잘 받는 분들은 보지말길  ,2016-05-12 05:54:00
366,05011218(kie0****),아진짜...영화만드느라 수고하셨습니다그런데 제가 영화보고 재미없어서 짜증났던적은 많아도 기분이 나쁜건 처음이네요...  ,2016-05-12 04:40:00
367,강윤창(yunc****),관람객??? 뭐지이거? ㅋㅋㅋㅋ  ,2016-05-15 02:02:00
368,오에(zzdi****),관람객난해하고 좀비는 좀 불편했던 영화. 중간 중간 지루하기도 했다.  ,2016-05-13 18:12:00
369,백곰(ambi****),관람객이건 뭐 스토리는 발로 쓴것보다 못하다. 감독이 지 꼴리는데로 갖다쓴 난잡한 구성에 좋다고 의미를 부여하고 앉았으니.. 사건 전개에 개연성이 없으면 연기든 영상미든 반전이든 다 필요없다. 붕어빵에 팥이 없는거다. 평점 1점도 아깝다.  ,2016-05-15 21:44:00
370,woei****,관람객밥상에 밥과 반찬은 많은데 맛있는게없다 ^_^  ,2016-05-13 19:24:00
371,NU(samg****),"제기준이지만, 평점이 높은거 같아서 1점주고갑니다.감독이 코메디라구 만들었다던데...좀비나올때 정말 코메딘줄 알았습니다..  ",2016-05-12 16:44:00
372,bumk****,관람객완전히 속아서 본 영화중 가장 찝찝한 결론도 모르겠는 영화.  ,2016-05-22 22:17:00
373,mins****,관람객나만 당할수 없다 영화끝나면 탄식이 쏟아짐  ,2016-05-15 21:44:00
374,이대표(migh****),정말 더럽고 찝찝한영화 진심으로 얘기합니다 보지마세요.  ,2016-05-15 03:46:00
375,bosc****,반짝반짝 빛나던 나홍진도 맛이가네요. 공포영화가 신선하지도 않고 무엇보다 무섭지도 않고 영화내내 감독이 건방을 떨고 있다는 느낌이 강하게 들어서 어느순간 열연하는 배우들의 연기가 어색해보이기 시작합니다. 황해를 만든 나홍진 감독 작품이라는게 신기함  ,2016-05-13 02:15:00
376,dong****,보고 욕나옴. 앞뒤없는 싸이코 영화. 다신 나홍진영화 안본다.  ,2016-05-12 13:06:00
377,김가현(ghye****),겁나 .... 여기 나오신 일본배우분 일본가서 한국 이딴영화만든다고 말할거같음ㅋㅋㅋ진짜 훈도시만입고 짐승처럼 연기하신거 너무 안쓰러웟음...  ,2016-05-12 01:37:00
378,cym7****,보지마세요 그냥 너무 괴롭고 감독이 말하고자 하는게 안나옴  ,2016-05-11 23:59:00
379,cjshpark(cjsh****),최소한의  관객에대한 배려가 없는너무 막나간 시나리오?그래서?  무엇을 말하려는데?너무 한심하다  ,2016-05-13 23:52:00
380,달콩혜(bbui****),범죄영화인줄 알고 볼 사람 보지마세요 범죄영화아닙니다ㅋ  이영화때문에 가보지도 않은 곡성 싫어짐ㅋㅋㅋ  ,2016-05-12 17:07:00
381,다이맨(dand****),관람객영화시간 대략 3시간 . . 졸렷다. .    끝부분  찝찝하게 마무리  ,2016-05-15 23:55:00
382,안미림(mili****),심야영화보고왔습니다. 언론과 광고에 속은느낌입니다. 개연성없는 엽기호러좀비물입니다... 보면 몇일 잠못자요 고어물 좋아하는 분들만 보셔요  ,2016-05-12 01:56:00
383,축복아빠(roma****),평점 처음 써봅니다절대 보지 마세요  ,2016-05-11 23:34:00
384,ques****,감독이 귀신 씌여서 만든영화  ,2016-05-12 02:36:00
385,제니우스(taes****),"하고픈말이 몬지 그냥 모호하게 늘어놓고그럴싸한 분위기를 만들고자공들인 장소, 소품, 배우들의 열정이 아깝네요다 좋은데 각본과 감독만 에러네요2시간 반을 잃어버려서 곡소리만 납니다...  ",2016-05-12 02:04:00
386,myai****,정신 건강 안좋아요. 학생들 절대 보지마세요.  ,2016-05-11 23:25:00
387,ch31****,관람객진짜 더럽고 불쾌합니다  ,2016-05-15 14:05:00
388,퓨어라잎(mink****),스토리 오지게 하려고 떡밥 엄청깔고 반전에반전에반전 만들려다가 걍 어떤 내용이 옳든 중간에 나온 내용으로 반박할수있는..설명불가능. 배우들 연기는 괜찮지만 개 망 영화 보고 열시간토론해보셈 그래도 매듭못짓는다 ㄹㅇ개ㅆㄹㄱ영화 보셈 강추  ,2016-05-12 04:02:00
389,Wook(wook****),관람객음... 정신 사나운 영화다.  ,2016-05-19 00:55:00
390,베프(dlek****),관람객시청자 우롱했단 생각밖에 안드네요. 첫장면서 보여준 성경이야기를 모토로 삼았다면 영화 내용을 보다 세심하게 구성했어야 하고 어리버리 어중이 떠중이들의 연기 내용들이 영화를 망쳐버렸네요. 그나마 황정민의 연기가 위안을  주네요.  ,2016-05-17 23:56:00
391,didg****,관람객도대체이건뭔가요...  ,2016-05-12 21:05:00
392,khyh****,관람객진짜 왠만하면 보지마세요  보고나면 정신적으로도 찜찜하고 더럽고 토나와요.... 진짜 최악  ,2016-05-12 23:56:00
393,kyg8****,간만에 진짜 거지같은 영화 봤네. 쓰레기영화의 끝을 보여준다  ,2016-05-12 20:18:00
394,gx33****,그냥 개연성없는 좀비물  ,2016-05-12 20:23:00
395,흩날림(hska****),의도는 이해했지만 불쾌했다  ,2016-05-19 02:02:00
396,Riple(ripl****),개연성 없고 속으라고 함정만 잔뜩 파놨어요.뒤에서 웃고있을거같아요 감독이 짱시름놀림받는거 좋아하는분 보세요  ,2016-05-19 03:21:00
397,goxo****,ㅋㅋ내돈...죤나...  ,2016-05-12 08:37:00
398,joon****,찝찝하다그냥 쓰레기라 평하리  ,2016-05-12 02:13:00
399,겔고리(assq****),관람객똥을 싸는데 나올듯 나올듯.. 결국 다싸고 나왓는데 시원하지 않네..  ,2016-05-12 07:29:00
400,musa****,귀신 좀비 살인자 버섯중독자 사진작가의 싸움  ,2016-05-13 18:10:00
401,박하(man0****),꼭 봐라. 너도 당해봐라. 무슨 뜻인지 알지?  ㅋㅋ  ,2016-05-13 19:30:00
402,이빨(kook****),관람객무척이나 실망스러운 영화임.하지만 전반적인 스토리 연결과 각각의 사건과 플롯이 전체 스토리와 어떤 연관성을 가지고 있는지 이해하기 난해합니다. 극적인 반전성을 고려하여 함 케리터에 두 개 이상의 모습을 넣는데 이것 또한 내용 이해에 혼선을 두고요  ,2016-05-15 21:58:00
403,개모(dbsd****),관람객솔직히 무슨내용인지 이해가 잘안가요  ,2016-05-14 23:38:00
404,dth0****,낚시 영화 인가요..? 영화에 임팩트가 없네요..이 영화의 주연으로 황정민 천우희를 내세우기엔 분량도 넘 적고 내용적으로 저급한 영화가 아닐까 하는..의구심이 막 아주 막 드네요!!!  ,2016-05-12 15:02:00
405,뮤솔리니(abau****),누가봐도 19센데 관객 한명이라더 더받을라고 15세 야비하다  ,2016-05-12 11:44:00
406,dlcl****,감독 좀 이상함 만들어내는 모든 영화마다 살인에 집착함;; 영화를 자기 분풀이대상으로 여기는건지.. 이 영화 보고나서 느낀점 : 우리나라 진짜 영화 못만든다  ,2016-05-12 15:50:00
407,은영(euny****),절대절대절대 진심으로 보지마세요.정신건강 쓰래기됨  ,2016-05-12 02:34:00
408,김지은(mnan****),"좀비, 악마, 귀신, 빙의, 무당, 엑소시스트, 시체, 잔인함의 극치 이건 공포호러물이고 19세임 그리고 긴장감과 연기는좋으나 내용이 없음  ",2016-05-12 02:31:00
409,pjr7****,일단 스릴은 인정. 스릴이 넘칠수밖에 없는게 좀비나오고 굿하고 이러니까;; 이거 도대체 뭐 무당이 나왔다가 성당교주가 나왔다가 귀신들린사람 나왔다가 뭐임? 내용도 그지같고.. 걍 보지마셈  ,2016-05-11 23:42:00
410,캐롤라인(kael****),관람객영화보는내내 스트레스 겁나 받음 ㅜ  ,2016-05-14 23:44:00
411,cca2****,귀신영화 ㅠㅠ뻔허지 지루하고 이런쓰레기영화가 별이5개라고??에전에 여고괴담보면서 한국영화는절대로 안본다라는걸느꼈다!시시하고 유치뽕짝  ,2016-05-12 09:55:00
412,야마네코(bbos****),관람객ㅋㅋㅋ그냥ㅋㅋ이거볼시간에 집에서 쉬세옄ㅋㄱ십분전에 보고나옴ㅋㅋㅋ내가 왜 평점 안보고갔을까 후회막심....혹시라도 스포일러있을까봐 일부러 안봤더니ㅜㅜ내 불금 돌려줘  ,2016-05-13 21:56:00
413,Ss(skkf****),관람객찜찜한데.. 기억난다  ,2016-05-11 20:41:00
414,해킹하면죽는다(leeh****),관람객내용이해도가 조금딸리나 스토리는 정말 지루할틈이없네요  ,2016-05-11 20:33:00
415,알라익뎃(hard****),이동진은 관객들에게 미끼를 던진거 뿐이고 나는 그 마끼를 확 물어분 것이고...이게 10점이라니 이동진도 감 다됬네...계속 결말을 이렇게 내불면 한국영화는 더 이상 발 붙일곳이 없을 뿐이고...칸에서 상영한다니 내가 다 부끄러울 뿐이고...  ,2016-05-11 23:30:00
416,dbfl****,정신적으로 안좋아요 ..안보는게 좋아여 영화보고 이런기분 첨이네요...  ,2016-05-13 23:59:00
417,미스터박(zura****),영화관에서 방금 나옴 10점??여러분 진심이세요?ㅋㅋㅋ  ,2016-05-12 00:37:00
418,아이언맨(qorw****),철학적으로 나댔다가 곡무륵..  ,2016-05-12 14:58:00
419,앙팡테리블(blue****),여러분들의 돈과 시간을 절약할 수 있는 꿀팁하나 알려드리죠...이 영화는 그냥보지 마시길...영화 끝나고 나오던 관객모두 동일한 반응...이건 뭐지????  그냥 보지마세요 ㅜㅜ  ,2016-05-12 14:20:00
420,제이(jxs6****),그냥 짜증나는 공포물. 내용이고 뭐고 없다. 남는건 짜증뿐.  ,2016-05-12 12:27:00
421,lpql****,기분만 더러워지는 영화  ,2016-05-12 01:17:00
422,jiji****,보고나서 남편이랑 싸웠어요. 영화보면서 무서운거보다 기분이 더러웠어요. 이런영화는 안만드셨으면 좋겠습니다.  ,2016-05-13 08:27:00
423,이땅(vss0****),도대체 무슨 반전이 있다는건지... 평론가들은 무슨 생각으로 저런 평점을 줬는지 모르겠다  ,2016-05-12 15:31:00
424,aaro****,"제가 본 영화중에 최악입니다. 잘 만들어진 영화인지는 모르겠으나, 보는 동안, 보고 나서 진짜 기분 나쁩니다. 이런 영화 다시는 보고싶지않네요. 기억하고 싶지 않은 장면도 자꾸 떠오르고 진짜  비추입니다.  ",2016-05-12 14:19:00
425,cool****,밑도 끝도 없이 끝나네? 감독이 하고싶은 얘기가 도대체 모야? 악마 조심하라는건가? 거 참 추격자 감독이라 기대가 컸는데... 긴장만 무지하게 타다 걍 끝나네ㅠㅠ  ,2016-05-11 21:02:00
426,Shane Long(chlg****),관람객똥 찝찝하게 싸고 제대로 못 닦은 느낌  ,2016-05-14 23:54:00
427,황수현(trip****),관람객황정민 왜썼어 ㅡㅡ 배우버리게 ㅡㅡ 괸히 기대만 하게하고 ㅡㅡ  ,2016-05-12 08:55:00
428,hbrm****,아놬 진짜 열이 받아 다시 씁니다!  밤 11시에 끝나서 집에 왔는데 생각하면 할수록 분해서 로그인 했습니다! 이 화를 어케 풀어야될지! ! !  시그널처럼 무전기가 있다면 제발 저에게 곡성만큼은 보지말라고 부탁하고 싶어요! ! !  ,2016-05-25 02:02:00
429,단지(ekdm****),"정말 정신적으로 안좋은 영화.피범벅에 귀신들리고 반전이라고 하기엔 영화를 볼만큼의 가치는 없고, 성경에 대해서는 딱 반토막, 십자가죽음까지만 담고...좀비-무당-악마까지 ...무서운것보다 괴기스럽고 정신적으로 괴로운 시간이네요어휴... 지친다 지쳐  ",2016-05-19 23:39:00
430,zzzl(srjs****),이런영화가 어떻게 15세 판정 받은건지  ,2016-05-12 11:58:00
431,강정호(eins****),꼭 보세요 나만 당할 순 없지 ㅋㅋ 좀비 나오고 아주아주 재밌어요 ㅋㅋㅋㅋ  ,2016-05-12 08:32:00
432,무지개(stop****),관람객보는 내내 불쾌함.. 추천하고 싶지 않은 영화  ,2016-06-26 01:18:00
433,스파이(spyh****),맘대로 해석될 수 있는 모호한 단서들만  나열하고는 관객들이 알아서 끼어맞추면서 이슈가 되기를 원하는  비겁한 영화.  ,2016-05-15 08:13:00
434,쇼팽하워(slay****),"수거할 능력, 의지도 없이 엉터리 단서만 아무렇게나 던져놓고 결말은 관객의 상상에 맡겨버리는 역겨운 영화. 영화 속 황정민처럼 한바가지 토해주고 싶다!!!  ",2016-05-13 12:18:00
435,빙구(tktk****),"떡밥이란 떡밥은 주구장창 던져놓고 결정적으로 회수를 하나도 못함감독이 보여주고자 했던 건 많았으나그게 오히려 독이 되어 이 것 저 것 보여주려던 탓에하나도 못 보여줌영화가 끝나면 모두 이런 생각을 가질겁니다""그래서 뭐?""  ",2016-05-12 01:41:00
436,스튜디오 은수(stud****),반전이란 평을 함부로 쓰지말아라.개연성이란  찾아볼수도 없고그저 공포심만 주면 한국최고영화인가?평들이 우숩다. 주제가 공포인가?대체 무얼 말하고 싶은건가? 영화끝나면 황당함 그자체.  ,2016-05-12 01:38:00
437,bles****, 무슨 얘기가 하고 싶은거야 나만 못알아 듣는거야 ... 좀비는 왜죠 ?  ,2016-05-12 00:35:00
438,dbsj****,관람객이걸영화라고만들었구나  ,2016-06-01 00:08:00
439,미카엘라(food****),15세이상 관람은 좀 심했네요..너무 피투성이 잔인한 장면들이 강하게 각인되어 어른이 봐도 기분이 안좋은데 아이들이 보면 정서적으로 심리적으로 안좋을것 같아요..내 자식에게 절대로 보지말라고 할것 같네요..  ,2016-05-19 02:30:00
440,정민준(wjje****),하...진짜기대했는데 도대체 멀말하고싶은건지  ,2016-05-12 09:45:00
441,좋은드루(good****),"관람객평점  영화본지 한시간도 안됏는대.잠 이 안오내 새벽 1시30분이대..돈아까워서.. 여러분 영화 보시면  50%이상분은 공감 하실꺼라.믿습니다,꼭보시고  꼭 감상평 올려 주셔야  한국영화가.알바색이들 평점 없이 잘만든 영화 볼수잇는 그날  ",2016-05-23 01:41:00
442,참취(lisp****),한국영화가 후퇴한다. 이것이 문화의 가벼움인가  ,2016-05-12 10:49:00
443,ㅌ ㅏ키(vokk****),영화인생20년만에 평점 첨 준다공포영화였네ㅡㅡ김정민 일본아저씨 관계가머임왜죽는거임?목적이머임?그렇게끝내기있기없기?배우들이아꿉다천우희는또뭐임?  ,2016-05-12 07:28:00
444,복사마(kmj3****),기대하고 오랜만에 영화봤는데 갑갑하네  ,2016-05-12 05:27:00
445,도라이바보(back****),욕나옵니다.OO.시간.돈.모든걸아깝게만드는영화.와이?왜? 전하고싶은메세지?타이틀걸고한탕하려고맨든영화.거기에낚인 대배우 ㅜㅜ호구가된한국관객들ㅜㅜ이런영화맨들지마세요.봐줄때잘맨드세요....  ,2016-05-12 03:40:00
446,의용잉(yuiy****),와진짜 무슨영화냐이게 걍 집에서 발닦고잠이나잘란다 왠주암? 영화가답답하고 비판할라는게뭔지모르겟고 메시지도모르겟고 걍보면암 박평식 7점 장난하십니까  ,2016-05-11 23:02:00
447,holysea(holy****),최악... 평론가들은 왜 이 영화에 호평을 한거냐? 너넨 진정 악취미구나~  ,2016-05-11 22:43:00
448,쪼무래기(ym48****),평점 최저가 1이라 주지만 그동안의 전작을 무색하게 만드는 더럽고 기분나쁘고 찝찝하고 심약한 사람에겐 평생 트라우마가 될지도 모를 더러운영화!!진짜 평론가들은 다 OOO들임 취향의 차이겠지만 정말 돈주고 보는거 비추합니다 에잇 퉤  ,2016-05-12 13:43:00
449,4321****,관람객주제전달이 미흡하고  내용등 스토리가 이해가  안됨  스릴러주제라더니  처음부터 끝까지 피번벅만으로 관객을 우롱하는 최악의영화  정말  입장료 아깝다는 생각만..  ,2016-05-12 22:56:00
450,바스크(winn****),관람객현혹시키는게 감독의 목적. 그래도 긴장감을 놓을 수 없는 연출과 배우들의 호연은 좋았음.  ,2016-05-11 23:31:00
451,jhjr****,관람객이영화 보기전 필히 영화의 장르를 보세요~  ,2016-05-12 19:51:00
452,광수(zhdz****),관람객세상에 믿을놈 하나도 읍어부러~ 아주 지려  ,2016-05-11 20:11:00
453,에하라(sam6****),관람객뭔 내용인지도 모르겠고 돈이 아깝네  ,2016-05-11 21:31:00
454,기본아이디(call****),"일요일에 비싼 돈 내고 본 영화라 악플 달기 싫은데 로그인하고 댓글단다. 오컬트? 감독의 메시지? 다양한 해석? 개소리 정도껏. 공포, 스릴, 재미 아무것도 만족시키지 못한 희대의 졸작이다. 대형 배급사와 명품배우 출연에 속음. 10점주는 놈들 알바냐  ",2016-05-22 23:21:00
455,배드민턴(k552****),영화관에서 영화보고나서 뭐야이게 라는 소리가 입에서 나온 2번째 영화 배우들 연기는 좋았는데 줄거리가 사람을 답답하고 미치게 만들고 끝부분도 너무 찝찝해서 영화보고 이렇게 스트레스받은적은 처음  ,2016-05-19 04:39:00
456,석경남(namy****),"영화 불편했으면, 별점 좀 그에 맞게 제대로 누르자고요...지저분해진 기분을 쏫아내기 바빠서 그리 글만 쓰고 등록 버튼 눌러버리면 무조건 10점 되잖아요들~다른 영화는 볼 기회도 없게 만드는..진정한 극장가 존비영화!  아~박춘배  생각나...짜증~  ",2016-05-19 01:59:00
457,sn(snsn****),"조잡의 끝,, 별테두리도 주기 아깝다는게 이런 영화  ",2016-05-12 20:23:00
458,조현경(whgu****),언플에속은영화돈주고보기아까움  ,2016-05-12 20:19:00
459,lhsm****,크리스챤은 보지마세요! 완전 노리고 만든 영화입니다! 처음부터 끝까지 수 많은 장치를 통해 비꼬았습니다. 봐서 좋을거 하나 없는 영화입니다.  ,2016-05-12 02:31:00
460,ysyy****,전설의 고향 납량특집극장편 미스터리? 감독도 말할수없는 자극으로만 가득한 영화중간에 좀비나옴 좀비랄까봐 좀비가 그냥자폭~ 무서움을 선사하기 위한  자극의 연속 피곤한 영화 배우들이 아깝다  ,2016-05-12 07:47:00
461,하명철(hmc0****),음... 뭐랄까 곽도원과 곽도원 딸내미 연기보는재미 그이상 그이하도 아님 스토리 핵노잼  ,2016-05-12 10:47:00
462,주먹밥(mosu****),감독의 부담감과 선민의식에 근거한 계몽정신이 만들어낸 아류작.  ,2016-05-11 22:49:00
463,HappizzA(happ****),"관람객추격자, 황해, 곡성까지 도대체 다음 작품은 뭘 만들지 상상이 안간다  ",2016-05-12 16:36:00
464,나의인생(ccha****),종교 짬뽕+좀비+어이없는 코미디 한편을 본 듯..  ,2016-05-15 05:05:00
465,하쿠나(eeoh****),담지 못할 얘기를 너무 많이 풀었네  ,2016-05-12 00:03:00
466,프로(dlst****),재미없다. 돈아깝다. 보지마라.  ,2016-05-12 00:31:00
467,iamc****,성경 맥락도 없이 막 가져다 쓴 전형적인 삼류 오컬트...소설은 앞뒤 문맥 운운하면서 성경은 막 가져다 쓰고 그게 진짠줄 알고 철학적이네 어쩌네...이게 8점을 받을 영화라고 극찬한다면 한국 영화는 여전히 변방 소국의 볼품없는 영화 불모지다.  ,2016-05-18 04:34:00
468,네로(jodd****),핵노잼 쓰레기 찝찝한 고어물  ,2016-05-12 09:26:00
469,양지윤(jiyo****),나 영화댓글에 글달아본적한번도없는데빡쳐서단다 네이버엔 죄다알바들밖에없냐?뭔영화가 피범벅에 마무리도안되고그래서 도대체 범인은 누군데??ㅡㅡ  ,2016-05-12 01:03:00
470,배범(flyb****),관람객여기가 바로 낚시터입니다  ,2016-05-11 22:12:00
471,밀란베이비(ferr****),관람객좀비에 벼락맞고 악마에 친족살인에 진짜 최악의 쓰레기영화ㅋ 열린결말? 해석하는 사람마다 다들 지 의견이 맞는것 처럼 올리는데 그 마저도 다 틀림ㅋㅋ 지들은 영화 엄청잘 아는줄 유식한척ㅋ 한마디로 답이 없는 영화 감독이 노린거라고? 웃기고 앉아있네 ㅋㅋ  ,2016-05-23 06:18:00
472,lake****,관람객당황스럽고 별로....왜 고평가 받았는지 모르겠음 그냥 국내기자들이 시빌워에 너무 밀리니깐 언론담합한 느낌 진짜 실망  ,2016-05-14 12:35:00
473,BokSome(lapl****),"아..반전 어떻게든 만들어볼려고 있는거없는거 다 갖다붙힌 ,, 개연성 없는 허접한 영화 .. 드러운 장면에 기분만 찝찝해지고 갑니다 겁나 형편없습니다  3시간짜린데 내용 딱히없이 기억남는게 없이 더러운장면 밖에 안떠올라요 억지중에 캐억지영화 ㅎ  ",2016-05-15 02:06:00
474,배붕이(0112****),도대체 뭘 말하고 싶은 것인가요?비현실적인 상황전개는 그렇다고 하더라도 아무런 결론이나 의미 없는 존비영화  인것 같아요.  이런 영화가 베스트 라니 원~~~~  ,2016-05-22 22:17:00
475,ds10****,이건 뭐지시간이 아까워서 혼났네  ,2016-05-20 23:08:00
476,란(quiz****),.... 할말없다...  ,2016-05-15 03:57:00
477,탱이탱이(jeon****),15세 말이되냐정신적으로 문제있는 느낌  ,2016-05-13 17:49:00
478,멀리건(axim****),뭘 말하고자 하는 각본이냐  ,2016-05-12 14:09:00
479,호빵(dbwh****),흥미진진한 영상미와 배우들의 열연은 볼만합니다. 마지막에 너무 반전을 주려고 노력한게 개연성을 좀 흐린부분이 있어 아쉽습니다. 중간에 데드얼라이브를 연상시키는 좀비와의 격투신은 무섭기보다 웃기더군요.. 그부분은 좀 옥의 티인듯...  ,2016-05-12 10:46:00
480,EASY(jjok****),각각 먹으면 맛있는 음식을 한대 섞어서 주길래 먹어봤더니 맛도 이상하고 뒷맛도 구린 그런영화입니다 보지마세요.  ,2016-05-18 12:49:00
481,햇살(ksbs****),관람객보고나서 참 기분이 나쁜 영화입니다아름답고 즐거운 영화를 기대해봅니다  ,2016-06-19 12:53:00
482,joon****,"미끼를던진다는 같잖은 소리나써놓고..참내평점쓰는것도 간만이다..  사건 개연성은 영화에자연스럽게 풀어놓던지 해야지, 뭐 대단한 영화를만들겠다고..류승완이 만든 주먹이 운다, 부당거래좀보고배워라..  인과,갈등,해소 다완벽하니까...  ",2016-05-16 02:00:00
483,영자르(yeon****),"개연성이 많이 부족한 영화인 것 같네요 앞 뒤 연결을 억지로 끼워 맞춰야 그나마 조금 이해가 가는...이걸 열린 결말, 예술성, 관객들의 다른 해석이 가능하다라는 말로 커버하기에는 너무 무리라고 생각됩니다 왜 인기 있는지 진심 잘 모르겠어요  ",2016-05-16 01:44:00
484,ssummmeerrrrr(itmi****),관람객호불호가 갈리는 작품은 여지없이 불호우~  ,2016-05-15 14:03:00
485,김보더(molb****),"만들다가 급하게 스토리를 바꾼건지, 도무지 이해할 수 없는 전개. 억지로 만든듯한 반전.. 장르의 모호함.. 굳이 필요없어보이는 장면과 역할없는 등장인물들 까지.. 혹평도차 아까운 영화.  ",2016-05-15 09:28:00
486,인도어(amzc****),우리 아들이 학교 영화 동아리에서 이 영화 본다고 해서 나도  오늘 따로 봤는 데...진심 감독과 학교 영화감상 동아리 선생에게 욕나온다.  도대체 이런 영화를 왜 고교생에게..주제가 있나 교훈이 있나 그렇다고 재미가 있나...정서에  무지 나쁜 영화  ,2016-05-13 23:16:00
487,ilikedogdog(lin_****),알바에 현혹되지 마라.  ,2016-05-13 18:10:00
488,쏭(pjim****),안보신분들 보지마세요 ...평점 눈팅만햇지 써보긴첨인데 개인적으로 비추. 한국표 좀비물 호러 스릴러물 다 합쳐놓고 보고나면 찝찝한느낌  정신적으로도 안좋고 기분도 안좋아지는 영화. 살면서 이런 영화는 처음보네요 직설적으로말하면 감독정신상태 궁금 ..  ,2016-05-13 03:01:00
489,show****,많은 실망을 안겨중 영화.개연성이 많이 부족하네요  ,2016-05-12 14:56:00
490,도옹(jaro****),기대했는데 ㅜㅜ 아쉽네요 ㅜ  ,2016-05-12 09:42:00
491,yhcy****,정말 개판인 영화ㅡㅡ 이런  지저분한 영화는 처음입니다..믿고보는 황정민씨지만  너무해ㅜㅜ  내용도  묘사도 빵점  ,2016-05-12 07:58:00
492,IU 빠돌(milk****),배우들의 연기만 소름끼쳤던 영화임  ,2016-05-12 07:52:00
493,이영준(elpg****),내가 이배우들 가지고 만들면 이거보단 잘만들듯  ,2016-05-12 01:15:00
494,필일도(peks****),"끝까지 ""진실이 뭘까"" 긴장하며 보게 하다가 끝에가서는 ""이영화를 만든 진짜이유가 뭐지?""라는 의문을 들게 하네요. 그리고 지금까지 본 영화중에 가장 뒤끝이 안좋은... 찝찝한 영화였습니다. 추천은 하지 않습니다...배우들의 열연으로 6점.  ",2016-05-12 00:34:00
495,ohke****,아니 나홍진 멍청아. 이것에 대답이나하라고. 일광이 살을 날리때 누구한테 날린거야? 이게 효진이한테 날릴수도잇는거라 본다고? 관객이? 어떤 근거로?? 일광이 일본 놈과 맞서 싸우다가 마지막에도 곽도원집까지 왓엇는데 그게 곽도원을 죽이기 위햇던거엿나??  ,2016-05-19 02:03:00
496,나닛(moon****),영화 끝나고 설사하는 기분  ,2016-05-12 04:05:00
497,대두킴(nmb2****),"초반:오 이번 영화 보러오길 잘했다!!!중반:오 좀 무섭다....후반:오....시간,돈낭비 했다....  ",2016-05-12 02:03:00
498,고석민(jewe****),관람객OO  뜨레기 열줄이상이다  ,2016-05-17 22:14:00
499,gus1****,네이버 댓글 알바 작작 시켜라 이따위 영화에 10점준 댓글들 다 알바다 10점같은 소리하네  ,2016-05-17 19:37:00
500,정진이(ssso****),관람객황정민을 과소비한 영화시간이 아까웠습니다  ,2016-05-16 13:14:00
501,고감독(goga****),알바 잔뜩 풀었네요 돈아까운 쓰레기 영화입니다  ,2016-05-12 00:39:00
502,idmi****,관람객무섭다? 재미잇다?  미끼들많지..? 형이말한다..그냥돈주고보긴아깝다..  ,2016-05-25 08:23:00
503,조추닉(uniq****),관람객장르가먼지모름ㅡㅡ지경찰인게 자랑인듯  ,2016-05-16 23:45:00
504,dada****,관람객솔직히 무섭지도 않고 잔인하기만하고웃기기도 하네오  ,2016-05-16 22:18:00
505,스타카토(chod****),평론가한테 현혹됐네 이거 뭐냐 영화가 장난이냐  ,2016-05-12 10:05:00
506,skyl****,추격자>황해>곡성...휴..  ,2016-05-11 23:39:00
507,rlaw****,관람객이것저것 짬뽕으로 대충 있어보이게 얼버무렸다가 끝을 어떻게 해야할지 몰라서 관객한테 맡기는 허접한 영화  ,2016-09-30 17:16:00
508,댜뀨뀨(cac0****),좀비도 호러도 스릴러도 뭣도 아닌  ,2016-05-12 10:27:00
509,101공수드랍(choo****),스토리 전개도 깔끔하지 못하고 주체도 없어보이네요.. 배우들 연기력은 정말 좋은데 스토리가ㅋ....  ,2016-05-12 10:22:00
510,박다슬(gown****),관람객나는 정말 다시는 보고싶지않다 내가 본 영화중 최고별로  ,2016-05-17 10:52:00
511,부산대짱(jco2****),관람객잘이해가안되네요! 전 별로였습니다  ,2016-05-12 18:25:00
512,차실장(csj1****),알바천국...ㅋㅋㅋ  ,2016-05-12 10:10:00
513,빤츄(hanf****),관람객개연성이 부족하다고 느꼈음  ,2016-05-16 02:22:00
514,wjdd****,관람객희대의 쓰레기 영화....;;  ,2016-05-13 07:45:00
515,얄이(didw****),관람객이런걸 영화라고..왜본건지왜예매한건지왜볼생각을한건지후회  ,2016-05-30 22:56:00
516,조혜진(lisa****),곽도원.황정민.천우희 모두 좋아하는 배우입니다이 영화가는 우울해서 싫다는 것을 넘어서서진짜 진짜 재미없습니다진짜 우리가족 3명이 영화관에서  나오면서 진짜 후회하고 이영화 관객수에3명을 추가한것 대해 분통이 터집진짜 오늘보실분 빨리 취소하세요  ,2016-05-25 20:34:00
517,이권철(lgc0****),아 이거 장르가 뭔데???  ,2016-05-25 20:31:00
518,구성강(kang****),문제로 치면 답은 매우매우 간단한데 어떻게 하면 (꼬울대로 꼬우고 필요한 설명을 생략해서) 어려운 문제처럼 보이게 할 수 있을까 하는 출제자(감독)의 고민이 보이는 영화. 예를 들면 다음 중 범인처럼 행동하지 않은 사람이 아닌 경우에 속하지 않은것은?  ,2016-05-25 02:54:00
519,고현석(rhgu****),개연성이 쓰레깁니다곡성은 그냥 재수없어서 악마가 날뛴거고 딸도 재수없어서 그렇게된거 의심이고뭐고... 죽지도않을악마는 대나무숲에서 왜그렇게 스릴있게도망갔었는지 번개맞고죽은사람도... 진짜 어이없는거 투성이 19세영화 맞고 심의 재규정요망 140자한정  ,2016-05-24 11:33:00
520,블랙(qkrt****),마른 하늘에 갑자기 폭우가 내리더니 벼락을 맞는다던가.. 좀비의 차력쇼등 보는 내내 실소가 나옴  ,2016-05-22 22:18:00
521,영부인(eric****),"한국판좀비,엑소시스트,골룸,이것저것마구섞은영화끝나자마자모든관객들이게뭐야?뭐지??보는내내머리아프고구역질남.거기다스토리결말이없다니더화가난다.마을에 귀신이왜나타나난건지.무엇때문인지전혀알려주지않고엔딩까지허무한영화.시나리오를쓰다만듯한영화다.  ",2016-05-15 23:21:00
522,여왕님(toba****),곡성은 개연성이 없는게 문제가 아니라 개연성 있는척 해놓고 없는 게 문제. 애초에 의도가 맥거핀을 위한 영화임- 맥거핀이라는 껍데기는 있는데 그 뒤에 숨은 알맹이는 없는게 리얼 문제. 게으르고 허세쩌는 감독님 이번엔 정말 실망했어요.  ,2016-05-26 02:48:00
523,1004(pcel****),관람객영화 본 시간이 아까워습니다  ,2016-05-23 00:50:00
524,헤헬(ka02****),"관객우롱영화입니다전개,복선 그냥 감독 마음대로 만들고이게 반전이라고 얘기하는 저급 영화네요초등학생 머리에서도 안 나올 시나리오입니다.  ",2016-05-17 22:19:00
525,김아림(envy****),초등학교5학년 딸아이하고봤는데 (부모와함께 관람가능)만19세로하던가  아무리 개인취향이라고는하지만 이건 정말기분나쁜영화네요~ 아이들과 봐서는 안될영화입니다~ 어제봤는데  아직까지 찝찝하고 ☆?%}>♧?\&\[>아~~짜증나  ,2016-05-16 09:35:00
526,Rachel(swee****),관람객돈내고 스트레스받고온느낌... 영화 1도 모르는 막눈이라그런가 뭔내용인지도 모르겠고 무엇보다 이게 어째서 15세에요ㅠㅠㅠㅠ 진심 징그럽고 꿈에나올까무섭..  ,2016-05-14 22:31:00
527,dmem****,떡치는장면에  좀비한테 살점뜯기고 피범벅된장면에 토하는 혐오스러운장면에 수없이많은 욕이 나오는데 15세관람가?? 장난빠냐ㅋㅋ  ,2016-05-14 00:33:00
528,정승환(jshl****),대배우 황정민을 이런식으로 망치다니..  신들린 듯한 황정민의 연가 없었다면 삼류도 이런 삼류가  없을 듯하네요. 이보세요  나감독님! 이런 영화 만들면 뭔가 있어보이죠? 뭔가 대단한 착각하시는 듯...  한국 영화를 사랑하는 관객을 기만하지 마세요.  ,2016-06-08 22:31:00
529,장종근(jk91****),관람객노잼 보지마세요 진짜로ㅜㅜ 낚임  ,2016-05-21 00:01:00
530,ring****,개연성은 밥말아 먹은 영화. 영화본 2시간 넘는 시간이 너무 아깝다.  ,2016-05-17 23:25:00
531,블리(skst****),관람객연기력은 짱인데 숨막히게 답닺하고 짜증나는 영화  ,2016-05-17 00:02:00
532,김연아응딩이(sims****),이 영화가 이렇게 흥행하는 이유를 모르겠음...  ,2016-05-16 21:05:00
533,서영주(joo7****),15세관람가라중3아들과 함께봤어요ㅠㅠ이영화가 어떻게 15세등급판정을받았나요??정말화가나네요!!!이건뭐...차라리첨부터좀비영화라고하던지..느닷없는차안섹스씬도 곡괭이들고좀비죽이는수많은장면들....휴...저는둘째치고  아들아이가밤새악몽꾸고넘힘들어합니다!!!  ,2016-05-16 09:00:00
534,이황헌(bavo****),마지막에 끼워 맞추기 참 힘들다. 그죠?  ,2016-05-16 03:10:00
535,임용제(kra3****),"첨으로 댓글다는데 정말 돈아까웠다. 스토리가 개연성이 많이 떨어지고  씬에 어울리지 않는 음악, 코미디에 가까운 좀비?와 전투씬 등이 몰입을 방해했다. 정상적인 감정을 가진 이라면 혐오감이 느낄 영화인데 왜 실제 지명을 사용했는지도 의문이다.  ",2016-05-16 02:03:00
536,이거재미없네(sdju****),관람객이거 와이래 찝찝하노 ...  ,2016-05-15 22:11:00
537,amareach(ama_****),마지막 30분을 위해 지루한 2시간을 달려왔다. 굳이 이렇게 러닝타임을 길게 할 필요가 있었나.. 그리고 15세관람가도 차 안에서..그러는 거 안 자르고 내보내는구나. 옆좌석에 어린 애가 앉아있어서 괜히 신경쓰였다.  ,2016-05-11 20:30:00
538,감사(okim****),그저 그런 한국영화일뿐...  ,2016-05-19 01:02:00
539,my20****,"마케팅으로 장난치지 말길. 나홍진 감독에 황정민, 천우희 이런 네임벨류있는 배우들로 범죄스릴러처럼 포장해서 낚는 마케팅이 더 문제다. 처음부터 그냥 오컬트 영화, 엑소시스트, 공포 영화라고 했어야지 장르가 반전일 수는 없지 않나? 평점장난도 그만 쳐라  ",2016-05-17 23:11:00
540,Kins(kins****),"감독은 개인에게 찾아오는 알수없는 죽음과 불행을 보여주려했다는데, 그럼 주인공을 미스터리에 빠뜨릴 것이지 왜 애꿎은 내 표 값이 미스터리에 빠져야하는가? 솔직히  좀비고 초현실이고 떠나서 스토리가 엉망이다. 오죽하면 무당 빤스에서 개연성을 찾을까..  ",2016-05-15 09:52:00
541,pjh5****,관람객너무징그럽고 잔인한듯..  ,2016-05-15 02:03:00
542,dkzn****,댓글처음달아본다 이때까지본영화중최악이다 보지말라고선동하는것도아니고 다른사람이보든말든관심없고 연관성도없고 재미도없고 극중 제일많이들리는대사는 효진이다  ,2016-05-13 04:10:00
543,모든건하나(rkdr****),리얼 노답영화를 개봉하자마자 보다니 ㅋㅋ  ,2016-05-12 12:28:00
544,산바람(sanb****),좀비와 귀신의 대결인가  미디어에 낚인건 나뿐인가  ,2016-05-11 22:57:00
545,린나이(diei****),관람객무지한 무자비한 무내용  ,2016-05-18 23:55:00
546,강산해(hjtc****),관람객정말 재미없는 정체불명의 영화네요. 황정민 출연이라 믿고 보러갔다가 후회만 가득하네요. 마음을 어둡고 불편하게 만드는 최고의 영화 ?  ,2016-05-15 19:25:00
547,친절한가지(chac****),관람객이렇게 내용이 이해안가는 영화는 처음... 끝나고 뭐지? 소리가 절로나옴... 그 긴시간동안 난 뭘본거지  ,2016-05-12 15:46:00
548,우여(nswj****),전문가 평점이랑 배우들 때문에 그나마 이정도 평점 받는거  ,2016-05-12 09:22:00
549,강투소(kang****),관람객이게 왜 15세입니까 ㅡㅡ최악이네요  ,2016-05-19 00:27:00
550,태연8(thse****),다행이다 다시 시빌워가 흥행가도를 달리겠군  ,2016-05-12 06:29:00
551,tin2****,관람객배우들 연기만 잘하고 영화자체는 삼류영화  ,2016-05-11 22:12:00
552,곰돌이탱(sdse****),개연성이 너무 없어요 ㅠㅠ  ,2016-05-15 02:37:00
553,yyjj****,내 인생 처음으로 평점남김 진짜너무별로였다는것을 표현하고싶어서...영화해석은 둘째치고돈주고 기분나쁨 정신적불안 얻고온 기분  ,2016-05-25 20:49:00
554,센치(mado****),과대포장된 질소과자도 이보다 부풀려지진 않았네요. . 대형영화사의 미끼에 또 한번 낚였다는게 그저 씁쓸할뿐. 정말 솔직히 그닥 재미있진 않네요. 지인들에게는 강력비추할겁니다.  ,2016-05-25 09:34:00
555,rookie(aqua****),1점도 아까운 악마영화  ,2016-05-22 23:22:00
556,다브다비(tpoa****),영화찍으면서 시나리오쓰다가  뒷감당안되서 끝낸영화  ,2016-05-22 22:42:00
557,coco****,....내용도 없고 결발도 없고 전하는 내용도 없고 이걸 돈주고 보기 아깝다  ,2016-05-22 22:16:00
558,hehehe(kmin****),관람객런닝타임 너어무 길구요 하..배우들 연기는 좋아요...  ,2016-05-19 22:55:00
559,민선영(gmdg****),살면서 본 영화중에 제일 역겹고 기분나쁜 영화입니다그 여운이 오래가서 괴로움ㅠㅠ 밤잠설쳤습니다ㅠㅜ  ,2016-05-16 08:37:00
560,요술항아리(sung****),이딴 쓰레기 영화를 만원이나 주고 본 내가 원망스럽다 진짜 시작부터 끝까지 찝찝하고 더럽고 역겨웠던 영화 만약 이 영화를 예매한 사람이 있다면 당장 취소하기를 귄함...진짜로...  ,2016-05-15 23:23:00
561,rome****,별 반개도 아깝다..지맘대로 만들고..옆에서 전부 이거뭐야 한영환데 평점이 이리높다니..ㅡㅡ.조작인가  ,2016-05-15 02:42:00
562,지아(psm9****),아니 이영화 감독은 살인에 엄청집착하네ㅡㅡ 그나마 추격자는 재밌게봤는데 곡성은 아예 사람학살 하려고 만든영화인가 감독이 이런걸 좋아하나?? 혼자 생각만 하시길 어린애들이 따라할까봐 무섭네 ㅡㅡ  ,2016-05-14 00:20:00
563,저하늘은나의편(bkle****),1점도 아깝다. 스토리없는 고어물.배우들이 아깝다.  ,2016-05-13 13:00:00
564,dlwn****,시빌워에 비하면 너무나 망작 쓰레기 수준.돈주고 본게 아깝다...그리고 아무리 돈이좋아도 이런 허접쓰레기19금을 낮추면 안되지.  ,2016-05-13 12:43:00
565,모비(ghkd****),꿈보다 해몽보고 나온 사람들이 영화에 살을 붙여주는 영화  ,2016-05-16 03:21:00
566,차세대훈녀(e027****),관람객한국판엑소시스트인가요..보는내내찝찝햇어요ㅠㅠ으악  ,2016-05-15 18:14:00
567,repl****,관람객이도저도아님....  ,2016-05-15 08:11:00
568,seev****,"저급한 것의 고급화를 추구한 영화. 이런 걸 공공장소서 보게 한다는 게 열받음.  절대 15세아님.  꼼수 개봉ㅜ.오컬트에, 좀비에, 신비주의, 강신술, 흑마술 등  몰라도 될 것들을 삶과 인생에 대한 어떠한 시선없이 기양 싸질름. 소재주의에  함몰.  ",2016-05-13 16:56:00
569,lucky(goqk****),"그저 피뿌리고 성경들먹이고 하면 죄다 작품성 있는줄 아는 미개한 헬조선 ㅋㅋㅋ 얼마전 검은돼지들도 그렇고 말이야 ㅋㅋㅋ 그놈의 성경타령, 개덕빠는 개소리 좀 그만했으면 한다 ㅋㅋㅋ 악마?  이딴 저질작품 찍어놓고 돈벌겠다는 것들이 바로 악마다 ㅋㅋㅋ  ",2016-05-13 12:13:00
570,cnc5****,누가 진짜범인인지 모르겠음이해가 안감  ,2016-05-11 23:44:00
571,가만히있기싫어(heyz****),OOO 평론가 새끼들 네들이 한국관객들을 호구로 알고 감독새끼처럼 낚시질 하냐? 이런 젖때보다 더 러운 새끼들.  ,2016-05-28 03:37:00
572,징크스(tusd****),한국영화 역사상 역대급 과대평가된 영화가 아닐지..  ,2016-05-26 01:31:00
573,아무개(bjh2****),"경찰 2명이 살인혐의 일본인의 집에 가서 마을사람들을 죽인 확실한 증거를 발견하고도 일본인을 붙잡아 오지도 않고, 며칠뒤 일본인이 증거물을 다 없앤 후에 찾아가서는 '너 이 마을 얼른 떠나라'? 그게 사람 여럿 죽인 살인용의자한테 경찰이 할 소리냐??  ",2016-05-25 19:29:00
574,띠옹(laru****),보지마세요..보고나면 후회해요..ㅠㅠ 네이버 평점 리뷰에 속지마세요ㅠㅠ  ,2016-05-23 02:10:00
575,쌀과자(sooh****),보는내내 머리아프고 예민해지고 스트레스받는느낌;; 개봉일 손꼽아 기다린게 후회된다...통수를 여러번 후려맞는기분ㅋㅋ꿈자리 뒤숭숭~~해지고싶으면 꼭!!보세여  ,2016-05-12 00:50:00
576,오현주(funo****),인간에 대한 냉소에 할말을 잃었다!영화가 끝나고나도 멍하게 만드는 이 기분...충격과 경악이었다!  ,2016-05-11 22:35:00
577,난나나눈누(tjdd****),애가 미쳐서 패륜저질른게 끝. 천우희는 왜나온거고 왜 가지말라고 했으며 일본인이 왜 나중엔 악마인지 개연성 1도없다  ,2017-02-23 09:08:00
578,comb****,반전영화를 만들고 싶으면 나중에 관객이 아 그래서 그때 그사람이 그랬던거구나하는 개연성이 있어야지. 그냥 무조건 누가 귀신이게? 얜 거같지? 아니거든? 얘거든 이게 무슨 반전이냐? 대체 황정민이 일본놈이 귀신이랬다 아니랬다 오락가락해야할개연성이 뭐냐?  ,2016-10-19 21:59:00
579,holl****,방금 보고나왔는데 진짜 짜증난다관객우롱수준이다 진짜  ,2016-05-14 23:51:00
580,wang****,관람객아~~장난쳐요미친거아닌가요  ,2016-05-14 23:28:00
581,마모루(knk5****),영화는 잼있게 봤는데 도데체 등급 기준이 뭐야? 조카랑 봤는데 ...정말 민망 했음. 존속 살인에 영화는 온통 피칠갑이고.... 정말 등급 심사하는 사람은 자기 자식이랑 같이 봐야 함.  ,2016-05-13 15:51:00
582,Heart(be__****),"""곡성은 피해자에 대한 이야기다. 피해자가 왜 피해자여야 했는지가 중요한 문제였고, 피해를 당한 진짜 이유가 궁금했다. "" - 나홍진 - 말도 안되는 오만한 영화. 역겹다. 극찬하는 이들은 새로움과 긴장감에 속은 것이다. 15세 마크에 치가 떨린다.  ",2016-05-13 11:55:00
583,바닐라라떼(dbs8****),영화가너무 끔찍해서 꿈에 나올까 겁나 잠도 못자고있다 영화 보는동안 아역배우의 심리가 걱정되었고 이 징그런 영화가 언제 끝날까 시간을 연거푸 확인했다 빨리 머리속에서 장면들이 잊혀졌으면 좋겠다 정말 자극적인 영화.  ,2016-05-12 01:47:00
584,박하늘(bsky****),무섭다가 놀랬다가 어이없다가 끝나고 나서 온 몸이 가려웠다.  ,2016-05-12 00:16:00
585,힘찬하루(uoni****),평론가에 의해 좌지우지되는 건 우리나라 관객이 넘버원.. 오늘도 낚이고 갑니다ㅠㅠ  암튼 내가 기대를 너무 많이 해서 그런가? 배우들 연기나 몰입도는 좋았는데 내 취향은 아니었고 호불호 꽤 갈릴 영화라고 생각함. 긴장감만 최고조 그러나 불친절 끝판왕ㅎ  ,2016-05-11 22:15:00
586,김유진(rprp****),관람객전작과는 조금 다른 내용 귀신들린 사람 이야기  ,2016-05-14 23:29:00
587,라운지(imme****),이게 그 유명한 알바천국 영화인가요?  ,2016-05-11 18:05:00
588,dooy****,평론가 평점 보면 괘 잘 나온 영환데 왤케 알바를 많이 풀었냐 그렇게 자신감이 없냐; 기사마다 알바가 있고 특히 네이버에서 마음에 안 들면 평점을 지운다는거에 큰 충격 먹었다  ,2016-05-11 17:49:00
589,나투(dalm****),관람객찝찝해서 별로 웰메이드긴함  ,2016-05-11 22:41:00
590,건강행복돈이최고(igot****),무섭지도 않고 잔인하지도 않고 재밌지도 않고 걍 더러워 퉤엑... 뭘 말하고 싶은 건지???      일본놈하고 황정민 팬티는 똑같다  ,2016-05-23 09:21:00
591,나나나(sera****),영화내내 살생살생 스트레스 극도로 받음 누가 이딴걸 10점이나 주지?? 여기저기 덫을 쳐놔서 뭐 대단한것마냥 의미부여하는데 개뿔 간단한얘기를 거추장스럽게 부풀려놓기바쁜 영화다  ,2016-05-21 01:37:00
592,소희사랑(wptm****),"그냥 치킨 사먹을껄,,ㅠㅠ  ",2016-05-16 18:58:00
593,twee****,기대한 내가  바보 돈아깝고 좀비영화도 아닌것이 호러도 아닌것이 이도저도 아니고 개연성도없고 찝찝한 최악 배우들 연기가  아까움  ,2016-05-15 23:18:00
594,naip****,똥 싸고 밑 안 닦은 느낌.아무리 생각해도 아무런 메세지없는 쓰레기영화  ,2016-05-15 02:58:00
595,이진선(dlwl****),"아주 재밌는 영화거나 아주 별로인 영화에만 종종 평점 남기는데, 오늘은 후자입니다..  ",2016-05-15 02:36:00
596,hong****,별 한개도 아깝다 흥미는 있는데...중고딩애들 볼까 겁난다  ,2016-05-13 17:47:00
597,천천히(raro****),영화 개 OO같음.. 왠만하면 내가 욕 안하는데.. 뭘말하는지도 모르겠구 지금보고왔는데 돈아깝다..  ,2016-05-13 02:45:00
598,jinm****,감독한테 놀아난 느낌 쓰신분 말도 맞고.. 대체 이거 먼지 ㅠㅠ 상영 시간만 넘 기네요.  ,2016-05-12 19:00:00
599,까몽이(nike****),떡밥 여러개 던져놓으면 멋대로 해석하기 좋아하는 영화인들을 위한 영화.  ,2016-08-03 18:34:00
600,stun(stun****),이거 진짜 OO 영화임.'뭐시 중헌디' 는 왜 유명해진거야.절대 보지 마세요.  ,2016-08-02 00:15:00
601,탈세전공학과(hyun****),끼워맞추기식 억지영화; 해석보고 더 어처구니없어서..복선을 ㅂㅅ같이 막깔아놓고 꼴에 어때 영화잘만들었지? 하면 진짜 잘만든줄아네ㅋㅋ감독부터가 독버섯 먹으면서 만든듯싶다~~~  ,2016-07-23 21:00:00
602,2KG(kuki****),평점이 너무 높음.... 중반 이후부터 현실성이 갑자기 무너지면서 걍 한국형 좀비영화가 되버림...  ,2016-07-15 22:49:00
603,키네시스(wino****),황정민 연기 소름 전혀 안돋아 오히려 감독의 정신 세계가 소름이 돋지 감독의 영화적 스킬은 대단하고 최근에 함량미달  한국영화가 많은 가운데 나온 연출력을 가진 작품은 맞지만 영화에 제일 중요한 메세지가 그냥 떡밥이었던 영화다.  ,2016-05-31 02:39:00
604,eodm****,OOO기영화평점 1점도 아깝다이제 감독 영화 절때 안본다정신건강 해치는 싸이코 패스같은 영화  ,2016-05-23 01:35:00
605,균쓰(labu****),영화를 보고나니 완전 찝찝  ,2016-05-23 01:34:00
606,ehdr****,역대 최악의 영화다..  ,2016-05-23 01:29:00
607,ssam****,한국 영화의 격을 떨어뜨리는 수작  ,2016-05-22 23:22:00
608,필드(add6****),관람객내용없는 영화다 황당하다 순위1위라니 사기다  ,2016-05-22 19:10:00
609,인테그랄(dkdl****),상당히 과대포장된 영화다. 스토리의 경우 스토리작가가  결정장애가 걸렸나 상영시간 내내 영화 전체가 얘가 귀신인가? 아닌가? 어! 아니다! 맞나? 이것만 반복하고 이게 스토리 전부다. 연출이 전부인 말그대로 생각없이 보기좋은 호러영화에속한다  ,2016-05-21 23:50:00
610,ㅎ(524b****),관람객보는 내내 스트레스 받는 영화  ,2016-05-21 01:11:00
611,skad****,나 홍진 그는 진정한 악마 ?사탄이다  ㅡ 내 인생 최고 악마의  영화였다 ?제발  평론가  광고의 선전에  속지  마시길 ?  ,2016-05-20 23:07:00
612,늅늅(ayou****),노노진짜노노노....진심...  ,2016-05-20 02:47:00
613,오혜연(ohye****),진짜 영화 끝나고 엥???끝?? 이라는말 나오게 된다ㅋㅋ너무 불친절한 영화라고 생각된다도대체 이해가 안되고 결국 뭘 말하고있는건지 모르겠다..  ,2016-05-17 22:12:00
614,kjun****,나홍진이 미끼를 던지긴 했다.. 명배우들과 평론가들의 좋은 평점을 이용해(개인적으로 평론가들이 영화 배급사와 상업적으로 결탁 한건 아닌지 라는 의심들게 만듬..). 잘만든 영화인줄 알고 현혹되어 덥석 미끼를 물었는데.. 이게 왠걸 쓰래기 영화네..  ,2016-05-15 02:24:00
615,bokj****,진짜 이거볼바에야 군대 한번더감  ,2016-05-14 00:24:00
616,dec1****,예민한 분들은 이 영화 보지마세요.. 저 이거 보고나서 분노랑 짜증이 늘어서 좀 이상하네요.. 안좋은 영향을 끼치는것 같아요  ,2016-05-14 00:16:00
617,크린샤(dai5****),"배우 볼사람은 보셔도 되지만, 영화가 보고싶은 관람객에게는 개인적으로 아주 비추입니다. 스토리 되게 별로에요  ",2016-05-13 23:30:00
618,cons****,그닥....추천은 못하겠음  ,2016-05-13 08:18:00
619,가코닌자(oper****),"솔직한리뷰쓴다. 더이상 나같은 피해자가 생기지않길 바라며...처음엔 긴장되고 재밌다, 중반부로 갈수록 귀신이아닌 좀비가 나오는데 그냥 웃길뿐이다. 어의가없어서.. 후반엔 그냥 나가고싶은데  하필 가운데 껴앉아 억지로 봤다. 이거볼바엔 시빌워두번봐라  ",2016-05-12 15:26:00
620,woon(woon****),평점이 좋아서 봤는데 진짜 최악이예요 보고나서 찝찝함을 떨칠수없습니다 정신건강에 매우 안좋습니다 보지마세요 돈아깝고 시간도 아깝습니다 차라리 그돈으로 한강가서 사랑하는 사람과 치맥하세요 좋은것만보고 좋은 생각만하기에 인생은 짧아요  ,2016-05-23 01:31:00
621,해피바이러스(lwh9****),졸재미없음진짜재미없음  ,2016-05-20 02:21:00
622,bera****,정말 안봐야 했던 영화입니다.  ,2016-05-18 12:55:00
623,shbs****,개핵노잼쓰레기같은영화  ,2016-05-17 13:21:00
624,dreamer0211(aksl****),진짜 극혐 내인생 최악의영화  ,2016-05-16 23:21:00
625,코코간식(rmsd****),"영화 스토리의 개연성이 부족함 , 혼란스럽고 돈과 시간만 버린 느낌 .  ",2016-05-16 23:21:00
626,이승호(enos****),이 수위에 15세관람가인걸보면 관객들의 돈이 목표지 관객을위한 영화는아닌듯.. 그리고 이런영화에 환호하는 관객들을보면 무섭다.. 사람들이 점점 자극적인것에 열광한다는게..  ,2016-05-16 10:11:00
627,비타민씨(dhfh****),"별 1개도 아까움 개연성도 없고 인터넷에 떠돌아다니는 숨은 의미, 해석 보고 소름이라는애들 진짜 이해안감걍 노잼ㅋ  ",2016-05-16 04:21:00
628,나은(kona****),핵쓰레기 하루종일 그지같을듯  ,2016-05-16 03:02:00
629,simp****,같은 상영관에서 본 관객들중 누구의 입에서도 재미있단 소리듣지 못한 영화  ,2016-05-16 03:00:00
630,바람바람(gudg****),연출장난으로 헷갈리게 만들어서 무서움을 짜냈다. 생각해보면 스토리는 병맛에다가 온갖것들 다가지고와서 짬뽕임. 목적없는 악마와 뜬금무당 동맹설에 아 여튼 앤딩은 기독교 코스프레 해볼려고 고생많았음 노답영화  ,2016-05-15 23:01:00
631,이승영(rill****),대국민 낚시 영화....곡성을 가도 이것보단 잼있겠다  ,2016-05-14 18:30:00
632,꾸믈래(erty****),최악... 언론 낚시에 놀아난...스토리도 그지같고 말고안되는 내용에 정말 어이상실 절대 보지마세요  ,2016-05-14 00:28:00
633,두꺼비(rhd1****),1도 안무섭고 웃겼음좀비 넣은 이유가 걍 훼이크였다는 감독인터뷰 어이없음 ㅋㅋ걍 넣으려면 무섭게 좀 만들던가영화관 사람들 다 웃음 ㅋㅋㅋㅋ  ,2016-05-13 14:08:00
634,nabi****,정말기대되서오늘개봉하자마자조조로봤습니다..음..제가영화를볼줄모르는건가요..영화가계속산으로가고..어줍잖은좀비에..잔인하기만하고..무얼얘기하자는건지도모르고..그냥좀실망스럽네요..개인차가있을듯..  ,2016-05-12 14:57:00
635,죽일놈3명(zxcv****),관객 속이려고 아주 되도 않는 떡밥 더럽게 뿌린다. 박평식 이거에 높은 점수 주는 건 또 뭐냐... 에휴.. 다른 명작은 그렇게 까대더니 결국 평론가도 개인취향  ,2016-06-09 05:06:00
636,조이(pril****),"아..누가 이거 재밌다고했나요?정말 역겹고 피 튀기고 잔인하고 머릿속을 더럽히는 영화입니다 자극적으로 만드려고 온갖 시각적으로 잔인한 건 다 사용햇구, 속았단 기분만 드네요 돈 아깝다 아역도 정신적으로 피폐할 듯  ",2016-06-09 02:52:00
637,Song(hoon****),관람객허겁지겁 결말짓는 느낌  ,2016-05-31 02:19:00
638,판타지(nemo****),정말 기대를 많이했는데 이상합  ,2016-05-11 22:50:00
639,신여성(ohar****),관람객초반엔 무섭고 재밋엇는데 뒤에 결말부로갈수록 노답... 영화도 너무길고....전개가빨리됏으면좋겠는데...  ,2016-05-25 08:30:00
640,이민재(zzzz****),관람객극혐 돈아까움 ㅠ보지마요 정신건강에 해로움  ,2016-05-16 22:45:00
641,wlal****,분명중간중간에 코미디가 있다 ㅋㅋ 대나무밭 좀비씬 코미디인줄 2시간반 동안 뭘본건지 모르겠고 황정민 천우희가 왜 이영화를 했는지 모르겠다  ,2016-05-16 03:17:00
642,장경원72(jkwj****),관람객초반지루하고 몰입도 떨어지고 스토리 전개가 애매함  ,2016-05-16 11:00:00
643,tlsw****,평론가들의 취향은 알수가 없다  ,2016-05-12 09:07:00
644,편의점(cig_****),기대하고봤는디 핵노잼이네요..뭘말하고자하는지 알겠는데 억지스럽고 어색합니다...ㅠ배우들연기에 별하나드리고갑니다.광고에현혹된듯한 느낌입니다.  ,2016-05-11 20:53:00
645,오월(yenn****),이용철이가 높은 평점을 준 영화는 안 좋은 영화다. 보러가기가 망설여진다.  ,2016-05-11 20:07:00
646,인트로듀스(sjm7****),화면 기분나쁨 안보고 싶은데 계속 광고하네  ,2016-05-11 18:08:00
647,빛나리(gjsk****),관람객그냥 사람 기분나쁘게만 할 뿐이고 내용은 뭣 하나 좋은게 없는 한국영화의 OO은 점을 총망라한 졸작. 와중에 배우 연기나 배경 등만 좋고 내용은 돈주고 볼 가치도 없음  ,2016-05-30 08:31:00
648,정글(tran****),방금 보고 나옴. 쓰레기  ,2016-05-28 04:06:00
649,네크(dudr****),어느 평론가의 말이 귓가에 맴돈다....잘 만든 영화라면 평가가 이톡록 극과 극으로 나뉘지 않는다고....  ,2016-05-25 10:25:00
650,대박조짐(jkhl****),1보다밑은없네요  - 1000  점주고싶네요미끼를던진~? 영화~? 스릴러 공포물 좋아하는 매니아로써 내용도없고 끝난건지도 모르겠고  반전이란 단어보단 억지로꼬여서 짜낸영화~!  평점좋게 쓴 분들은알바생~?  10점을 주다니~어이없네  ,2016-05-25 09:16:00
651,Q50(thek****),기대이하..지루하고 대체 무슨내용의 영화인지 알수가없다  ,2016-05-25 07:41:00
652,송상욱(tkd1****),"아니 엄청 기대하고 봤는데... 말도 안되는 스토리를... 좀비는 머고, 일본인이 트럭에서 살린 개는 머고, 진짜 앞뒤가 졸라 이상한 영화  ",2016-05-25 01:37:00
653,dusl****,관람객별로임 돈아까움 다시보기싫음  ,2016-05-23 22:27:00
654,소금인형(tole****),일본놈무당 황정민 무당이 짜고 한마을에 연쇄 친족살인 일어나게하는 쓰레기 좀비등장영화. 개연성설명엔 코어영화니깐 이해하라하고 수준있는척 나대는 기획사 홍보를 통한 흥행몰이의 결정판.  ,2016-05-23 21:24:00
655,디싸이플(kyhm****),어이없고 허탈하고 짜증나고 스트레스 받고....왜 쓰레기가 생각날까?  ,2016-05-23 21:24:00
656,no7 신철민(tlsc****),"실재로 본 사람만 압니다. 좀비? 완전 찝찝하고, 반전조차도 찝찝하고 이것이 왜 15세 인지 이해도 되지 않고, 떡밥들을 찾긴했는데 열받고, 여튼 그렇습니다.  ",2016-05-13 18:47:00
657,두 잇(kaii****),"내 원  참... OOO의 영화라고 말하고 싶소. 처음 영화평 올리는데, 이 영화는 쓰레기같은 영화라고 꼭 말해주고 싶소.  ",2016-05-12 15:21:00
658,이감독(film****),당신은 평론가와 알바가 던진 그것을 물어뿐겨. - 영화 오늘 봤다 지우자마라 네이버 / 알란 파커 감독의 엔젤하트를 쌈마이로 만들어 뿐겨  ,2016-05-12 02:50:00
659,JUSTICE(8pea****),별 시답지않은 영화 재미도 감동도  스릴도  아무것도 없어 그래서 난 한국영화 돈주고 안봐  ,2016-07-22 23:36:00
660,페코(diek****),개연성 하나도 없고 회수도 못할 떡밥만 뿌려놓은 지루한 영화 그래놓고 뭐 해석? 열린 결말? 그럴 가치도 없음  ,2016-06-09 00:53:00
661,프란시스(byc0****),"관람객보는 내내 짜증의 연속이었음.이미 그런평을 들었던지라~별다른 기대는 안하고 있었지만,그래도~ 5~600만 명이나 봤다고해서,다른 무언가가 있진 않을까? 하는기대는 있었지만~ 역시나~~~짜증나고, 메스껍고, 역겨운 영화였음!곽도원은 좋음!  ",2016-06-01 10:30:00
662,페왕(pcmn****),"이 감독의 뇌구조가 문제가 있음. 일단 잔인함. 보고나면 지울 수 없는 찝찝함...이리저리 끼워맞춰 영화를 만들긴 했지만, 억지 설정에...   간단히 요약하면, 착한 귀신과 나쁜 귀신의 계속된 싸움 속에 나쁜 귀신의 계속된 승리...이런 쓰레기...  ",2016-05-26 00:16:00
663,kjg0****,와 진짜 개똥같다 열자 ㅋㅋ  ,2016-05-25 08:55:00
664,hyeo****,쓰레기 영화....진짜 쓰레기 영화엔딩 크레딧 나올때 뭐 더 남은거 없나 한참 기다렸네완전 쓰레기영화  ,2016-05-23 21:30:00
665,독종항우(joo8****),살인의 추억을 기대했지만 여고괴담이었다  ,2016-05-16 23:53:00
666,sara****,"시간이 아깝고, 배우들의 열연이 아깝다. 말도 안되는 반전(이라 주장하는)과 복선의 정의도 모르는 마음대로의 구성 . . 기가 막혀서 처음으로 로그인해서 평점을 쓴다.  ",2016-05-15 23:24:00
667,ㅋ(dlal****),ㅋㅋ 장르 짬뽕에 그냥 재미없구 시간 아까움 질질끌고  ,2016-05-15 05:22:00
668,엔쥬(lshl****),다 담으려다 하나도 못 담은 영화  ,2016-05-15 02:56:00
669,응앍(msjm****),보지마세요 진짜 개화나네미끼만 실컷 던져놓고 답도 없고  ,2016-05-15 02:42:00
670,봉이(lcf4****),결말 황당 내용 어이 상실  ,2016-05-13 23:32:00
671,jjk9****,난생 처음 평점 올려봄... 대실망...  ,2016-05-13 23:14:00
672,ghkd****,내생애최악의쓰레기영화  ,2016-05-13 19:45:00
673,9108****,절대 보지마세요....  ,2016-05-13 18:05:00
674,kafe****,그야말로 과대평가...  ,2016-05-13 13:01:00
675,블루(tyty****),감독과 제작진들아  이런말까지 안할려 했는데 죽고싶냐????  ,2016-05-12 23:09:00
676,뿅뿅뿅(sh_7****),리뷰 쓰면 선물주는 이벤트하나? 아니면 알바를 풀고있나? 이렇게 호평받는 이유를 모르겠다. 앞뒤 개연성 없이 쫒겨다니다 끝난 기분.  ,2016-05-12 14:03:00
677,kdw7****,진짜 OOO기 영화네 알바 조나 풀어놧네 개 빡치네  ,2016-05-12 04:05:00
678,kims****,그냥 노잼.. 이건 뭐 대단한 영화라고 해서 봤더니 그냥 낚시만 함.. 그리고 수준 낮은 애들은 보지말라고 하는데 그냥 수준 이하의 영화임  ,2016-06-02 08:42:00
679,넝쿨(cool****),제품이 엉망이라  설명서만 불티나게 팔리는 느낌.  ,2016-06-01 19:06:00
680,난세야(sman****),결론은 쓰레기는 소각장으로..걸래는 빨아도 걸래다가 결론임..15세관람가를 허용해준 게쓰레기위원들은 지옥으로 가길 제발 기원한다..  ,2016-05-23 21:50:00
681,mr_m****,살인의 추억을 기대했던 내가 바보다.  ,2016-05-20 01:38:00
682,haij****,0점 or - 점수 있으면 주고 싶네요. 취향이 다른건 알지만... 이거 재밌다는 사람은 뭐가 재밌다는 건지.. 사람죽이고 좀비 나오고 어린애가 괴롭다고 소리지르고 가족 죽이는 것이 재미 있다는 건가? 감독이 뭘 말하려는지 모르겠고 쓸데없이 잔인함.  ,2016-05-19 22:32:00
683,kisaif(xodi****),어설픈 악마 CG처리와 개연성없는 내러티브; 평론가들은 제정신인걸까. 황정민의 연기쇼빼면 아무것도 없는영화. 천우희는 왜 처음에 바보행세를 한것인가.. 똑디 말할수있으면 처음에 언지해주면될것을?  고생한것에는 박수쳐주고싶지만 여기는 칸이아니다.  ,2016-05-19 20:31:00
684,CUIGUANGSHAN(chlr****),한국영화의 치욕이다..   이평은 본 사람은 절대로 이 영화 보지 말것..  ,2016-05-19 12:08:00
685,숭구리당당(mer1****),티비 재방이나 볼껄...  ,2016-05-19 01:07:00
686,namg****,반전영화임에도 불구 결말을 알았지만 속이 시원하게 풀리는게 아닌 찝찝함. 그리고 보는 내내 관객이 스스로 몰입해서 유추하는게 아니라 억지로 한쪽만 보게 만들어 놓고는 쨘 아니지롱 하는 거지같은 기분 .. 보는내내 불쾌.. 억지영화의 진수  ,2016-05-18 12:01:00
687,rlad****,내용에 개연성이 없다 내용을 영화에 담지 못하고 해석을 봐야만 하는영화  ,2016-05-17 23:24:00
688,blue****,"다시는 보지 않겠습니다 개연성 억지로 맞추려 하는,이런 영화를 시간을 내서 본게 저는 아깝다고 느껴지네요배우들의 연기력은 인정 합니다하지만, 제가 여태껏 봐온 영화중에 제일 불편했던영화로 기억 남을 것 같습니다  ",2016-05-17 22:12:00
689,마음(msim****),"호평이 가득하지만 정말 재미없는 영화였다. 개연성의 부족으로 관객을 우롱한 느낌이 들었다. 반복되는 스토리로 지지부진함도 있고, ...  ",2016-05-16 09:36:00
690,star****,비평가들 평점에 절대 현혹되지마라영화를 보고 나오는 순간 곡성을 듣게 될것이여  ,2016-05-16 03:15:00
691,김수진(asd2****),그냥. 내 돈주고 스트레스 받고 끝  ,2016-05-12 13:19:00
692,N(self****),관람객그래서 장르가 뭐라고?  ,2016-05-20 00:23:00
693,juye****,내가다른건다이해하고그냥저냥봤는데좀비는좀아니지않나....?황정민도뭐...캐릭터자체가뜬금없어....?그래도좀비는아니지...하...하  ,2016-05-19 04:08:00
694,해롱롱(remo****),핵노잼 진심으로 보고나면 그래서 어쩌자고?이생각이 드는 영화..평론가들 다 뒷돈 받아먹었나?  ,2016-05-18 07:05:00
695,쥐똥(drag****),관람객정신상태 악화시키는 최악의 영화였다  ,2016-05-16 22:11:00
696,kyh6****,관람객진짜 내용도모르겟고 잔인하기만해요  ,2016-05-15 01:12:00
697,크리스마스(bon5****),1점도주기싫은영화다제발안보길바란다15세관람가라니 말이안된다애들한테 너무자극적인데 왜 15세관람가인지 모르겠네욕나오는영화다돈벌어쳐먹을려고배우들연기가아깝다아~~욕나와  ,2016-05-13 16:27:00
698,영주맘(sunn****),15세는 말도 안되는 등급!  ,2016-05-12 21:05:00
699,라프로메사(seiz****),관람객당췌 무슨 내용인지도 모를 정도로 더럽구 싸이코패스적인 영화..  ,2016-06-29 08:26:00
700,양성민(sung****),"구성, 틀이 없음. 허술한전개.뜬금없이 갑자기 꿈이었고 사람들이 하나같이 설득없이  그사람이 범인이야  가지마이러기만 하고있고   무슨 애기나 로봇도 아니고영화를 생각없이 보는사람은 좋아할만은 하다.짜증날정도의 쓸데없는 긴장감을 주는건 인정.  ",2016-05-19 12:01:00
701,주형기(plok****),정말 말하기 싫을정도로 짜증나는 영화였구요 보는내내 내가 왜 미쳤다고 돈을 내고 보고있을까 라는 의문이 자꾸 들었네요이해력이 부족해서 그런가 뭘전하고 싶은건지 전혀 못알았구요 좀비는 진짜 어우 욕이 그냥 목OO지 나왔다가들갔네요  ,2016-05-19 01:08:00
702,Orangecandy(wnsw****),속지마세요 영화가 별 내용도 없고 개연성도 없고 괴상망측합니다.  ,2016-05-17 00:21:00
703,곰탱이(svgm****),평론가분들 돈받고 일하시나요?  ,2016-05-16 23:51:00
704,마네(nam2****),내 인생의 가장 쓰레기 같은 영화였다. 왠만하면 좋게 말하는 사람인데 이건 정말 보지마세요...정신이상 올거 같아요. 성인인데 이 정돈데 애들이 보면 무슨 생각할까 걱정되네요. 아역 불쌍해 이런 영화 다시는 없길.  ,2016-05-12 21:05:00
705,hwan****,정말 거지같음영화 공짜로 보여준디고해서 보러갔다가진짜열받아서 난생처음으로 평점남긴다. 보고나서이렇게 후회되고 열받은 적도없었다. 더럽고 찝찝히고 잔인하고. 감독은 정신상태 감정좀 받았으면좋겠다.  ,2016-05-20 04:09:00
706,키키캬캬(mhk8****),관람객재미를 떠나 어느정도는 힌트를 줘야 관객이 공감을 하고 유추를 하지 이건 뭐 밥먹는신 나오다 눈깜짝할사이에 똥싸는 신 나오는 격이네  ,2016-05-19 00:24:00
707,sang(sang****),0개가 있었으면 0개 표시했을텐데.. 의미도 없고 결말도 없고.. 잔인하기만 만들면 당연히 시간가는줄 모르겠지. 개연성도 아무것도 없는 영화  ,2016-05-18 14:03:00
708,둥둥둥(day_****),관람객저희는 안맞는거 같습니다.중간에 나왔어요...  ,2016-05-15 19:38:00
709,여울유(ooio****),관람객뭔가 애매하다. 내용이 이랫다 저랫다..  ,2016-05-13 08:19:00
710,흰모래소년(cell****),관람객긴장감은 내내 유지하나 해소되지 않는 찝찝함이 걸린다. 귀신영화는 좀 어이없네요  ,2016-05-11 23:39:00
711,꿈꾸는사람(yyc9****),관람객존나 재미없다 존나 의미없다  ,2016-05-14 03:07:00
712,북마크(lydf****),관람객야근하고 보지마세요 꿀잠자다 왔네 번개두방 맞을때 잠깐깼음  ,2016-05-12 00:58:00
713,이래예(raey****),관람객무섭지도 않고 재밌지도 않은  ,2016-05-11 23:56:00
714,옹(dbfk****),"엔딩 크레딧 올라가는 동안 머릿속이 복잡해졌습니다. 더 보겠지만, 최근 만들어진 한국 영화 중에서는 제일 인상적인 영화였습니다. (어제 저녁 메가토크로 관람하고 왔습니다.)  ",2016-05-11 06:53:00
715,lovelygirl(mise****),하도 뭣이 중한디 해대기에  봤드만 보고 웃음만 나오는 영화 코메디좀비물에 격을 따지긴 뭐하지만 현실감제로연기자들 연기는 잘하네  ,2016-07-23 13:58:00
716,뽕큐뽕(daed****),뭔가 있어보일려고 각 종 장르의 기법을 다 썼지만 스토리는 산으로 가고 남은건 똥 뿐임  ,2016-05-22 01:15:00
717,장턴(dong****),관람객늑대     일본인똘마니 황정민시민     곽도원의사     천우희  ,2016-05-21 00:44:00
718,acquiesce(ljb2****),평론가를 위한 영화일뿐. 그리고 영화평론가가 얼마나 불필요한 존재라는걸 알게해줬다.  ,2016-05-21 00:23:00
719,mimimo(hell****),영화보자마자 평점주기는 첨이다~평점에 놀아난 느낌 완전 곡나와~영화 보는내내 넘 징그럽고 짜증나고 시간은 무지긴데 내용없고 반전에 반전이라는데 반전이 재미없음~뭐지?~의문만 드는 영화~  ,2016-05-20 23:23:00
720,콩새(rise****),"다들 영화끝나고. .짜증난다고 연발함,머리아프다,피곤하다  ",2016-05-20 23:07:00
721,닥스(sch7****),재미없다. 이거 한마디면 됨  ,2016-05-19 23:08:00
722,카라숑송(happ****),초반에는 재미있다가 뒤로 갈 수록 영화가 무슨 말을 하려는지 이해가 안가네요.  ,2016-05-15 02:56:00
723,wonderㅡjy(wond****),"1점도 주기 아까운 영화임..15세인건 정말 말도 안되는 수준의 잔인함이였고, 보는 내내 너무나도 기괴하고 소름끼치며 기분나쁜 장면들에 괴로울 정도였다..내 인생 최악의 영화이다!!!!정신건강에 너무 안좋을듯!!보지마세여  ",2016-05-15 02:29:00
724,박보검(dmsd****),재밌다고한사람들누군지진짜고소하고싶다  ,2016-05-14 21:59:00
725,ㅈㄷㄹㄷ(viob****),개연성 종범 뒤만 찝찝함 걔는 왜 그랬지? 그건 뭐지? 이건 왜 한거지?  ,2016-05-11 23:45:00
726,또항해시대(godp****),"영화에 집중을 안한 사람들과, 이해력이 딸리는 사람들에게 뭔가있나 보다.. 하게 만든 영화.  이해력이 보통은 되는 관객에겐, 애초에 앞뒤 안맞는 시간낭비 엉터리 영화!  ",2016-09-19 10:25:00
727,돌도사(kyt6****),관람객누가 작품성을 좋다고 말했나?무엇이?  ,2016-07-23 15:05:00
728,그 루 터 기(hong****),청소년관람가가 맞냐고요?  근친살해가 청소년관람가 맞아요? 자녀들 데려갔다가 영화보고 성질이 나네요감독의 사고의식도 의심스럽고 그걸 등급매기는 심의위원회도 그렇고요. 그리고 영화의 결론도 없는걸 방송에서는  재미있다고 선전하고..꼴갑들 합니다요  ,2016-05-29 23:40:00
729,블루이글(leej****),관객을 어리둥절하게 만든다고 높은 수준의 영화가 되는 것은 것은 아니다.  ,2016-05-24 00:14:00
730,ju(jmcj****),영화보려고 극장갔더니 곡성이 극장 장악해서 다른영화는 상영도 안하고 할수없이 이 영화봤는데 결말이 흐지부지.. 이게 머지.. 이런생각하고 나온 영화.. 돈 시간 아까웠습니다. 너무 실망했어요. 황정민씨 무당 연기는 일품 연기자들 연기는 괜찮은데.  ,2016-05-23 00:44:00
731,kasakjs(kasa****),초반부는좋다 중반넘어가면 억지로반전반전 그러더니결말은 수습불가 어거지로반전시키니 내용이나 개연성도없고  몰입도도읍고 다신보고싶지앉은 영화에 등록  반전도 좋치만 최소한  먼개기가있던가 개연성도없고  그냥반전  삼류영화도아니구  돈아깝습니다 진심으로  ,2016-05-23 00:29:00
732,남자향기(lupo****),아무것도 모르는 백지 상태에서 영화를 봤다. 중간에 와이프가 몇번이고 나가자고했다. 나 역시 c.8이라는 말을 한 서너번 한것 같다. 주말밤 내돈 주고 이런 쓰.레.기 영화를 본것에 화가 나네요. 아주 더러운 기분입니다  ,2016-05-22 22:47:00
733,버디빵(yipa****),"관람객최악의 영화.  주제도, 전하고자 하는점이 뭔지도  전혀 없다. 이보다 더 나쁠순 없다  ",2016-05-22 18:57:00
734,Hornet(novi****),돈개아까움 공짜로 보래도 다시는안봄  ,2016-05-20 23:08:00
735,카스토르(adht****),여자친구랑 같이 봤다가 제 몸 하나 못 가눠서 영화 끝나고 헤어질뻔 했습니다. 여러모로 영화 끝나고 찝찝하네요.  ,2016-05-20 23:03:00
736,챠프D(suny****),무책임한 감독이 만든 겉만 번지르르한 영화  ,2016-05-20 21:50:00
737,시아(dldn****),아나 알바풀었냐? 이렇게 ㅆ노잼인 영화는 또 간만에보네 ㅡㅡㅋㅋ 야 진짜 내평점이 레알이다 절대보지마  ,2016-05-20 21:15:00
738,야호(znzl****),영화 이따구로 만들고 알바풀어서 관객유도하는 더러운 수법스면서 스크린쿼터제 폐지하지말란다ㅋㅋ 웃기는소리하네  ,2016-05-20 12:55:00
739,ㅎ(tree****),정신건강에 유해할 수 있으므로 청소년관람 피하시는게.. 좀비 악마 가족간 살인  결국 비극적 결말등..갱ㄹ적으론 찝찝함을 가져다주는 영화였습니다  ,2016-05-16 08:43:00
740,ccws****,돈아깝고 화가남다. 감독은 개연성이 떨어져도 억지반전을 만들면 잘만든 영화라고 착각하는듯.  기독교나 종교의 신성함도 비하하는듯 느껴졌다.  ,2016-05-16 03:09:00
741,훈남이라해죠(cyi1****),"감독의 판타지를 관객에게 실험한듯한,, 불쾌감,,보고나면 찝찝하다는 말이,, 이걸 두고 한 말인가,,주제도, 장르도, 모두 모호하다그냥 말도안되게 모호하고 불쾌한 영화  ",2016-05-16 03:08:00
742,황동현(hwan****),평정처음남긴다안보는거추천  ,2016-05-15 23:29:00
743,개미를지켜라(sksm****),자기가 이해했다고 1점주는 사람왜 욕하는거지?나만 영화잘보눈 멋쟁이야 이런겅가? 모든사람들 눈에 아우르는 대중성또한 실력인데 나는 8점정도로 재밌게봤지만 나만잘낫어 하눈 인간들땨매 1점준다  ,2016-05-15 16:21:00
744,99gr****,여러가지하려다 수습불가 상태로 덮은 영화  ,2016-05-15 16:18:00
745,솔방울(hjha****),별하나도 아깝다.옆자리에서 시빌워볼껄..탄식이  ,2016-05-14 23:53:00
746,아이캔두잇(2001****),진짜 이거보고 토 나올뻔함. 처음부터 끝까지 대부분 좀비아니면 죽고 죽이는거. 별 스토리도없고 그냥 잔인하다는 생각밖에 안듦. 이럴거면 청불로 바꿔라 15세는 아니다 진짜.  ,2016-05-14 23:48:00
747,세희(pshd****),진심 영화보는내내 식은땀 스트레스 나가고싶은 충동이 엄청났지만 만원도아깝고 결말이 다해결해주겠지했는데 나올때 결말보고 정말 허탈감쩔었음 페북에뜬 해석을 봤는데도 그냥 짜증나고 찝찝함ㅋ 괜히봤다는생각 개쩔...  ,2016-05-13 23:56:00
748,권기완(rkdc****),"영화 한편에 만원 최저시급 6,000원 가난한 학생들은 두시간 일해야 볼 수있는 영화에요. 수용하는 사회는 안중에도 없네요. 감독이 느끼는 쇼킹한 감정과 사람이 짠함을 느끼는 요소를 개연성 없게 풀어놓았네요. 자신이 대단한 천재인것 마냥  ",2016-05-13 21:18:00
749,스마일(cb65****),절대 보지마세요 왕 짜증  ,2016-05-13 19:14:00
750,박주영(qkrw****),하 감독이 미친건가 나오면서 욕나온다 진짜..돈과시간이 아깝다 잔인하면서 이렇게 지루할수가 있나 도대체 뭘위한 영화인지모르겠다 정말 딱 미끼를 관객에게 던졌다 와 귀신이 피를말리는게 아니라 영화가 관객을 피말려죽이다정말 하 알바 작작써라 휴  ,2016-05-13 18:37:00
751,pppk****,별 내용없는 영화네요...현실적이지도 않고..황정민 안나오면 아무도 안볼듯하네요  ,2016-05-13 02:44:00
752,강철(true****),"미스테리 성향의 영화에서 제일 중요한 것이 결말인데, 왠 악마? 적그리스도? 신부의 뜬금없는 급발작식의 캐릭터 변화도 그렇고, 악마/적그리스도 급의 일본인이 힘없이 당하고 있었다는 것도 논리부족. 논리,플롯의 중심과 결말이 부실공사라 허탈하고 짜증남  ",2017-02-09 21:45:00
753,acro****,"알바들과 과대 망상자들이 부풀려 놓은 영화, 반전에 놀라지만 그냥 관객을 놀래는데서 끝날뿐...  뭘 얘기하는 거지?  ",2016-06-01 21:48:00
754,유딘님(lleu****),내 기준 1점도 아까움 억지 반전 만들려고 꽤 있는척하지만 허술한 저급영화임 일본미신신앙 + 한국토속신앙 + 유럽악마신앙에 3류 좀비물까지 더해진 영화.평소 엑소시즘 관련영화나 고어물 좋아하는사람한테는 정말 유치한 영화 2명이서 6천원에 봤는데도아까움  ,2016-06-01 16:03:00
755,kkotshin(shin****),내가 살면서 황해 감독의 영화는 절대 안보겠다고 다짐했었다. 곡성 또한 황해와 같은 감독이 만든 영화인걸 알았다면 죽어도 안봤을거다. 천원내고 보라고해도 안본다. 영화만큼 더러운 언플에 속지마세요 ㅎ  ,2016-05-28 02:52:00
756,옹개리(buk4****),감독이 겉멋만 잔뜩들어서는 억지 메시지를 전달하려는 영화...현대 미술처럼 그냥 대충 만들어놓고는 해석하기 나름이라는 그럴듯한 말로 포장하면 있어보이기 딱 좋은 영화~  ,2016-05-26 23:12:00
757,zzoo****,비추... 여기저기 홍보만 열심히 해서 관람객 낚지말고 그 비용 제작비에 더 투자해서 영화나 제대로 만들기를... 평론가들 하나갈이 입맞춰 찬양하는 영화. 더티한 짓 그만들 하기를... 평론간지 홍보맨인지 그것이 알고 싶네요  ,2016-05-25 09:43:00
758,바람(chlw****),보지마세요 기분잡치는 OOOO영화입니다.돈주고 기분버리고 정신건강해치네요  ,2016-05-23 01:41:00
759,bana****,90년대 홍콩할매귀신 보는줄.... 보다 그냥 나온영화는 처음..;  ,2016-05-18 08:19:00
760,전종남(jnj1****),이게 어떻게 15금이냐?미친넘들..옥시보다 너네가 더 나빠  ,2016-05-17 00:13:00
761,eunh****,감독의 의도가 무잇인지를 쉽게 알지못할 만큼 정신이 없는 영화에요. 도대체 왜 그리 사람목숨을 쉽게 죽이는 영화를 만드시는지..꼭그렇게 피가 난무하게 해야했나요ㅠㅠ  ,2016-05-15 04:12:00
762,조블리(iwhi****),절대보지마세요 돈아깝고 기분나쁘고최악임  ,2016-05-15 00:53:00
763,고기(nono****),정신없고 일본 한국 미국 짬뽕 시킨듯한 깔끔한 결론처리 부족으로 짜증폭발함.  ,2016-05-14 23:47:00
764,체리향기(iama****),내 평생 이렇게 평점 남기고픈 영화도 첨이다. 언론과 평론가들에 의해 고평가된 저질영화다. 관람객들 평점1점 준 이유가 다 있다.  ,2016-05-25 17:57:00
765,jmhr****,관람객여러분들을 의심해서 미안해요...여러분들의 말이 다 맞았어요...ㅠㅠ 스토리가 음서요...ㅠㅠ  ,2016-05-23 23:31:00
766,Girl(dl69****),관람객무슨내용인지 이해가 안감 난해함  ,2016-05-22 22:16:00
767,sidsidsid(pret****),"저 일본놈 문재앙아닌가요 똑같이생겼네.영화내에서 한동네 개판치는것도, 나라개판치는 지금현실이랑 똑같네요ㄷㄷㄷ  ",2018-12-07 02:24:00
768,에나(bowe****),왜 띄워주는지 도저히 모르겠네요잔인하고 역겨운 장면도 너무 많고 스토리는 산으로 가고쓸데없이 길기나하고. 있어보이는척 하는 영화.  ,2017-05-21 11:02:00
769,bshe****,"감독은 연출을 너무 못했고 욕심은 너무 많았다. 사실을 믿지않고 엉뚱한 것에 마음이 뺏기면 이렇게 된다를 보여주고싶었나 본데. 곽도원가족이 무얼 잘못해서 사기치는 무당과 악마가 붙었으며, 곽도원이 왜 마을 수호신인지 아닌지 모르는 귀신을 믿어야 하나?  ",2016-11-16 06:54:00
770,미르(alsa****),관람객썸 타던 애랑 이거 보고 헤어졌다.  적극 비추  ,2016-06-03 16:42:00
771,겨(ekfk****),"관람객1점도 아까워요,,, 진짜 안본눈 안본뇌 사고싶습니다  ",2016-05-22 23:33:00
772,Aubade(fear****),관람객19세 금지영화로 올리죠... 동생한테 보여주기 그지같은 영화입니다 뭐 이걸 15세로 놔요;;;  ,2016-05-22 03:16:00
773,rjsg****,마치 배부른데 롯데리아가서 2000원짜리 싸구려 불고기버거 먹은느낌이다. 반전이고 떡밥이고 일가족 조지는스토리를 악마와 무당을 더해서 더욱 기분나쁘고 소름끼치는 스토리를 만들었다...  ,2016-05-19 01:01:00
774,임송이(scar****),"관람객곡성을 보고왔다나홍진은 예수를 아주 잘 이용해서 사탄을 만들었다. 마지막 '와타시는' 좀, 웃겼던것같다. 살짝 중2병느낌...그래서 15세가 아닐까...  ",2016-05-16 22:17:00
775,백호(halb****),관람객내용이지루하고별로였어요  ,2016-05-16 09:21:00
776,불벼룩(oolo****),관람객스포했던놈들 죽여버리고싶다  ,2016-05-13 13:42:00
777,태양이(kst2****),관람객역시 나홍진 감독 영화는 피범벅으로 시작해서 피범벅으로 끝나는  엔딩 크레딧이 올라간후에도 무슨 내용인지 모르겠음ㅡㅡ  ,2016-05-13 07:09:00
778,포포언냐(pjez****),"관람객 곽도원,황정민,천우희 세 배우보고 보기에는 스토리가 너무 난해합니다 두시간반동안 긴장의연속ㅜ  ",2016-05-12 23:46:00
779,권수현(suhy****),관람객줄거리가뭔지 ..결말이뭔지.  ,2016-05-14 21:44:00
780,thda****,관람객넘나 찝찝한것 별로야..  ,2016-05-15 18:56:00
781,aaaa****,관람객반전은있으나 그닥 좋은영화는아닌듯  ,2016-05-12 23:27:00
782,이연주(live****),오컬트 최고봉 아니냐 진짜 개재밌게 봤는데  ,2019-04-10 21:50:00
783,빅브라더(otmo****),현재 2019/2월 이 영화 이후로 볼 가치가 있는 한국영화 단 한편도 없었음  ,2019-02-16 01:17:00
784,보봉(ggga****),반전을 위해 개연성을 버리다  ,2016-08-02 17:32:00
785,행복(befr****),그냥 잔인하게 이유없이 막 끔찍하게 죽이는 영화. 그 이상도 이하도 아님. 어린 아이의 근친살인까지 집어넣는... 15세 관람가인게 믿기지 않는 잔인함.  ,2016-08-02 02:01:00
786,찐득이(shib****),집에 할꺼없고 놀꺼없고 친구없고 일거리도없어도두번은 안보고 싶은영화..^^;  ,2016-07-15 20:33:00
787,두루마리(jj26****),개연성 1도 없고 여러해석들 읽어봐야 이해하는척 할수 있는 쓰레기영화  ,2016-07-14 08:17:00
788,조던(geni****),관람객미끼를 던졌지만 안문 영화  ,2016-06-15 21:58:00
789,ddap****,솔직히 거품이 많이 낀 영화다.  ,2016-09-19 03:53:00
790,아아레귤러(goda****),"코에 걸면 코걸이, 귀에 걸면 귀걸이. 나홍진 감독과 이동진 평론가가 곡성에 대해 묻고 답하는걸 봤는데 동문서답에 들으면서도 무슨 말인지 모르겠더라. 다음부터는 여러갈래로 갈라놓고 얘기하는 영화같은거 만들지 말길 바란다.  ",2016-07-31 12:55:00
791,히힛(lego****),"""나는 천재다 그러니 이 영화를 보고 나를 존경해라""라는식의 과시용 영화랄까영화에 있어서 가장 중요한건 관객과 소통함으로써 관객에게 뭔가 메세지를 전달하거나 감동을 가져다 주는건데 이건뭐 OOO기 망작영화... 정말 그냥 돈아깝다는 생각밖에 안들었다  ",2016-07-16 10:07:00
792,조준혁(mbau****),관람객노잼노노노잼잼 여자친구가 허리만아프대요  ,2016-07-01 16:58:00
793,스바롬(wldu****),10점주는 따봉충들 극혐이다. 극찬할만한 영화는 아닌데  ,2016-06-03 17:07:00
794,chogath(sf10****),진짜 잔인하고 불쾌하기만한 영화 개 뜬금없는 반전에 뭐같은 결말  ,2016-06-01 16:52:00
795,ㄶㅁㄶ(bill****),영화보면서 나홍진이 개신교일거라고 생각했고 찾아보니 맞았다 냉정하게 말해서 나홍진의 종교가 이 영화의 본질자체를 저렴하게 만들었다 아쉽다  ,2016-06-01 02:02:00
796,cooo(simp****),"배우들 연기는 좋다. 하지만 도대체 영화 내용이 무엇인지  감독본인도 모르는 것 같은 여기저기 스릴러물 짜집기해서 구겨 놓은 잔뜩 맵기만 하고 감칠맛 없는 엉성한 작품이다, 영화보고 감독 이름을 확인했다 . 앞으로 가능하면 피해야겠기에.  ",2016-05-31 17:45:00
797,근성의백곰(bear****),산만함의 총집합체. 평론가들과 감독들은 좋아할 만한 영화. 이런 영화에 찬사를 쏟아내는 평단의 수준이  슬퍼진다.  ,2016-05-29 01:33:00
798,남C(skae****),연기자들의 연기들은 정말 대단했지만 스토리가 너무 애매하고 관객들의 해석위주로 한것이 아쉽습니다. 그리고 이 영화는 꼭 봐야한다라는 광고와 허위 평가들이 너무많이 기대를 준것이 직접보고나서의 허무함을 많이 느끼게 됫습니다.  ,2016-05-25 05:19:00
799,아이대어(ibig****),글쎄요...갑자기 좀비가 나타나서...스토리가 좀...지속적으로 깜짝깜짝 놀랐는데...너무 과대평가된 부분이 있지 않나 싶어요..이런 내용이었다면 안봤을 듯 싶네요..기대이하였네요..  ,2016-05-24 14:42:00
800,원준씨(arti****),그냥 관객들 속이려고 미끼 떡밥만 많은 삼류 한국 좀비 영화?  ,2016-05-23 09:39:00
801,난짱난짱(nana****),1점도 아깝다. 이 영화 아직 안 본 사람의 눈을 돈주고 사고싶다는 리뷰에 백퍼공감한다.  1점짜리에 다 좋아요 눌러줬고 나도 이렇게 쓰고있다. 주변사람들 절대로 보지말라고 알리는중.  ,2016-05-22 22:50:00
802,엠동주찰리(mdon****),2시간반내내  혐오스러움 그래도 결말을 기대했으나 그대로 피칠갑만 한채 끝나버리니 관객이 오히려 폭행만 실컷 당하다 나온느낌  끝나구  내가 던진말은  머 이런 ㅈ같은 영화가 다있어   절대보지말길  게다가 후기는 꼭 뒤까지 잘보길 알바장난아니네 쓰레  ,2016-05-22 22:44:00
803,골짜기(mana****),한 감독의 조잡한 사고력의 극치  ,2016-05-22 20:24:00
804,정우성(jung****),이게 잼있는건가??  전혀.  ,2016-12-04 06:06:00
805,별이맘(her_****),관람객반전에 반전 하지만 내용도 모르겠고  ,2016-07-01 11:08:00
806,미들네임D(x111****),최악이다 긴장감은 억지로 조성된 느낌 보는내내 느껴지는 답답함과 전혀 이해 안가는 전개 그리고 악마와 무당의 조합은 전혀 개연성도 없고 이게 좀비물인지 사탄물인지 퇴마물인지 갈피를 못잡겠고보는 내내 떡밥만 있던 내 인생 최악의 졸작영화  ,2016-06-02 06:56:00
807,대충인간(didw****),왜 15세인지 이해가 안되는영화...  ,2016-05-28 03:42:00
808,처음처럼(yjh6****),처음으로 남긴다. 의미나 알고 빨아대냐?지적 허영심으로 가득찬 한국 관객을 후렸다면 후린거지.추격자로 돌아가라. 홍진아.하긴 그땐 걸출한 제작사인 비단길이 있었지.  ,2016-05-28 02:37:00
809,파머스(dark****),그냥 악마 토속신앙 짜집기인데 등장인물들은 바보라서 맨날 당함.  ,2016-05-26 00:36:00
810,fish****,작가의 자위행위가 적나라게 드러난... 한마디로 역겹다  ,2016-05-24 11:17:00
811,야리꾸리별(twil****),관람객갈수록지루   3류시나리오일류배우를쓴꼴  ,2016-05-22 15:45:00
812,hyewon(hanh****),관람객왜봤지;; 돈날렸다..  ,2016-05-21 00:26:00
813,승리하자(msch****),관람객개노잼이었다 왜밧지 이걸  ,2016-05-20 20:12:00
814,라기(leej****),홍길동이 성인 파괴영화면 곡성은 청소년 파괴영화  ,2016-05-19 12:09:00
815,rize****,"그 전의 감독의 영화들과 비교했을때 너무 함축적인 의미를 많이 쓰고 스토리 전개가 답답하게 이어지는 부분이 많았습니다. 그저 이번영화는 감독이 세계 영화제 수상을 위해 작품성에 치중하고, 황정민이라는 티켓파워를 이용해 관객몰이도 한 그런느낌입니다.  ",2016-05-18 08:17:00
816,rams****,"더러운 자극에 더 더러운 자극을 더한 것 이상도 이하도 없음... 개인적으로 여교수의 은밀한 매력,  성냥팔이 소녀의 재림을 능가한 작품.  평론가들을 더이상 신뢰 할 수 없게 만든 영화.영화라는  예술에 뒤에 숨어 관객들에게 사기친 느낌.  ",2016-05-17 13:12:00
817,메롱메롱메롱(thad****),청소년관람금지해야되요...이런걸어떻게 미성년자가봅니까ㅡㅡ  ,2016-05-16 20:57:00
818,min1****,관람객그냥저냥 미끼만 던진 영화  ,2016-05-14 23:04:00
819,초월함(ojj0****),"보면 반드시 후회함. 천우희, 황정민 아주 짧게 등장함. 그냥 곽도원 영화임. 배우연기는 감독성격이 OO 맞아서 잘들하나, 감독의 연출력이나 편집실력 엉성하던데 감독은 본인 싸대기 직접 천대 정도 쳐라. 일본놈이 악마고, 천우희는 귀신이고, 황정민은?  ",2016-05-13 12:22:00
820,눈물의똥꼬쇼(moki****),"아...내돈.,..  ",2016-05-12 14:25:00
821,마라토너(prin****),사악하기 이를데 없는 영화.내 평생에 이렇게 악한 영화를 본적이 없다.영등위는 왜 이 영화를 15세 등급판정을 내렸는지 이해할 수 없고 무엇을 위해 만들었는지....소름끼친다.  ,2016-05-12 12:45:00
822,하은쨔응(gkdm****),재미도없고 머리만 아프고 왜 이렇게 길게 만들었는지궁댕이도 저리고 보고 난 뒤엔 정신병걸릴거같다ㅡㅡ이렇게 보고나서 후회되는 영화도 처음임..  ,2016-05-12 01:48:00
823,ymc7****,내 인생 최악의 영화. 내용이 피뿐인영화. 지루하게 길고 끔찍해서 더이상 보고싶지 않다고 생각한 영화  ,2016-05-12 01:35:00
824,신짱(tlsc****),한마디로 사탄이 춤을추는 영화..  ,2016-05-11 23:44:00
825,쎄쎄(cczx****),평점 10주는사람 다알바임??? 개노답 개막장 그냥쓰레기  ,2016-05-11 23:11:00
826,욕심쟁이(ghd8****),관람객보는내내 할리우드 3류 공포영화를 보는듯한 느낌 뻔한 구성 연출  ,2016-06-07 20:04:00
827,요술공(wjdd****),관람객머리속에도 마음속에도 남는게 하나도 없다. 2시간40분동안의 긴 시간에 선명한 메세지 하나 남는게 없다면 이건 정말 잘 된 연출인가? '너가 몰라서 그런거야' 라고 한다면 내가 그걸 왜 영화를 보면서 찾 질 못하고 네이버 검색에서 찾아야 하는건지..  ,2016-06-06 20:18:00
828,jhh31(shil****),관람객인생 최악의 영화.. 정신적으로 보는 내내 힘들었고 심신 피폐해지는 느낌이었음 중간에 진짜 뛰쳐나가고 싶을 정도로 보는내내 괴로웠음 내기준에서는 명작인지도 모르겠고 온통 자극적인것만 짬뽕해서 만든 영화같았음 효진이 비명소리만 듣다온 느낌 진짜 최악  ,2016-06-03 05:07:00
829,이슬(sihs****),"관람객관람객을 기만한 영화, 줄거리의 개연성도 없고 왜 저런 장면을 넣었는지도 모르는 부분도 많고 보는내내 긴장감도 없고...  ",2016-06-01 10:31:00
830,영보살(jcki****),알바들 많은데 많은 사람들이 있어보인다고 하니까 뭐가 있는지 억지로 찾아서 많이들 본다 근데 속이 비어있다 감독은 반전의 의미를 모르고 있다 오마쥬만 넘처나고 주제를 시궁창에 밖아버린 안타까운영화  ,2016-06-01 01:25:00
831,borntobb(hhs4****),관람객최악. 러닝타임3시간이라 미치는줄대한민국 영화 답없다이딴게 흥행하고. 국민들 미개하고  ,2016-05-28 12:01:00
832,ks13****,평점 첨남겨보네 아ㅠ 쓰레기  ,2016-05-23 01:55:00
833,광철이(skc5****),관람객진짜진짜 노잼임 킬링타임용으로도 보지마라  ,2016-05-21 23:48:00
834,슈퍼맨(reme****),관람객쓰레깁니다 보지마세요 여친하고 헤어질뻔함  ,2016-05-21 16:46:00
835,bokg****,관람객곡성 관람객 평점 작성어어어어  ,2016-05-21 02:12:00
836,하이컨셉(haeu****),싸구려 좀비영화 일단 괜히보았네요...  ,2016-05-20 01:22:00
837,chal****,장난 하냐 나랑 지금..보는동안 찜찜하고 보고나서는 더 찜찜한 영화. 친구는 보고나서 짜증나서 밥맛도 없다고 하고..오늘 날씨는 좋은데 기분은 영 아니네. 제목처럼 보고나면 곡소리 나는 영화  ,2016-05-18 13:16:00
838,지우개(nans****),아...실망이네..  ,2016-05-18 06:07:00
839,쨩짜라(wwwi****),이해하고 싶지도 이해하기도 싫은 영화... 무슨 시대가 언제인데... 좀비+무당+악마+미신+비현실... 환불 안될까요?ㅋㅋ  ,2016-05-15 23:25:00
840,라이즈굿(scj9****),장난없고 진짜 정신병 걸릴 것 같다  ,2016-05-15 07:46:00
841,LGTWINS(s2mo****),이걸 영화라고 반전의반전???? 기가차서 웃음이 나온 영화임  ,2016-05-14 14:42:00
842,이지선(dlwl****),1점도 아까워요 차라리 시비워를 한번 더 보거나 홍길동 보세요 돈 완전 아까움! 왜 이게 15세 관람가인지 이해불가 평점 높게 주신분들 이해불가  ,2016-05-14 09:32:00
843,매일마다(ms_h****),1점도 아깝다 어설프게 흉내로 가득한 영화  ,2016-05-13 23:51:00
844,수정냥(suju****),첨으로 영화를 보고 아내에게 짜증을 냈다  ,2016-05-13 23:50:00
845,지혜(cofa****),15세는 뭐냐 영등위 돈받은듯  ,2016-05-13 12:31:00
846,lris****,할말이 없음. 국산영화가 발전하려면 평론가란놈들과 영화기자 놈들이 양심이 있어야함!이딴 쓰레기 중에 탑쓰레기영화를 명작입네 띄어주니국산영화산업이 욤양요꼴이지.겉멋만 잔뜩 들은 함량미달의 감독이 지가 무슨명감독인냥 OOO 떠는 최악의 영화!!  ,2016-05-13 02:51:00
847,seun****,아...내가왜봤을까...내 정신까지 피폐해지는기분진짜 기대하고 봤는데 보는내내 속이울렁울렁...토쏠림19세였으면 마음의준비라도하고갔지..추격자나 황해볼때는 이러진않앗는데 곡성은뭔가 보고나오는데 기분이 더러움을넘어서 줙같음  ,2016-05-12 23:40:00
848,케이(yk83****),진짜 소름끼치고 재미없고 이상합니다. 이상한 괴물들이 자꾸 나오고 정말 싫습니다. 절대 보지마세요.  ,2016-05-12 19:58:00
849,leem****,몰입감은 있으나 감독이 관객을 우롱하는 영화  ,2016-05-12 14:59:00
850,도짜리(sane****),"나홍진감독님....,,자기도취상태에서 너무 가신듯....저는 알바도 아니요 영화관계자도 아니요 그냥 영화 좀 보는 40대일뿐이지만이건 뭐 오늘 조조로 봤길 망정이지 돈 아깝고 몸이 다아프네요완전 긴장 상태로 견디다가 나올땐 헛웃음  나왔어요  ",2016-05-12 14:46:00
851,난나(kkk0****),이동진도 못 믿는다....  ,2016-05-12 00:59:00
852,nare****,문재앙닮은 외지인이 절라도에 들어와서 주민들을 좀비로 만드는데 그걸 막으려는 군복입은 여자애를 뿌리치고 모두 다 죽는다.. 딱 우리나라네 ㅋㅋㅋㅋ  ,2018-08-12 16:47:00
853,옥군(extr****),일반  대중 들이  느끼기엔  관객을  완전히  농락하는 스토리로 어느하나 일관된 내용들이 단한개도 없음.이  말도 안되는  스토리를  감독도  만들어  놓고  스토리  해명  정확하게 못하는데  어쩔.  ,2017-02-09 23:39:00
854,에버피스(metp****),관람객전혀 관객에게 배려가 없는 영화  ,2016-05-31 20:32:00
855,rara****,ㅅㅂ 이거 뭐야.  미스트보다 돈이 더 아까울줄은 상상도 못했다.  언론과 자칭 평론가라는 양반들은 그저 국산영화라면 껌뻑 죽는다는걸 다시 한번 느낀다.  눈깔 필터 좀  빼라  ,2016-05-28 03:00:00
856,박정혜(78po****),관람객계속 반전기다리다 지친영화  ,2016-05-19 19:38:00
857,팬더리코알라(mylo****),친구가 스포 해줬는데도 1도 이해못하겠다.  ,2016-05-19 02:53:00
858,후니군(huni****),"관객에게 해석의 여지를 던져주며 예술성을 부여하고 싶었으나, 이도저도 아니게 된 잡스런 똥 쓰레기 영화. 그에 비해 기용된 배우들이 너무나도 아까운 영화. 개연성 없는 반전들의 혼재는 비단 반전으로 점철된 것이 영화스토리의 능사가 아님을 반증한다.  ",2016-05-16 23:50:00
859,이재봉(woqh****),"관람객이 장면은 무엇을 의미할까, 왜 이런 장면을 넣었을까 하는 궁금증에 대한 해답을 어디에서도 찾지 못했음.  ",2016-05-15 20:47:00
860,이런식으로(rlag****),한줄정리감독이 사탄한테 영혼팔아서 만든영화  ,2016-05-14 10:10:00
861,khn7****,별로였어요 정말로...  ,2016-05-13 19:32:00
862,이앤디(spec****),보지마 처음으로 평점써봄.스트레스쌓임. 징그럽고 끝까지 악한 영화. 악마영화임?  ,2016-05-13 17:27:00
863,widy****,칸을 노골적으로 노리고 동양 서양 성경 무속 막섞어비볐는데 애매하고 재미없고 찜찜하고.마치 이뻐보일라고 오만명품 악세사리 다 걸치고 나대는 느낌.  ,2016-05-13 16:42:00
864,후르츠리(hrui****),빈 수레가 요란 관람은 비추  ,2016-05-12 15:41:00
865,방석현(qkdt****),이거볼시간에 집에서 텔레토비보는게 나았겠다  ,2016-05-12 13:21:00
866,kindly(fres****),지짜 태어나 본 영화중 젤 재미없다 티켓을 짖어버리고 싶을정도 아오  ,2016-05-12 02:39:00
867,슈내(shys****),개봉전 평점에 현혹되지 말라!! 오랜만에 영화보고 돈 아까웠다 거의 3시간동안 집중해서 봤다 하지만 도대체 감독은 뭘 말하고 싶은지.대충 내용과 의도를 기사를 통해봐서 알았지만.이건 아닌듯.재미도 없고 의미도 없으며 징그럽고잔인..19금삼류좀비짬뽕영화  ,2016-05-12 01:54:00
868,onoue(kdse****),진짜 평점 보고 말이 안나온다 이게 개연성이 없다고 느끼면 이해를 못하는거라고??? 진짜 이거 평점 높게 준 사람 대부분은 자신은 남과는 다른 비범한 사람이고 지 잘난 맛에 사는 인간들 대부분 정말 역겹다 절대 보지말라고 하고싶다 이런 기분더러운영화  ,2016-10-05 00:00:00
869,Luke(luke****),관람객최악입니다 감독님팬이라 부모님 모시고 갔는대  ,2016-06-26 02:08:00
870,kims****,아니.... 솔직하자.  평점에 솔직하자. 안본 사람 낚는 것도 아니고 우리만 낚이자  ,2016-05-20 03:08:00
871,k122****,한국영화가 할 수있다를 보여준 영화가 아닌한국영화는 여기가 끝이다를 보여준 영화.그 끝을 어떻게든 포장하는 평론가들  ,2016-05-12 13:22:00
872,RAN(ifon****),이동진평론가님 평론보고 갔는데 제스타일은 아니네요. 개연성0 남는거 없는 영화. 몇달뒤에는 그영화 내용이 뭐였지 싶을것같은 영화  ,2016-05-12 10:24:00
873,neof****,딱 황해까지가 좋았다. 감독 자질이 의심되는 수준  ,2016-05-11 23:57:00
874,woon****,유쾌한감동은 없나 맨날 이런식의 영화밖에 못만드냐 죄다 정신상담치료 필요한 사람들  ,2016-05-19 06:36:00
875,딘(dean****),뭔가 있어 보이려 애는 썼다만 결국엔 얄팍한 장난질일뿐  ,2016-05-17 17:57:00
876,김승범(marv****),평점7점대인데 평론가 나부랭이들의 과장이 역겨워서 1점준다. 개별씬에대한 몰입감이나 배우들의 연기는 훌륭하다. 하지만 전체 구성이 유기적이지도 않고 설득력이 약하며 정교하지 못하다. 사실 느낌만 살린 각본이다. 나홍진 자신도 설명 못할꺼다.  ,2016-05-16 01:27:00
877,몽땅구리(gues****),"댓글 알바 말로만 들었지 이영화 보기전에 평점보니까 확실히 알겠네.. 낮은 점수는 개연성이 있는데 9점이상 준 글들 읽어보니,교과서적으로 글들을 지어냈네.. 영화를 보긴 한건지 모르겠다ㅋ  ",2016-05-12 09:11:00
878,huen****,관람객완전별로 반전도 이상하고 그냥 징그럽고 무섭기만 했던영화ㅋㅋ돈아까웠음ㅜㅜ차라리 시빌워를 2번볼것을ㅋㅋㅋㅋ개무서움ㅜㅜ 애기도무섭고 일본사람도무섭고ㅠㅠ 꿈에 나올까봐 더 무서웠음ㅋㅋ황정민나온다해서 본건데 완전 실몽임ㅋㅋㅋ  ,2016-05-18 12:09:00
879,Charlie Brown(lime****),메타포 좋아하고 있네. 쓰레기영화.. 극찬하는 이유를 전혀 알수 없음.짧고 어설픈 지식으로 온갖 이상한 잡탕만들어서 영혼에 상처를 내는 영화..이걸 보고있던 시간이 아깝고 지워버리고싶음그리고 아이한테 그런 역할 시키면 안되지. 트라우마 생길듯..  ,2016-05-13 04:26:00
880,디다(kkan****),무서운지도 모르겠고 뭘 말하려했는지 의도도 모르겠고 내용도 이것저것 다 벌려놓으면서 시간만 끌다가 지겨워서 나가고싶다 할때 급하게 대충 끝나는 느낌? 전 이번년도 최악 노잼영화였어요.  ,2016-05-19 01:34:00
881,dnkfme(nahy****),관람객뭔 말을 하고싶은지도 모르겠고 그냥 드럽게 더러움  ,2016-05-19 00:26:00
882,인터폴(kim_****),내용이 이해가 안되네여~  ,2016-05-12 12:49:00
883,gpsh****,관람객글쎄요.... 영화 추천하고 싶지는 않아요.  ,2016-05-16 00:33:00
884,강현준(rkdg****),이거 페이스북에 광고 존나 때려서 1점줌 좋은 영화면 사람들이 알아서 봄  ,2016-05-11 17:54:00
885,휴(hugh****),잘만든 망작. 영상이나 배우들의 연기는 나쁘지 않았으나 가장 기본인 스토리가 한심한 수준  ,2016-07-30 17:51:00
886,wjro****,보다가 지루해 죽을뻔 이영화는 왜케 거품꼇지?  열린결말로 감독이 장난질하면 뭔가 대단해보이고  개고평가받는거같다  ,2016-07-27 18:22:00
887,광팬(rjsg****),노잼 온갖 호러물 오컬트물 봤지만 이건 개연성이없음  ,2016-07-16 12:48:00
888,답없어서노답(outs****),"아무리 해석은 관객이 알아서 하라고 했어도, 어느정도 방향성은 제시해 줘야 하는거 아닌가?? 너무 불친절함....그냥 막 다 싸질러놓고, 이 해석도 맞고, 저 해석도 맞고, 니 해석도 맞고, 내 해석도 맞고...그게 뭐야 ㅋ  ",2016-06-30 06:08:00
889,빙루(vkrn****),물고빨고 난리났네.개연성도 부족하고 인물간의 관계조차 제대로 못풀어낸 유혈이 낭자하는 b급영화 그 이상도 이하도 아니다.마지막 일본인의 대사가 깊은 의미라도 가지는 양 던지고 미끼니 낚시니 운운하는건가 수준 참 낮네.배우들의 연기력이 아까운 영화  ,2016-06-28 23:39:00
890,paln****,무엇이 중헌디? 내 돈과 시간이중헌디. 누가 악마냐고? 감독이 악마여. 이딴 3류영화를 가지고 미끼를 던졌응께.  ,2016-06-15 22:17:00
891,brad(sigw****),나홍진 개실망스러워.  ,2016-06-06 09:10:00
892,arch****,이게 저주받은 그  영화냐?  ,2016-06-03 05:32:00
893,잔느(jej3****),영화감독질하고 돈도 벌기위해 자본끌어다 습작해놓고 미끼를 물었다 조롱까지 ㅋㅋㅋ 전할 가치도 재미도 없는 영상은 영화학교에서나 만드세요..  ,2016-06-02 20:15:00
894,for2****,안본 눈과 뇌 사요. 영화보고 해석해놓은 글들 정독하며 이해는 했지만 기분이 썩 좋지가 않아요.찝찝하고 매우 불쾌함. 후유증도 계속 가고..주위에 추천받아 본건데 저는 맞지않네요  ,2016-06-02 07:55:00
895,jupi****,온갖 괴기영화 (엑소시스트+검은사제+드라큘라+반지의제왕+전설의 고향+좀비)짬뽕으로 버무려놓고 마지막에 반전시키볼라꼬 쑈한...앞뒤가 하나도 안맞는 ...ㅉ배우들 연기력만 인정...연기하는 배우도 내내~머찍는지 헷갈렸을듯  ,2016-06-01 00:34:00
896,brum****,더럽고 찝찝한 기분이 가시질 않네 절대 안보는거 추천..  ,2016-05-31 16:41:00
897,idre****,내가 네이버 영화에 평점쓰는거 처음인데 정말 내 인생 최악의 영화다  ,2016-05-25 23:24:00
898,2E(wjdv****),주머니속 만원이 꼴보기 싫을때 보는영화  ,2016-05-25 23:23:00
899,부암동작업실(mass****),"기본적인 개연성을 상실한 영화이다. 무수히 많은 말도안되는 설정 뻔히 보이는 설정들 .,,뭔가 있어보일려고 만든 영화.뭔가 있어보일려고 하는 감독. 정신차리길 바랍니다.제발.  ",2016-05-24 15:29:00
900,지나가던고양이(gusw****),여지껏 봤던 영화중 가장별로돈아깝다고 얘기하는애들 우습고한심했는데 영화보고집에돌아오면서 이해가되더라  ,2016-05-24 15:22:00
901,daum****,모든의미에서 쓰레기다  ,2016-05-24 14:28:00
902,cond****,이 영화  뭐냐 해석들은 잘하네  ,2016-05-23 20:40:00
903,Eva(evag****),"배우들의 연기력으로 덮어둔 엉성한 시나리오에 놀랐습니다. 작품에 대한 다양한 해석이 나오는 건 고무적이나, 거창하게 종교철학적 담론을 담은 척하는 '포장'에 화가 나네요. 그저 킬링타임하기에도 아까운, 자극적인 필름인데 아니라고 주장하는 좀비호러물.  ",2016-05-22 01:26:00
904,cher****,관람객도대체... 감동도 없고. 생각도 없고. 의미도 없고 단지 찝찝함 그 자체~  ,2016-05-21 21:19:00
905,saki(log0****),관람객너무 찜찜해여모지여?연기력은 최고인데  ,2016-05-20 23:45:00
906,핫추나(pepp****),"개노잼.., . 이었던  것 같다  ",2016-05-20 23:02:00
907,염생이(ko40****),너무 피곤하고 찝찝한 영화  ,2016-05-20 23:01:00
908,주근깨청년(ldh6****),"와~정말 짜증이 확~ 여자친구가 보자해서 봤더니,나올때 싸웠다.이딴 영화가 있다니...솔직히,황정민(님)이름 내걸고,낚시질 하지마라! 카~악~~퉤!  ",2016-05-20 21:32:00
909,루나(luna****),말도 안되는 언플과 관객 논란에 결과적으로 제작사만 배불리는 영화. 나감독 운 하나는 타고났네.  ,2016-05-20 21:30:00
910,10271027(hunj****),내인생 최악의 영화 감독스타일이 나랑 안맞는듯.영화주제는 당신은 맥거핀을알고있나요? 정도일듯.떡밥회수나잘하시죠 절대적인상업영화.  ,2016-05-16 12:09:00
911,gusd****,곽도원도 의심할만 한거 같음 현혹되지 마라.. 근데 영화 이상해 지루하고 따분하고 시간 안가서 죽는줄.. 수상해 곽도원  ,2016-05-15 06:38:00
912,wjde****,보는 내내 화났다 보자고 한 친구한테 화내고 싶었다 공포감을 느껴도 소음에 지쳐버린다 최악이다 돈 주고 고통받은 기분  ,2016-05-15 02:57:00
913,바하마(boos****),별로임 밑도끝도 없이 그냥 끝남  ,2016-05-15 02:35:00
914,흉낄낄(hjkw****)," 방금 심야 보고 왔는데 정말 dick  head같은 영화. 스토리 개같은 좀비 스릴러 영화. 중간중간 깨알 같은 b급 그래픽도 포함. 별점 10준 사람들 대가리 비거나, 나 만 죽을 수 없다나, 알바 셋 중 하나가 확실  ",2016-05-15 02:02:00
915,주히(malo****),최악.  좋은 배우들로 만들어진 피투성이 고어물. 메스껍고 찝찝합니다  ,2016-05-14 23:20:00
916,맛승호(hyol****),관람객의도를 모르겠는 무서움  ,2016-05-14 22:34:00
917,프리저(simi****),결말이... 관객들을 두시간 넘게 롤러코스터에 태워서 달렸는데... 출구가 없는 느낌..잔인함은 역대급인데 15세 관람가...아이들까지 데리고 온 가족관람객들도 영화가 끝난 후 서로 어색하게 퇴장하더라는..  ,2016-05-14 20:57:00
918,Ezee(wnso****),영화는영화니까 개인취향에따라 재미를 느끼던말던 신경은 안씀 근데 초등학교 졸업하고 2년된 아이랑 이영화를 볼수있게 해놨다는게 말이나되는거냐고? 피투성이 고어물이라고 장르만 적어줬어도 안볼순 있었자나 카섹스후 휴지로 밑딱는거 이런것도 애들이 봐도된다고?  ,2016-05-13 21:32:00
919,HUELESS(1007****),배우(특히아역배우)들연기때문에1점은아니지만...평점너무높은듯해서..;;;낚였네요^-^  ,2016-05-13 19:00:00
920,Zzyy(dida****),아 진짜 평점 1점도 아까운 영화. 너무화가난다.. 영화도아니다; 15세관람가는 좀 아닌듯.... 이해 안되는것도 많고 시간도 아깝고 뭐한거지싶고 진짴ㅋㅋㅋㅋ짜증난다..진짜..괜히봤다 시간돌리고싶다 진짜 욕나오네 ..ㅠ  ,2016-05-13 03:12:00
921,kg50****,스토리를 이해 못하겠음  ,2016-05-12 03:13:00
922,토깽(rick****),원래 찝찝한 장르의 영화보고 찝찝해서 별로라는 사람들은 멍청인가? 난 공포영화 보고서 무섭다고 1점 주는 사람보면 정신병자인가 싶음 ㅋㅋㅋ  ,2019-03-01 12:49:00
923,식빵(dyda****),신과함께 1300만 곡성 700만이하?  ,2018-01-26 00:20:00
924,신비(shin****),"더러운 영화 한편 본 느낌. 내용이 무서운게 아니고, 영상이 무섭고, 더러워서 불편함. 감독이 의도한것도 딱 이정도일듯. 앞으로 이분 영화 되도록이면 안봐야겠음.  ",2016-09-17 03:18:00
925,아트맨(june****),"개연성이 쓰레기인 영화. 감독이 맥거핀과 기만하는 연출을 구분하지 못하는 것이 확실하다. 작중의 정보만으로 납득할 수 있는 결말을 끌어내야 하지만, 감독이 영화 밖에서 입을 턴 것 가지고 반전이라며 빨아주는 네티즌의 수준이 훤하다.  ",2016-08-27 20:25:00
926,마포매냐(heut****),헛소리가 가득한 낚시 B급 영화. 한국 경찰의 현실에 대한 알레고리.  ,2016-07-31 11:12:00
927,직립보행강아지(arty****),36년 살면서 본 영화중에 가장 소시오 패스적인 영화다. 작가가 이 영화를 가족영화라고? 또 힘든사람에게 위로가 되었으면 했다고? 일련에 사건에 대하여 수동적으로 당하기만 하는 사람에게 '그냥 그러려니 해라 어쩔수 없잖아?' 이런 메시지가 위로냐?  ,2016-07-29 15:34:00
928,kiwi****,그래도 나홍진 흥행을 위해 어린 아이한테 이런 역할을 맡기다니 당신 인격이 의심스럽다 니 딸 이라도 출연시키겠냐? 악마 잘못이라고 할래?  ,2016-07-23 02:59:00
929,일류(hauk****),반전은 무슨 반전?? 배우들 연기력 빼고는 스토리에 연출이 최악이구만... 꼴에 놀란의 열린 결말을 따라하는건가?ㅋㅋㅋ 스크린쿼터 아니였으면 100만도 못했을영화. 특히! 그놈의 한국영화들 사투리좀 그만 쳐넣어라 먼말인지 알아들어 쳐먹어야 영화를보지  ,2016-06-30 16:19:00
930,해라(hera****),"오컬트고 맥거핀이고 간에, ""벌거벗은임금님""이 떠오르는 영화. 평론과 해석은 화려하나, 평범한 관객에겐 끔찍한 징그러움 외엔 아무느낌 없다. 스릴러라는 장르에 낚였다. 그냥 좀비호러물이다.  ",2016-06-13 11:05:00
931,gtk7****,"관람객웰메이드 쓰레기, 영화같은 똥  ",2016-06-03 19:23:00
932,서우마미(himy****),관람객찝찝하고 너무 짜내어 억지로 만들어낸 반전들 같은 느낌....  ,2016-06-03 10:05:00
933,Feynman(suns****),0점은 없냐? 10자10자  ,2016-06-01 21:49:00
934,대한민국사랑(texb****),사람의 영혼을 파괴하는 질낮은 영화  ,2016-06-01 13:01:00
935,lovl****,대체 왜 이런 영화를 만드는건지.. 보고나서 기분 드러움..  ,2016-06-01 08:40:00
936,LBG(dmsr****),삼류 b급영화도 못되는 영화 ㅋㅋㅋ 짬뽕해도 너무 빰뽕했고 교훈도 뭣도 없음 차라리 집에서 발긁으면서 7광구 보는게 백배 나음  ,2016-05-31 21:16:00
937,najo****,관람객이런....입소문듣고갔다가 토나올뻔~아~~~~돈아까워~~~  ,2016-05-29 19:33:00
938,빽붓(whdt****),마케팅의 승리다 '이거 이해못하면 영알못' 선민의식의 승리  ,2016-05-29 13:18:00
939,HJ(bear****),관람객이게뭐야..시나리오도 개판이고  ,2016-05-28 19:18:00
940,이대호짱(jgdo****),관람객권악징선은 싫어요 ㅜㅜ  ,2016-05-27 10:49:00
941,XP(ecli****),이해한다고 한 사람들은 이해못한거임  ,2016-05-24 01:35:00
942,YJ(y603****),보면서 짜증나고 마지막엔 기분더러운 영화@ 어린딸이 결국은 귀신에게 홀려서 아빠엄마할머니 다죽인다는 내용  ,2016-05-23 21:19:00
943,tjsgh925(soul****),아주 사악한 영화. 감독의 의도도 불순해보임. 이런 못된 영화를보고 재밌다고 멋지다고 하는 사람들은 도대체가 무슨 사상을 갖고 사는건지. 영화보는내내 와이프에게 미안했다.  ,2016-05-23 09:57:00
944,조화로운(wodl****),1점도 아까운 영화...  ,2016-05-23 01:03:00
945,nu11****,보는 내내 불합리와 부조리로 불편함  ,2016-05-23 01:02:00
946,꿈밤(with****),무슨말을 하려는지는 짐작하겠으나 믿음이 어떻고 인간이 어떻고 철학적 해석을 부여하는 것조차 무의미해질만큼 개연석없는 전개 억지 설정 아역연기한 배우만 기억에 남는 영화 최악의 좀비영화  ,2016-05-23 00:51:00
947,녹차라떼(rock****),최악의영화 시간아깝네요  ,2016-05-23 00:40:00
948,xixo****,진짜 괜히 봤다 기분나쁨 ㅠ 내용도 진짜 .... 그냥 피범벅 짜증나  ,2016-05-22 23:01:00
949,dbsc****,대체 무슨생각으로 영화를만들었는지모르겠다!!영화보는내내 무슨내용인지 도무지모르겠다 마지막에가서야상상으로나마 결말알수있는 상상영화다!!! 다시는이렇게 안만들었음좋겠다!!  ,2016-05-22 22:28:00
950,올드보이(zuga****),모순된 스토리로 다양한 해석을 하라고? 적어도  스토리가 연결은 되어야지.. 감독님 솔직히 말해봐. 당신도 무슨 이야기를 하고 있는지 모르지?  ,2016-05-22 01:51:00
951,지혜(viol****),관람객죽인장면 선정적이기만하지 스토리가없다  ,2016-05-21 22:48:00
952,으히히히(hany****),진짜 어떤생각으로 이런 쓰레기를 만들었을까 궁금해지네요^^ 영화를 보고 든 생각은 '이걸 예매하러 가기전에 지갑을 통채로 잃어버렸더라면 못봤을텐데....' 이정도? 평점과 알바에 현혹되지말라는 좋은 교훈 주셔서 고맙습니다  ,2016-05-20 23:23:00
953,mgfdjh9(dlku****),이거 재밌다는 놈 나와라 좀 마이 맞자  ,2016-05-20 21:39:00
954,월스트리트파이터(ryan****),이거 왜 평점이 높은 거지? 결국 알바들과의 싸움이 시작된건가...  ,2016-05-20 21:34:00
955,유명인(whkd****),진짜 명작이라면 스토리에 한번 놀라고 해석에 한번 놀라야되는데 영화볼때는 내내 불편하다가 해석만 그럴듯하게 해놓으면 그게 명작인가?  ,2016-05-19 23:12:00
956,이피엘의왕아구에로(oha0****),노답 영화임 그냥 좀비물 에다 기괴한 영화 진정한 공포 영화는 무서운 장면 없이 무섭게 만드는 건데 이 영화는 좀비 같은거 무섭게 생기게 다 만들어놓고 헤 무섭지~ 이러는 영화 마지막에만 황정민이 범인이다 그래놓고 추리나 살해방법 같은거 안 알려줌  ,2016-05-17 13:17:00
957,omg(pmg1****),예술은 거짓말을 못한다.  작품에 작가의 모든것이  나오기 때문이다.   상업적인 이유로 결론이 유해졌지만 그의 심상은 인간극혐임엔 틀림없다.  황해.추적자.그리고 곡성까지 영화속의 혼잣말들  . 악을 숭배하는 데스 그라운드코어 블랙메탈같은 영화다.  ,2016-05-16 22:42:00
958,다니엘(swc1****),그냥 안봤으면좋았을걸  ,2016-05-15 22:50:00
959,dha6****,어이없는  영화다     돈주고  보지말자  ,2016-05-15 07:38:00
960,림재(eros****),배우들 연기빨..스토리 억지 오지구여  ,2016-05-15 03:07:00
961,미노민호(pmh4****),노답영화다개연성도 없고 뒤죽박죽임그냥 지맘대로 만든거임  ,2016-05-15 03:07:00
962,윤(natu****),와나 ㅋ 평생 처음 평점주네여; 이끼같은 영화라 생각하고 잔인하거나 무서운 장면 감안하고 봤지만. 이거 무슨 삼류 포르노같은 기분이예요 자극적인것만 첨부터 끝까지 다 때려놓고 돈벌려고 작정한 영화 같아요 배우들 연기력이 안타까움  ,2016-05-15 02:42:00
963,oasis(ecfi****)," 꼭 어렵게, 현학적 수사를 덧붙이고 꼬아서 써야만 좋은 글인가? 혹자는 좋은 글이야 말로 독자들에게 쉽게 읽히면서도 깊은 의미를 부여하는 글이라 말했다. 곡성은 관객들에게 쉽게 읽히지도 않을뿐더러, 무엇을 말하고자 하는지마저 베베 꼬아놨다.  ",2016-05-15 02:13:00
964,노루(gi_l****),"기분나쁘고 찝찝한걸 제하고 보더라도, 도무지 스토리가 말이안된다. 반전에 집착하다 개연성을 잃은 전형적인 폐급 시나리오고  아역배우도 걱정됨. 끝으로 이 영화 종니 빨아재끼던 언론과 평론가 쉐이들 니네는 형한테 싸다뒤 한대씩 맞아야해. 아오!  ",2016-05-15 02:06:00
965,라라(lala****),진짜 스트레스 받는 영화다 돈아까움  ,2016-05-15 02:05:00
966,최디우(sb90****),평점 처음 써봅니다 배우들의 연기는 좋았으나 잔인하고 재미도 없었습니다  ,2016-05-14 23:53:00
967,까타르시스(cdma****),실제로 오늘 영화보고온 사람입니다알바들 너무 많네요보지마세요 이걸보고 잼잇다는사람들 참신기하네요  ,2016-05-14 21:06:00
968,유후(bicj****),솔직히 평합니다.제여친은 재밋게보더군요.전솔직히 별로였습니다. 첫번째로 현실적이지 않은점...별것도아닌데 소리지르고 놀라고...초반부터...연기자들이 오바하는모습? 거진 첨부터 끝까지 소리지르고 그럽니다. 중반이후부터 개연성도 떨어지고 별로에요.  ,2016-05-14 02:30:00
969,봄의첫날(22so****),예고편은 재밌어보이는데 본편은 잔인하고 징그럽기만하고 노잼  ,2016-05-14 01:09:00
970,안졸리나(dalk****),배가 산으로 가다가 안드로메다로 가버렸다.사공이 많았나...?  ,2016-05-13 23:15:00
971,csoo****,대실망. 홍보에 걸렸다  ,2016-05-13 22:15:00
972,여나여나(6260****),ㅜㅜ 진짜인생 최악영화에요 절대보지마세요 찝찝히고 기분만 더러움  ,2016-05-13 18:26:00
973,밥꼰태(pgt0****),진짜 헐..ㅋ   정신없었지만 황정민덕에 재밌게보고있는데 기-승-전  끝.   결말이없음 중간에 끝난건가.. 더티엔딩에 최고조  절대 보지마삼 기분드러워짐.  ,2016-05-13 13:58:00
974,하얀구름(hiam****),시간 낭비 돈 낭비인 영화  ,2016-05-13 02:56:00
975,비엠에스(pc01****),"피칠갑만 보고온 느낌. 유명배우부터 볼게아니라 감독이름도 좀 알아 놔야겠다. 2016년 본 영화중 유일하게 돈, 시간 버린듯한 영화. 이거 재밋다는 사람 정신과 의뢰좀  ",2016-05-13 02:39:00
976,태리(terr****),방통위 얼마 받았냐? 이게 어떻게 15세 영화?? ㅡㅡ옆 자리에서 보던 고딩들 영화 끝나고 눈풀린체 자리를 못 뜨더라  ,2016-05-13 00:31:00
977,대한민극훈남(haeg****),역대최강 한국좀비등장 이 장면에서 관객들 웃음참는거보고 더 웃겨서 죽는줄 알았습니다.. 일본판 골룸과 한국좀비코메디도아니고 ㅠㅠㅠ  ,2016-05-12 11:42:00
978,아이패드(nons****),안녕 알바들아~~~~  ,2016-05-12 08:17:00
979,비비드(peep****),미스테리장르란 미명 하에 합리성 없이 예술영화 표방하는.. 부두.캐톨릭.민속신앙.일본신앙 엮어서 그로테스크함만 주는 영화 ^^.. 연출능력 제로 영상편집이랑 사운드는 굳 프로덕션디자인도 고생했다.. 좋은 팀가지고 만든 ㅡㅡ게 이정도라니...  ,2016-05-12 03:06:00
980,gkad****,하하참 대단하다고생각합니다하ㅏ하하  ,2016-05-12 00:10:00
981,kiss****,혼자만 즐길려고 만든 영화. 그저 열린결말만 던지면 명작취급받는 한국수준..  ,2016-10-05 07:28:00
982,낫띵스윗(dkzk****),촌스러웠어요 반전에 반전이라는데 정말 개연성 없는 반전. 아무렇게 쏙 넣어놓은 반전. 사람들이 놀라는게 당연하죠. 앞뒤 아무것도 없이 걍 넣었으니 예측도 못할 수 밖에요. 이런걸 보고 눈속임이라고 하죠.  ,2016-08-08 20:54:00
983,베이직(tnak****),"인스턴트영화. 자극적인 장면으로 채운 뒤, 무수한 떡밥을 깔고 열린결말로 갑론을박 유도해서 뜬 영화. 로망? 영화를 볼줄모른다?  천만에. 딱 반정부적인 성향으로 국가를 까면 뭐 되는줄아는 애들이랑 같은수준  ",2016-07-17 06:51:00
984,임재순(dlaw****),1. 너무 잔인함 그리고 너무 종교적인 색채가 강하다.2. 결말을 흐렸다. 이것은 또다른 작가의 의도가 숨겨져 있다고 본다.  내 주관에서는 종교간 갈등을 교묘히 이용 안티 기독교의 세력을 넓히려는 의도로 보여진다. 3. 15세 이상 관람 불가이다  ,2016-07-15 18:15:00
985,프레젠트(krev****),156분이나 달려놓고 관객을 허탈하게 낚은 영화는 감독이 스마트폰으로 찍어서 혼자만 감상했으면 좋겠다. 해설이 필요한 순간부터 영화는 쓰레기가 된다(자기들은 작품이라 칭송하겠지만)  ,2016-06-08 21:19:00
986,rlad****,영화를 보는데 지루했던적은 많았어도 불쾌했던건 처음이네요. 다 보고.감독이 괜객들을 비웃으며 하찮게 보는 시선이 느껴지는군요. 당신영화는 다시는 보지 않을겁니다.  ,2016-06-06 19:40:00
987,힘내자(exou****),정말 재미없음 보고 나오는순간 기분 더럽고 찝찝한 영화  ,2016-06-03 08:45:00
988,스콜이(musc****),괴성만 질러대는 쓰레기 영화  ,2016-06-01 21:47:00
989,909(ggod****),살면서 보고나서 기분 더러운 영화 처음. 진짜 평점 등록한것도 처음. 끔찍하다. 난 기분 더럽고싶어서 돈내고 본게아닌데.... 우리나라에서 과도하게 영화홍보하고 정작 홍보해야할 영화들은 홍보안하고 상영시간표보면 돈처받은것들만 상영 겁나게 하고ㅋㅋ  ,2016-06-01 21:11:00
990,룰루랄라렐레(pres****),한국영화답게 뜬금포 섹스신 막장드라마를 본듯 밑도끝도없는 개연성. 막장드라마에 환장하는 이나라종특을 여실하게 보여준 쓰레기같은영화다.  ,2016-05-31 02:54:00
991,종호(obli****),자극적이고 불편한 양념을 너무 많이 쳐뒀다. 주재료 본래의 맛은 어디갔는지 하나도 맛이 안난다. 내가 본 영화가 오컬트인가 아님 스릴러인가. 맞을래 말래 라고 말거는 불량배에게 두 시간 반 동안 시달리다가 안때릴 줄 알았지? 하고 뺨을 맞은 기분이다.  ,2016-05-26 06:08:00
992,좋마운날(k458****),영화보면선 이해안가고 뒤늦게 본 해석으로도 억지라는 생각을 지울수가 없음  ,2016-05-26 00:43:00
993,빌사이퍼(moma****),솔직히 1점도 아깝다....처음부터 끝까지 난해하기만하고 내용도 너무 꼬아놓았고 계속 소리지르고 굿씬까지있어서 이건 뭐 그냥 소음공해수준;;  ,2016-05-26 00:30:00
994,강민규(rkda****),<스포X> 돈주고 보지 마세요 20개이상의 복선과 단서를 뿌려놓고 회수하는건 3개도 안됩니다 그냥 다른영화 보세요 2시간반짜린데 알맹이는 1시간도 안됩니다 시간아깝고 보며서 지루하고 졸립니다 보면 후회하실 거에요 지인들한테만 물어봐도 바로 알수 있어요  ,2016-05-22 23:36:00
995,zhfl****,관람객하...할말없는영화  ,2016-05-22 22:51:00
996,SW(pdc2****),관람객곡성 - 후까시 = 0본인이 뭘 만들고 있는지 모를 때 나오는 결말  ,2016-05-22 19:46:00
997,wsred(bban****),두시간 사십분동안  떡밥만 던지고 황정민이 악마랑한패니  알아서 해석해라  드럽게 무책임한  찜찜한 결말 스포? 알아도 전혀 상관없음  하도 스포로 이슈되서 극장가서본건데 이게 낚인거임 ㅋㅋ  ,2016-05-22 01:51:00
998,인(theh****),관람객호불호가 강할듯 솔직히 나는 보고 돈아깝다는 생각이 제일 먼저 들었음  ,2016-05-20 19:52:00
999,요롬(jent****),1개도 아까운 쓰레기 영화  ,2016-05-19 22:24:00
