,title,contents,url
0,해피 데스데이 1편 줄거리 결말 스포 - 타임루프 공포영화 추천,"올해 발렌타인데이에 2편으로 찾아온 해피 데스데이(최종 관객수 37만명). 2017년 11월 8일 개봉하여 최종 관객수 138만명을 동원한 공포 미스터리 스릴러 영화 해피 데스데이 1편이 먼저 있었죠. 우리가 흔히 해피 버스데이라고 하는데 이 영화는 특이하게 영화 제목이 해피 데스데이입니다. 15세 관람가이며 상영시간은 1시간 36분으로 전형적인 킬링타임용 공포영화의 런닝타임을 가지고 있습니다.이 작품은 좀 특이하게도 공포영화이면서도 7번째 내가 죽던 날 혹은 엣지오브투모로우처럼 타임루프영화입니다. 무한히 반복되는 같은 날, 그 사건을 해결하기 위한 여 주인공의 처절한 노력이 주 내용입니다. 연출은 크리스토퍼 랜던 감독입니다. 디스터비아, 파라노말 액티비티 시리즈의 각본을 쓴 이야기꾼입니다. 해피 데스데이에서는 감독을 맡았습니다. 주연으로는 라라랜드에서 조연으로 출연했던 제시라 로테입니다. 여러 영화에 출연했지만 한국에서는 인지도도 별로 없었고 라라랜드에 출연했지만 아무도 몰랐던 배우였습니다. 이 영화로 한국시장에서 제대로 눈도장 찍지 않았나 싶습니다.타임루프영화, 공포 영화 추천 해피 데스데이 1편 줄거리 및 결말입니다. 다량의 스포 포함되어 있습니다.영화의 첫 장면은 생일날 아침 남자 기숙사 방에서 깨어난 여주인공 트리(제시카 로테)로부터 시작이 됩니다. 그리고 책상 밑에서 나오는 이 방의 주인 카터(이스라엘 브로우사드)가 있습니다. 전날 잔뜩 술에 취해서 이 방에서 잠을 자게 된 트리는 무슨 영문인지도 모르고 잠에서 깨어나서는 아버지로부터 온 전화도 무시하고 그 방을 나갑니다. 자신의 생일과 어머니의 생일이 같았습니다. 하지만 어머니가 돌아가신 후에는 자신의 생일을 챙기지 않고 아버지의 전화도 받지 않습니다. 그렇게 밖으로 나간 트리는 여러 사람을 마주치고 자신의 집으로 들어가게 됩니다. 룸메이트인 로리(루비 모딘)가 생일 축하라며 작은 케이크를 주지만 먹지도 않고 버립니다. 그리고 밤에 파티에 갔다가 이상한 가면을 쓴 의문의 킬러에게 죽임을 당합니다. 그리고는 눈을 바로 떴는데, 또 카터의 방입니다. 단순한 꿈이겠지라는 생각으로 단순하게 대처를 합니다. 하지만 카터의 방을 나서는 순간 자신이 이미 겪었던 일이 하나씩 또 일어나기 시작합니다. 그리고는 그날밤 또 다시 의문의 킬러로부터 죽임을 당합니다. 이제 대략 상황을 인지한 트리는 소스라치게 놀라며 같은 하루가 계속 반복되고 있다는 것을 압니다. 다시 깨어난 카터의 방에서 트리는 카터에게 도움을 요청합니다. 자초지종을 들은 카터는 트리에게 제안을 합니다. 어차피 죽고 깨어나고를 반복한다면 한명씩 그 범인을 유추해서 제거해나가라고 말입니다.그렇게 트리는 다시 반복되는 하루에서 자신을 끊없이 지켜보고 따라다니며 매번 죽이는 범인이 누군인지 찾아나갑니다. 범인이라고 생각한 사람을 제거하고 난 다음 자신이 다른 사람에게 죽게 된다면 범인이라고 생각한 사람은 어쨌든 진짜 범인은 아니니까 말입니다.그렇게 하나씩 제거해나가던 어느 날, 룸메이트 로리가 일하는 병원에 연쇄살인범이 탈출을 했다는 것을 알게 됩니다. 이 연쇄살인범은 트리처럼 생긴 여자만 죽이는 살인범입니다. 이 연쇄살인범이 자신을 죽였다고 생각하고 우여곡절 끝에 그를 제거합니다.그리고 그날밤 카터와 자축을 하며 로리가 준 조그마한 케잌을 먹고 깨어납니다. 하지만 다시 하루가 반복이 됩니다. 분명히 범인을 죽였다고 생각했지만 또 다시 반복되는 하루, 결국 트리는 케잌에 독이 들었을 것이라는 것을 유추, 로리가 최종 범인임을 알아챕니다. 로리가 트리를 죽인 이유는 로리가 그레고리라는 교수를 좋아했는데 트리가 그와 부적절한 관계를 맺어 질투를 했기 때문입니다. 살인의 이유가 좀 약하기는 합니다만 어쨌든 내용이 그렇습니다. 그렇게 둘은 방에서 혈투를 벌이다가 트리가 로리를 창밖으로 밀어버리고 로리는 떨어져서 죽습니다. 결국 이 모든 것은 로리의 자작극이었습니다. 자신이 의심을 안 받게 병원에 있던 연쇄살인범의 수갑을 풀어주는 치밀함도 보였던 것입니다. 그렇게 트리는 범인을 죽이고 다시 깨어난 카터의 방, 이제는 더이상 하루가 반복되지 않고 새로운 하루를 맞이하게 됩니다. 그리고 트리와 카터는 사랑에 빠지면서 영화는 끝이 납니다.영화는 상영시간이 그리 지루하지 않을 정도로 제법 짜임새 있게 진행이 되는 것 같습니다. 중간 중간 유머도 있고, 공포를 조성하는 분위기도 나쁘지 않고 말입니다. 아주 대박 영화까지는 아니어도 킬링타임용으로는 제법 괜찮은 영화였습니다. 단, 영화를 보면서 마지막까지 궁금했던, 왜 타임루프가 일어났는지에 대한 설명은 없습니다. 하기야 이런 현상을 설명할 수도 없었을 것입니다. 그저 극을 끌어가는 도구로 사용되었을 뿐이라고 생각합니다. 이런 영화에 과학적인 것이나 논리적인 것까지 끌어붙인다면 너무 무리한 요구일 것 같습니다. 타임루프를 공포영화의 소재로 끌어 쓴 것 자체가 참신한 시도였다고 생각합니다. 거기다가 제법 짜임새 있게 전개된 스릴러같은 이야기 구조도 좋았습니다. 타임루프영화, 공포 영화 추천 드리고 싶은 작품입니다.","https://blog.naver.com/PostView.nhn?blogId=learnwithchaewon&logNo=221473377143&redirect=Dlog&widgetTypeCall=true&directAccess=false
"
1,"영화[해피 데스 데이]를 보고, 스포, 줄거리","영화를 보자마자 튀어나온 나의 한마디는 '와 어쩜 이렇게 영화가 쫄깃쫄깃 할 수 있을까' 였다. 영화를 보는 내내 긴장감있게 몰입해서 봤다. 영화에대한 줄거리도 뭣도 아무것도 모른 상태에서 영화를 봤다.이것은 정말 공포 영화가 아니었다. 약간의 스릴은 있었지만 끔찍하고 공포스럽진 않았다. 보면서 저게뭐지 뭘까 뭐야 어떻게되는 거야 이제 끝난건가? 하면서 계속해서 생각하고 안도하고 놀라고 웃었다. 이완과 긴장의 연속으로 완급조절이 완벽한 영화였다. 다시한번 봐도 질리지 않을 영화다. 여자주인공이 죽으면 다시 죽기전 자신의 생일날인 18일 월요일로 돌아온다. 약간의 판타지 적인 부분이 있지만 이런 이해할 수 없는 상황이 이 영화의 핵심적인 부분이고 영화를 만들어 냈다고 생각한다. 여자주인공인 트리가 17일 파티에서 술을 엄청 먹고 취해서 카터의 기숙사 방에서 잠을 자고 18일 아침 카터의 방에서 일어난다. 이날 저녁 트리는 파티에가기 위해 길을 나서다가 괴랄한 가면을 쓴 사람에게 죽임을 당한다.눈을 떠보니 또다시 18일 아침 카터의 기숙사 방안. 이번에는 죽임을 당한길이 아닌 다른 길을 통해 파티장에 도착한다. 하지만 파티장에서 의문의 사람에의해 죽임을 당한다.더이상 죽고싶지 않은 트리는 파티를 가지 않고 방에 있는다. 하지만 이곳에서 또다시 죽임을 당한다. 3번 살해를 당하고 카터의 방에서 일어난 트리는 카터에게 그동안 일을 이야기하며 도움을 청한다.트리는 같은 학교 동아리 친구를 범인으로 오해하고 차도에서 싸우다가 버스에치여서 4번째 죽음을 겪는다.5번째 18일날 트리는 카터의 기숙사에서 깨어나고 갑자기 기절을 해서 병원에 입원 한다. 가면을 쓴 사람에 또다시 병원에 나타나고 트리는 자동차를 타고 도주 한다. 도주하는 중에 결국 가면에게 붙잡히고 끔찍한 죽임을 당한다.범인은 여성들만 살인하는 연쇄살인범이었고 병원에 감금당해 있었다. 하지만 탈출해서 트리를 자꾸만 죽였던 거였다. 범인을 죽이기 직전까지 왔지만, 위협받던 트리를 구하려고 했던 카터가 죽임을 당하고 자신이 범인을 죽이면 카터가 영영 죽기때문에 트리는 일부러 범인이 보는 앞에서 자살을 한다.분명히 트리는 범인을 총으로 죽이고 그날밤 카터와 함께 룸메이트인 로리가 준 컵케익을 먹고 잠에 든다. 하지만 일어나보니 다시 18일.알고보니 범인은 로리였다. 트리가 직접 병원에 가서 연쇄살인범과 몸싸움(?)을 벌였던 2번을 제외하고는 모두다 로리가 꾸민 짓이었다. 로리는 병원에서 일을 했는데, 로리가 있는 병원에 연쇄 살인범이 있었다. 로리는 살인범이 탈출 하도록 만들고 살인범 주변에 괴상한 가면을 두었다. 그리고 로리도 살인범과 같은 가면을 쓰고 트리를 살해 했다. 살인범에게 자신의 범죄를 뒤집어씌우려고. 이부분이 살짝 개연성이 없는 부분이긴 한데..영화니깐 이해를 했다. 로리가 진범임을 깨닫고 트리는 독이든 컵케익을 로리의 입에 쳐넣고 로리를 창문 밖으로 떨어트린다. 로리가 죽고 이제야 트리는 내일을 살 수 있게된다.19일 아침 카터의 장난으로 트리는 또다시 18일이 반복된줄 알고 놀란다. 하지만 사실은 19일이었고 행복한 결말을 맞이한다. 카터와 진한 kiss.내가 영화에대해 어쩌구 저쩌구 완벽성은 어쩌고 시놉의 탄탄성 어쩌고 할만한 사람은 아니라... 딱히 비판하고 할건 없다. 그저 영화를 보는 내내 즐거웠고 보고 나서 뭔가 개운하고 몸이 남아 있는 긴장감이 기분 좋았다. 영화 속 여주인공이 극복해 나가는 모습도 보기 좋았고 깨알같은 코믹요소들도 보는 재미가 쏠쏠 했다. 카터도 너무 귀여웠다. 한번쯤 꼭 봤음 하는 영화다!!","https://blog.naver.com/PostView.nhn?blogId=sa6824202&logNo=221200499666&redirect=Dlog&widgetTypeCall=true&directAccess=false
"
2,[영화] 해피 데스데이 {줄거리&결말포함/스포주의},"





해피 데스데이

감독
크리스토퍼 랜던
출연
제시카 로테, 이스라엘 브로우사드
개봉
2017 미국
평점






리뷰보기


임신중이라 공포영화는 피하고있긴 하지만, ㅎㅎ 이 영화는 포스터에서 풍기는 무시무시한 공포의 느낌보다도 미스터리에 가까우면서 코믹하다 하여과감히 용기내어 보고왔습니다.미국에서는 10월 13일, 13일의 금요일에 개봉되었었군요 ㅎㅎ정말로, 초반에 한번쯤 빼고는 그렇게 무섭게 보지는 않았어요. 15세관람가여서 그런가, 그렇게 쎄지는 않더라구요.겟아웃 제작진이 만들었다 하여, 겟아웃을 아직 못봤음에도 불구하고 기대를 엄청 했는데,기대가 너무 컸는지 그정도까지 훌륭한 영화라는 생각은 못했지만 그래도 나쁘진 않았어요 ㅎㅎ스토리상으로는 하루가 반복되는 타임루프 소재의 영화라서, 한국영화 하루와도 비슷했어요.[영화] 하루 {줄거리&결말포함/스포주의}하루 감독 조선호 출연 김명민, 변요한, 유재명 개봉 2017 대한민국 평점 리뷰보기 타임리프 소재의 한국영...realzzin.blog.me글고, 주인공의 휴대폰 벨소리 때문에 이 노래 계속 맴돔 ㅎㅎ




네이버 뮤직


블로그DJ란





2017.11.12 음악앨범 

(1)




재생하기













In Da Club
50 Cent


재생하기








N뮤직 플레이어로 재생되며, 이용권이 없으시면 1분 미리듣기만 가능합니다.
        음악 재생이 되지 않는 경우 브라우저 설정을 확인해 보세요.도움말 페이지로 이동


9월 18일 월요일, 처음 보는 학교 남자애 기숙사방에서 깨어나는 트리. 본명은 테레사지용.어젯밤 파티에서 술을 진탕 먹어서 기억도 나질 않는데요, 카터라는 이 남자애 방에서 나와 자기 기숙사로 돌아갑니다.의학을 공부중인 룸메이트 로리가, 면허증에서 봤다며 자기가 만든 컵케이크로 촛불을 끄게 해주네요.트리는 엄마와 생일이 같은날이었는데, 3년 전에 엄마가 돌아가신 이후로 생일을 축하하는게 슬퍼서 생일을 알리지 않고 있었어요.식사를 같이 하려고 계속 전화하는 아빠의 전화도 하루종일 받지도 않습니다.로리의 축하에도 촛불만 끄고 컵케익은 쓰레기통에 바로 버려버리는 트리.로리는, 기껏 직접 만든 수제컵케익인데 자기 눈앞에서 바로 버리는 트리를 보고 속상해합니다.사실 트리가 이기적으로 군 건 하루이틀 이야기는 아니었지요.늦었다며 수업에 얼른 뛰어가는데, 학교병원 의사이면서 유부남인 교수님과 트리는 그렇고 그런 사이.그날 저녁, 학교 행사도 있고 파티도 있고 해서 외출을 하던 트리.생일 오르골이 길에 놓여져있네요.. 뭔가 음침한데? 하고있는데 뒤에서 나타난학교 마스코트 가면을 쓴 누군가가 나타나 그녀를 칼로 찔러 죽입니다.그런데 죽는 순간, 트리는 다시 한번 카터의 기숙사방 침대에서 깨어나게 돼요.자기를 카터라고 소개하는그 남자애.. fine vagine 쭉빵걸이랑 잤냐며 방에 들이닥치는 카터룸메 라이언,밖에 나가면 자기를 쳐다보는 썬글남자애, Stop global warming 여자애, 잔디밭에서 키스하다가 스프링쿨러 맞는 커플, 알람 울리는 빨간 자동차, 쓰러지는 남자애,모든게 어제 겪었던 일들입니다. 헐~그리고 그날 저녁, 또 파티에 가려고 같은 길을 걷는데 같은 오르골을 발견하고는 이건 아니다 싶어기숙사로 돌아가죠. 그런데 거기서 또 마주친 학교 마스코트 가면!!펀치를 날리고 보니 자기 생일을 위한 서프라이즈 파티였고, 가면 속의 남자는 썸남 닉이었어요.휴~ 긴장을 풀고 놀다가, 닉이 꼬시는대로 어느 방에 들어가는데,물담뱃대도 있고 ㅎㅎ 나이트 조명에 음악을 틀더니 춤을 추는 닉 ㅋㅋ그런데 트리가 문자를 하는 사이, 또 그 가면을 쓴 누군가가 나타나 닉을 먼저 찔러 죽이고 트리를 공격합니다.육탄전 중, 누가 잠깐 방에 들어오긴 해서 트리가 도와달라고 외치지만, 완전히 코알라가 된 그 사람은 그냥 나가버리죠 ㅋ또다시 같은 날 아침, 카터의 방에서 깨어난 트리.타임루프인걸 깨닫곤 창문도 막아버리고 자기 방안에서 꼼짝도 하지 않습니다.그런데 헐랭! 화장실에서 나온 가면에게 또 당해요.트리는 아침에 젤먼저 만나게 되는 사람인 카터에게 모든걸 이야기합니다.카터는 왜 하필 오늘일까를 묻고는, 생일을 아는 사람 중에 너를 죽일만한 사람을 찾아보라고 합니다.이때부터 좀 재밌어요 ㅎㅎ 트리가 용의자 리스트를 작성하고 한명씩 확인해나가는데다니엘과 아스팔트 길바닥에서 나뒹굴며 싸우다가 버스에 치여죽는거 ㅋㅋㅋㅋ그런데 야구방망이에 머리를 맞아 죽고 깨어난 아침, 카터의 방에서 나가려다가 쓰러지고 맙니다.그리고 내연남 그레고리 의사쌤이 알려주기를, 엑스레이를 보니 넌 이미 죽었어야 한다고.. ㅎㅎ사실 매번 되살아나고 있지만, 죽으면서 입었던 상처들이 어느정도는 축적되고 있던것.9개 목숨의 고양이처럼, 언젠가는 자신도 영원히 죽게되겠구나 하는걸 알게돼요.병원에 안전하게 있으라는 그레고리의 말에도 불구하고 트리는 목이 마르니 소다를 사다달라 하고는그레고리 사무실에서 자동차키를 훔쳐나오는데 또 가면이 쫓아옵니다.간신히 그레고리의 차로 탈출하고는 넘나 신난 트리 ㅎㅎㅎㅎ 신나서 소리지르고 난리 ㅎㅎㅎㅎ그런데 경찰이 차를 세우네요. 과속을 하고 면허증과 차량등록증도 없는데..술과 마약을 했으면 경찰서에 안전하게 구금되겠지 싶어서 스스로 경찰에게 체포당하고수갑이 채인채 경찰차 뒷칸에 타서 안심하고 있는 사이, 가면이 차로 쫓아와서 경찰을 치여죽이고경찰차 연료통을 새게 하고는 불을 붙여 경찰차가 터지면서 트리는 또 죽습니다 ^^;;또 카터의 방에서 깨어난 트리는 카터와 식당에서 밥을 먹으며 이야기를 하다가 TV에서 나오는 뉴스를 보게 되는데, 연쇄살인범이 이 동네 병원에 와있던것.병원 복도에서 보았던 경찰을 기억해내고는, 그놈이 탈출하면 자신의 살인범이 되는거라고 생각하게 됩니다.그전에 그놈을 막으려고 달려가보지만 연쇄살인범은 이미 경찰을 죽이고 자신을 쫓아오고,위험한 순간에 뒤따라온 카터가 달려들어 그녀를 구하고 자신이 죽습니다.트리는 계속 도망치다가 연쇄살인범을 제압할 수 있게 되지만, 그럼 루프가 깨지고 카터는 죽은게 되니자신이 한번 더 죽어야 해서 종탑 위로 올라가서 목을 매죵.이번 루프에서 그녀는 로리와 아빠, 그레고리등 자신이 잘못 대했던 사람들과의 관계를 바로잡고살인자를 죽이고 카터와 함께 자축하며 로리가 줬던 컵케익을 먹는데,읭? 또 루프가 돌아 18일 월요일 입니다. 어떻게된거지??멀리 떠나버려야겠다고 짐을 싸러 온 트리에게 로리는 또 한번 촛불을 켠 컵케익을 주고..그동안 계속 받았었지만 전날 처음으로 컵케익을 먹었다는걸 깨달은 트리는자다가 죽었으니 컵케익에 로리가 독을 넣었다는걸 유추합니다.로리는 트리가 컵케익을 먹지 않으니 자신이 일하는 병원에서 연쇄살인범이 탈출하게 했던거고그 이유는 그레고리 때문이었다고 자백합니다.겨우 남자 때문이었다고?!트리는 로리 입에 컵케익을 쑤셔넣고는 창문밖으로 밀어 죽여버리죵..;;2층밖에 안되는거 같았는데.. 로리 즉사.로컬뉴스에 인터뷰하는 다니엘 말도 재밌었어요. 우리 sorority 애들은 컵케익같은거 안먹는데 로리가 멍청하게 컵케익에 독을 넣었다고 ㅎㅎ범죄현장이 돼서 잘 곳이 없지 않냐며 자기방에 와서 자라는 카터의 말에 트리는 카터방에서 자고다음날 아침, 카터의 장난으로 또다시 루프가 된줄 알고 잠시 깜놀했던 트리. ㅎㅎ결국 트리와 카터 둘은 좋은 감정으로 엮어지는 행복한 결말~-=-=-=-=-=-=-=-=-=-=-=-=-=-=-=-=-=-=-=-=-=-=-=-=-=-=-=-=-=-=-=-=-=-시리즈물 2편이 궁금하시다면 https://realzzin.blog.me/221476464670[영화] 해피 데스데이2: 해피 데스데이 2 유 {줄거리&결말포함/스포주의}해피 데스데이 2 유 감독 크리스토퍼 랜던 출연 제시카 로테, 이스라엘 브로우사드, 피 부 개봉 2019.02.14...realzzin.blog.me

","https://blog.naver.com/PostView.nhn?blogId=realzzin&logNo=221138461090&redirect=Dlog&widgetTypeCall=true&directAccess=false
"
3,해피데스데이 줄거리 스포& 후기 & 결말(벨소리 첨부) 개봉박두~~~~~,"안녕하세요~ 앨리스예요 ;)오늘은 영화 해피 데스데이 줄거리 스포& 후기 & 결말 (벨소리 공개)을 준비했습니다!미스터리, 공포, 스릴러 / 미국 / 96분 / 2017. 11. 8. 개봉감독 : 크리스토퍼 랜던출연 : 제시카 로테(트리 겔브먼), 이스라엘 브로우사드(카터 데이비스)9월 17일.주인공인 트리는 요란한 벨소리를 들으면서 카터라는 같은 학교 남학생의 기숙사방에서 눈을 뜹니다. 어제밤에 술에 너무 취해서 기억도 안나고 머리도 아프고, 정신없이 카터의 기숙사방을 나와서 자신의 기숙사로 돌아가죠. 같은방 룸메이트인 로리가 직접 만든 케이크라며 초를 하나 꽂아 생일을 축하해줍니다.로리의 축하에도 촛불만끄고 케이크는 먹지 않고 바로 휴지통에 버리고 직접 만든 케이크를 버리는 트리를 보고 로리는 속상해하죠. 생일이 같은 엄마가 3년전에 돌아가시면서 엄마와의 즐거운 추억을 떠올리는 것이 힘들어서 생일을 알리지 않았었죠. 그리고 생일이라고 식사를 하자는 아빠의 전화도 계속 받지 않습니다. 그렇게 평소와 같은 하루를 보내고 그날 저녁, 학교행사와 파티가 있어서 외출을 하던 트리.생일축하 음악이 나오는 오르골이 길 위에 놓여있는 것을 보고 다가가는 트리 튀로 학교 축제 마스코트 가면을 쓴 누군군가 나타나고 트리를 칼로 찔러 죽이죠. 죽는 순간, 다시한번 전화벨이 울리면서 카터의 기숙사방에서 9월 18일 생일날 아침이 다시 시작됩니다. 그렇게 반복되는 생일날 하루.. 그리고 죽음.. 트리는 그렇게 반복되는 죽음을, 생일날을 벗어나기 위해서 자신을 죽인 범인을 찾기로 합니다.용의자로 의심되는 사람들을 찾아다니며 해결을 하려고 애쓰죠.그러다가 연쇄살인범이 근처에 있다는 사실을 알게 되고 그 연쇄살인범이 자신을 죽인 범인이라고 확신을 하고 병원에 들어가 죽이려고 합니다.몇번을 시도한 끝에 연쇄살인범을 죽인 트리는 자신을 도와준 카터와 함께 룸네이트 로리가 준 생일케이크의 초를 끄고 잠이 들죠. 그런데... 어찌된 일인지 또 반복되는 하루...연쇄살인범이 자신을 죽인 범인이 아니라는 걸 알게되고 자는 동안에 죽임을 당했다는 걸 깨닫게 됩니다. 다시 반복되는 하루중에 트리는 자신을 죽인 범인이 룸메이트 로리라는걸 깨닫게 됩니다.트리에게 축하한다며 건낸 직접만든 케이크안에 독을 넣어서 죽이려고 했지만 살찐다며 케이크를 먹지 않는 트리를 칼로 찔러죽였던 것이였고 연쇄살인범이 범인이라고 생각해서 살인범을 죽인날 밤에 카터와 함께 케이크를 먹고 자는 동안에 죽었던거였죠. 결국 진짜 자신을 죽인 범인을 알게되었고, 죽음으로 마무리되는 생일날을 벗어나게 되었답니다.공포영화는 보고나면 몸이 아플때 기분이 안좋을때 잠자리에 누우면 자꾸 생각나서 안보는 편인데 평점도 높고 겟아웃 제작진의 신작이라고 해서 보게되었죠.분위기는 무섭고 섬뜩하면서도 끔찍하고 잔인한 장면은 나오지 않아서 그나마 다행이다 하면서 보았고,주인공인 트리가매일 반복되는 하루를 표현하는데도 나름대로 유쾌하게표현을 해서 지루하지 않게 볼 수 있었으며 공포영화지만 웃으면서 볼 수 있는 그런 영화라고 할 수 있겠네요이것으로 엘리스가 준비해본 영화 해피데스데이 결말 줄거리 스포 후기였고 모두들 궁금해하셨던 해피데스데이 벨소리는....두근두근두근두근!!!!!!!!!!The Trak Kartle의 Busy day birthday가 되겠습니다.상당히 중독적임:)참...오늘 저스티스리그 개봉하는 날이였는데 바빠서 보러 못갔네요..ㅠㅠ내일은 꼭 보고 리뷰할거니 기대하세요~~","https://blog.naver.com/PostView.nhn?blogId=totori0305&logNo=221140838168&redirect=Dlog&widgetTypeCall=true&directAccess=false
"
4,[영화]2017.11.18 해피데스데이 리뷰 (스포주의),"※ 주관적인 감상입니다.당신과 나의 의견은 다를 수 있습니다.※ 내용에 대한 스포일러가 있습니다.끝나고 영화관을 나오면서 '무섭다'보다는'재밌다'가 기억에 남는 영화.하루가 계속 반복되다보니여주가 죽임을 당할 때마다 쫄리는 심장...깜짝 깜짝 놀라는 씬이 꽤 있다.하지만 그만큼 재미있는 씬도 많은데여주의 시원한 성격이 재미에 큰 몫을 차지한다.보통 스릴러에 나오는 주인공들은 선량한 편이던데여주트리는 그런 거 없다.직접 만든 컵케이크로 생일을 챙겨주는 친구 앞에서컵케이크를 쓰레기통에 던져버리는....굉장한 사람이다.(그리고 그 컵케이크도 굉장한 것이었다)주변에 적을 만드는 스타일로,초반부엔 모든 주변인물들이 용의자로 보인다.보통 이런 사람이 공포 영화에서 제일 먼저 죽던데....하튼영화는 그런 트리가 죽다 살아나면서점점 개과천선하는 클리셰스러운 스토리라인을 따른다.하지만 클리셰는 클리셰인 이유가 있다.재밌으니까!의도한 클리셰만큼 재밌는게 없다.미국 하이틴 드라마가 연상되는 분위기 속에서보통 살인범은 주변인이던데...싶을 때 연쇄살인범이 나오고,이제 끝났나...싶을 때아닌데! 사실 내가 범인인데!하고 진범이 나오는,꼬았나? 싶으면서도 이정도면 뻔한건가? 싶기도 한 결말이다.적당히 깔끔한 결말.전반적으로 이 영화가 좋은 평을 받는 이유라면이런 점 때문일 것이다.후반부에서연쇄살인범이 트리를 공격하면서'우연하게 찾아와주다니'식의 대사를 하는데,나름의 복선인 것같다.저 대사대로라면 트리를 타깃으로 정해놓지 않았다는 뜻인데,그렇다면 터널에 오르골을 놔두거나사람 많은 파티장에 숨어 들어올 당위성이 없어진다.이외에도 복선을 매우 친절하게 깔아줘서어려움없이 이야기를 따라갈 수 있다.다만 연쇄살인범 이후로 나오는진범의살인동기가독이 든 컵케이크만큼 부실했다..'그 남자가 너만 찾더라'라니!이 영화의 진범은 그레고리가 아닐까...(안그래도 학생이랑 불륜을 저질렀으면서학점으로 협박을 하다니)집에 가면서 생각났는데진범은 트리가 그 자리에서 독을 먹고죽었으면어떻게 하려고 저런 허술한 방법을 썼는지 의문이다..(물론 다이어트때문에 안 먹을거라는 걸 알았겠지만) 그래도 약간의 허술한 점이가볍게 보기 좋은 이 영화의 매력이라고 해두자.+)끝나면서 카터와 트리가 얘기하는 '사랑의 블랙홀'은이 영화와 전반적인 틀이 매우 유사한 영화다.(나쁜 사람이었던 남주가 하루를 계속 반복하면서선량해지고 여주의 마음도 얻는 그런 영화.)오마주의 의미로 마지막에 넣었나 싶다.생각해보면 '엣지 오브 투모로우'도 그렇고사람은 죽다 살아나는 정도는 돼야 바뀌는건가 싶다.역시 이번 생은....^_ㅠ","https://blog.naver.com/PostView.nhn?blogId=black4esum&logNo=221143221551&redirect=Dlog&widgetTypeCall=true&directAccess=false
"
5,해피 데스 데이 결말 및 줄거리 스포 있음,줄거리하나도모르고 급 보게된 영화 해피데스데이 본지는 좀됬는데 포스팅하는걸 깜박했다가주말에 영화소개보고 생각나서 해피데스데이 줄거리 및 후기 포스팅해요^^해피데스데이는 겟아웃 제작진이 만들었다고해요누군가에게 살해를 당한 후 매일 같은날 눈뜨게돼요그날이 바로 주인공의 생일이라 제목이 해피데스데이!!해피데스데이 줄거리 ( 스포있음 )트리는 전날파티에서 술을 많이 마신 후아침에 아빠전화소리에 깨어보니 처음보는 카터의 남자기숙사방..옷갈아입고 본인의 기숙사방으로 돌아갔더니룸메이트 로리가 생일축하한다며 직접만든 컵케이크에 초를 꼽고 축하해줘요하지만 트리는 촛불만 끄고 바로 쓰레기통에버려요평소와 다를바없이 하루를 보내다 저녁에 파티를 가던길에오르골하나가 놓여져있었어요그러고는 갑자기 나타난 가면쓴자가 달려들어 트리를 죽여요칼에찔려 죽은줄만 알았던 트리는 깨어보니 생일 당일 아침!! 아빠에게 전화오고 눈뜬곳 또한 카터의 기숙사..본인의 기숙사로 돌아가는 길에 벌어지는 모든상황이 본인이 죽기전 당일에 일어난일과 동일해요그날도 역시 파티로 가는길 터널아래에 오르골이 놓여져있고 찝찝한 마음에 돌아가요그치만 다시또 복면쓴자에게 죽음을 당하게돼요죽은 다음날도 역시 카터의 방에서 생일당일날 눈을뜨게돼요타임루프라는걸 알고 카터와 얘기해요카터의 말대로 하루하루 살인을 당하며 용의자 폭을 줄여나가요몇번의 죽음과 새로운 목숨으로 다시 생일아침을 맞이한 트리는이유없이 갑자기 쓰러지게돼요내연남 그레고리가있는 병원가서 엑스레이결과를 보더니이미 죽었어야할 몸이라고..여러번 죽다살아나다보니 몸이 어느정도 상해있던듯한 트리는언젠간이렇게 죽겠구나 직감하게돼요병원에서도 복면쓴살인마를 마주치게되고트리는 훔친 그레고리의 차키로 도망쳐요이렇게 하루를 넘겨서 이 타임루프에 벗어날생각에 신난 트리는 뒤에서 쫓아오는 경찰차에 차라리 경찰관한테 체포당하는게 안전할거같단생각에술에 마약을했다고 자신을 체포해달라고말하고 경찰차뒷자리에 탑승하는사이가면살인마가 차타고 쫓아와 경찰관을 차로 쳐서죽이고트리가 타있는 경찰차에 연료통을 새게한 후 초에 불을붙여 경찰차가터지며 또 죽게돼요다시 또 생일의 아침이 시작되고트리는 카터와 식당에서 밥을먹으며 뉴스를보게되는데트리가 입원했던 병원에 연쇄살인범도 있던사실을 알고트리는 본인을 죽이려고한 복면살인범이 그 연쇄살인범이라 생각하고그연쇄살인범을 죽이는데 성공해요카터와 트리는 죽음으로부터 벗어난것에 자축을하며 로리가 준 케이크에 초를붙이고 같이놔눠먹어요해피엔딩으로 그렇게 끝난것인가.. 했는데다시 또 생일아침 !!!생일이 넘어가기전 로리가 준 컵케이크를먹은것!알고보니 트리와 내연관계를 갖고있던 그레고리교수를 좋아해서 로리는 트리를 죽이려고했고 컵케이크를 먹지않자 중간에 연쇄살인마가 나타나 죽이게된것그연쇄살인마가 실패할경우 로리가 죽였던거였어요모든상황을 알고 다시 생일아침을 맞이한 트리는로리에게 그케이크를 먹이려하고해피데스데이 결말은 범인도 찾고 해피엔딩으로 끝나요후기는 스토리를 모르고봐서 범인찾는 재미로봤어요중간중간 가면살인자때문에 놀라긴했지만 공포영화도 아니고 나름 재밌게봤어요그래도 올해 제일 재밌게본건 범죄도시인듯!,"https://blog.naver.com/PostView.nhn?blogId=wonywonyu&logNo=221167781562&redirect=Dlog&widgetTypeCall=true&directAccess=false
"
6,[결말스포] 영화 <해피 데스데이> 결말 알려드립니다.,"안녕하세요. 원래 내일 개봉을 했으면 관람이 어려웠을텐데, 운이 좋게도 기대 하고 있던 영화 <해피 데스데이> 가 하루 앞당겨져 오늘 개봉을 했습니다. 그래서 개봉일인 오늘 관람을 했습니다. 너무 무섭지도 안 무섭지도 않은 적당하고 공포영화중에서도 분위기가 가벼워 편하게 즐기고 왔네요. 많은 분들이 결말 궁금해하셔서 결말 알려드립니다.※ 이 포스팅에는 정말 강력한 스포가 있습니다.※ 제목에서부터 저는 결말이 있다고 두번이나 알려드리고 이렇게 또 알려드립니다. 영화 관람 예정이신 분들, 결말을 알고 싶으시지 않으신분들은 지금이라도 늦지 않았습니다! 뒤로 나가주세요.주인공 트리는 대학교에 다니는 대학생입니다. 대학교에는 트리와 같은 학교를 다니는 주변 인물들은 카터, 다니엘, 로리가 있습니다. 어느날, 학교 친구들이 트리를 위해 생일파티를 열어주고 트리는 가던중 살인마에게 살인당합니다. 하지만 잠에서 일어나보니 또 다시 같은 날이 반복되는 상황. 트리는 많이들 아시는 '타임루프' 에 걸린 것입니다. 트리는 같은 하루가 계속 반복된다는 것을 알고 점차 적응해나가게 됩니다. 그리고 그 살인마를 죽이면 이 타임루프가 끝이난다 생각을 하죠. 트리는 뉴스를 보게 되고 이 사람이 자신을 죽인 사람이라 확신합니다. 바로 연쇄살인마인데요. 트리는 그를 학교에서도 몇번 본적이 있습니다. 그래서 그자가 자신을 죽인 범인이라 생각하고 그 사람을 죽이는데는 성공합니다. 그날밤 트리는 이제 이 타임루프에서 빠져 나왔다 생각하며 잠에 들죠. 하지만 아침에 일어나니 다시 같은 하루가 반복되는 상황. 트리는 이게 무슨일인지 당황하던중, 곰곰히 생각하니 친구인 로리가 자신의 생일에 위 사진과 같이 컵케이크를 건냈고 자신이 먹지 않자 로리는 계속해서 컵케이크를 주던게 생각이납니다. 그래서 결국은 로리를 찾아가 죽이고, 그날 밤 다시한번 긴장되는 마음으로 잠에 듭니다. 아침에 일어나니 드디어 모든 것이 끝이 납니다.왜 트리가 타임루프에 빠지게 된 것인지는 영화에 나오지 않습니다. 부족하지만 끝까지 봐주셔서 감사합니다.공감은 감사합니다. 추가로 궁금하신 것 있으시면 댓글로 말씀해주세요. 답글해드립니다^^","https://blog.naver.com/PostView.nhn?blogId=mys040308&logNo=221135610493&redirect=Dlog&widgetTypeCall=true&directAccess=false
"
7,해피데스데이 스포 : 공포영화 ? 결말,안녕하세요.대중영화를 좋아하는 김이박유랑기입니다.현재 예매율 2위 영화는 해피데스데이인데요.저는 귀신 나오는 공포 영화는 무서워서 잘못봐요.하지만 관람 후기 검색 후 '색다른 영화'라는 표현이 있어해피데스데이를 선택해서 봤는데요.색다른 반전과 대중영화답게 빠른 전개가 맘에 드네요.오늘은 반전 공포영화 해피데스데이 후기를 포스팅할게요~#해피데스데이 #해피데스데이스포 #공포영화#롯데시네마저는 무서운 것을 잘못보는 편이고영화는 보통 대형 스크린에서 보는 것을 좋아해요.해피데스데이는 무서운 공포영화라 대형스크린으로보면 밤에 잠을 설칠까봐 작은 스크린을 선택했습니다.압구정 롯데시네마는 잠실 롯데시네마보다 규모가 작더라구요. 그래서 일부로 압구정 롯데시네마를 선택했습니다. 그러면 공포영화 해피데스데이의 결말 스포를 시작하겠습니다~! (스크롤 주의) 주인공 트리 역활을 맡은 제시카로테는 금발 염색을 했네요. 매력적인 여자 역활은 금발이잘어울리는 듯 해요. 주인공을 비롯한 배우들의 연기력과 스릴 넘치는 구성이 시원시원한 사이다를 들이키는 기분이였습니다. 각종 물건들이 소재로 등장하는데요.물건들이 결말의 단서가 되어 극의 흐름을 이어나갑니다.해피데스데이는 귀신이 출연해서 공포영화가 아니라주인공의 꿈에 등장하는 살인자때문에 공포영화입니다.파티문화가 발달한 미국 루이지애나주에서 주인공은 어여쁜 여대생으로 유부남 교수와 불륜관계이며 애인들도 많은데요. 주인공이 술이 깬 다음날 생일날에 항상 학교행사가면을 쓴 살인자에게 살해 당하는 꿈을 꿉니다.이 꿈이 계속 연속적으로 반복되자 주인공은 여러가지 방법으로 살인자를 찾고 같이 싸우는데요. 결국 그날이 자신의 마지막날임을 인정한 주인공은 남에게 터프하게 굴다가 배려심 넘치는 여자가 되고 용감한 자세로 전과범인 살인자를 찾아서 싸워서 처단합니다. 하지만 살인자를 처단해도 여전히 주인공은 죽게되는데요. 주인공을 죽게 만드는 원인은 무엇때문일까요?알고보니 싫어하는 룸메이트의 컵케이크가 원인이었습니다.순하디 순했던 룸메이트는 연적인 주인공을 죽이기 위해 전과범에게 약물을 투여하고 갖은 방법을 동원해서 주인공을 살해하려는 계획을 세우고 있었더라구요.결말은 주인공이 룸메이트를 이기고 진정한 사랑을 찾는훈훈한 해피엔딩으로 마무리됩니다.소설 '베로니카죽기로결심하다'에서 자살시도후 실패한 주인공 베로니카가 자신의 삶이 얼마 안남았다는 이야기를 듣자 삶에 대한 자세와 태도가 바뀐 것이 떠올랐습니다.인간은 배설물을 배출해야만하고 3초마다 눈을 깜박여야하는 불완전한 존재라 막연하게 다가온 죽음앞에서는 언제나 태도가 달라지네요.☆ 스포의 핵심 ! 반전 포인트는 살인자가 주인공의 불륜관계를 질투한 여자 룸메이트인데요. 영화를 같이 본 사람 중에서 아무도 예상하지 못했네요 ~해피데스데이 happy deathday day (2017)는 공포영화로 분류되어 상영중이라반전이 있다는 것을 예상하지 못하고주인공을 살해하는 자는 귀신일 거라고 영화를 보기전에 생각했는데요.저는 영화배급사 마케팅에 낚인 것 같네요~!지금까지 반전영화리뷰 김이박유랑기였습니다.끝까지 읽어주셔서 감사드립니다.:),"https://blog.naver.com/PostView.nhn?blogId=gkwjdals92&logNo=221138468026&redirect=Dlog&widgetTypeCall=true&directAccess=false
"
8,영화 해피데스데이 스포(결말),"해피데스데이는 주인공(트리)이 살해를 당하고잠에서 깨어나고를 반복하는 타임슬립영화임영화의 시작은 주인공이 잠에서 깨어나는걸로시작한다주인공의 이름은 '트리'트리가 일어난곳저곳은 어젯밤 처음만난 남자의 기숙사..ㅋㅋㅋ저 남자의 이름은 카터 (상당히 중요한 인물)(술마시고 놀다 취해서 테이블위에 올라가 춤추고 토하고하다가 카터가 대려와서 재웠음)트리는 이 날 이런 상황들을 격는다 카터 친구의 등장지구살리기 서명 부탁잔디밭 연인들에게 터진 스프링쿨러차에 경적소리언니의 잔소리트리룸메의 생일축하그리곤 마스크의 등장...(처음엔 다리밑에서 오르골의 음악과 함께 등장하며 트리의 첫 죽음이 시작)트리의 죽음과 동시에트리가 잠에서 깬다...그리곤 똑같은 하루의 반복트리는 이번엔 처음 살해된 그 다리로 가지않고자신의 생일파티에 간다트리의 생일파티가 시작됨그후 트리는 잠시 화장대(?) 앞으로가있는데.......그때하면서 마스크의 등장!하지만......(스포주의)...... 이때 등장하는 마스크는트리를 죽인 범인이 아닌생일파티의 참석한'닉'이라는 친구의 장난이다(저 마스크는 학교응원마스크라서누구나 구할수있음)그후진짜 마스크의 등장...닉이 음악을 엄청 크게 틀어놓아서마스크가 방에 들어어오는걸 트리는 눈치채지못하고닉은 마스크에게 살해당함...마스크는 닉을죽인후트리를 죽인다다시 하루의 반복트리는 그 상황을 카터에게 말하곤미래의 일어날 일들을 맞추고사실이란것을 증명한다믿을수밖에없는 트리의말...카터는 트리의 상황을 최대한 이해하려하고도움을주기위해 해결할수있는방법을 한가지 말하는데계속해서 죽으면서그 마스크의 정체를 알아낸다그리곤 하루를 리셋자신이 살해당하기전에그 마스크를 잡는것!(솔직히 이방법 외엔 없다고 봄..ㅎㅎ)범인이 누군지 알아내기위해죽고...또 죽고... 계속해서 죽는다범인으로 의심되는 사람의 리스트를적어놓고 한명씩 미행해가며그 사람을 관찰한다그런데 그 리스트의 적힌인물들과같이있을때도 마스크는 나타나서트리를 죽임...그들 모두 범인이아니였던것!트리는 계속해서 죽어가며범인을 찾으려하는데이 방법에는 한가지 문제가있단걸 알아낸다바로자신은 죽어도 리셋되어 살지만그 죽음의 흔적은 남아있어서몸이 점점 허약해진다는것...무한으로 살수있진않다아 지금 여기있는 이 의사양반은마누라가 있지만트리와 불륜관계이다트리는 한마디로 bitch...트리는 점점 미쳐감ㅋㅋㅋㅋㅋ마스크가 살아있는한은 어쩔수없이계속 죽어야만하는 트리...계속해서 죽고 살아나카터와 함께 데이트하며자신의 상황에 대해이런저런 얘기를 나눈다그때!!!!!!!!........(스포주의)......식당TV에서 마스크가 누군지 알아낸다!....이름은 조셉...(내가 본 영화 자막엔 존 톰스)그는 살인범이다그의 살인을 저지하기위해그를 만나러간다 하지만저지는 커녕 카터가 트리를 살리려다가죽어버림... 트리는조셉을 죽일 기회가 있었는데도이대로 내일이 오게되면 카터는죽은사람이되니 자살을해서 시간을 되돌림다시 병원으로가서 조셉을 막으려함 이때 조셉과 엄청난 육탄전을 벌인다신체적으로 불리한 트리는 당연히지고말지만... 몇번이나 같은 하루를 겪은 트리는지금 이 시간에 일어난 정전을 이용하여조셉이 못보는 틈을 타서 총을 집는다! 트리는 총을잡고조셉에게 총을 빵야 빵야 쏴버림!!트리의 승리다!그후 카터와 처음에 룸메가준 컵케잌의초를끄고 소원을빌며초졸한 데이트를 함..ㅋㅋㅋ하지만 이게 어찌된일??.......다시 시간이 리셋되어 버림이게뭐지?그렇다........(스포주의)...(위로 올라가셈).........조셉은 진짜 범인이 아니였다...트리는 의아해했다분명 자신을 죽인 범인을 자기손으로 죽였는데자신이 죽어서 시간이 리셋되어버렷으니...그 사실에 주목한 트리는 조셉이범인이 아니란걸 알아냄계속해서 자신이 왜 다시 리셋된건지 생각하고 결론을 내리게된다 트리는........(또 스포주의임ㅋㅋㅋ)....... 바로 자면서 죽은것이였다!!!애초에 범인은 조셉이아니고진짜 범인은 따로있음조셉은 그저 우연히 거기 있던것뿐그럼 왜 자면서 죽은것일까?진짜 범인은??그렇다...이것이 결말이다그건바로.........(스포주의!!!)54321!!!!!!!!!!!!!!!!!모름ㅋ은 훼이크고바로 범인은!!!!!!!!!!트리의 룸메이트...저 컵케잌에는 독이들어있었다트리는 조셉을 죽이기 전까진저 컵케잌을 버릴뿐먹은적이없었다...저 룸메가 범인이란걸 안후룸메에게 그 케잌을 먹길 권햇지만거부했고트리는 경찰서에가서 분석해본다고함그러자 룸메는 본성을 드러낸다!!!트리와 방안에서 맞짱!!결과은 트리의 승리!트리가 룸메를 창문밖으로 떨어뜨리고룸메는 죽어버림그 후 계속 살아나는동안 호감을 느낀카터와 데이튜~근데 또 다시 잠에서깬후 전화벨이 울린다뭐지?! 뭐가 어떻게 된거야??!이건 나도 낚임 ㅅㅂ 카터가 장난친거임 ㅋㅋㅋㅋㅋ이렇게 카터와 사랑에 빠지고 영화는♥끝이난다♥근데 내가 영화를 보면서 이상한점을발견했는데마스크의 2번째 살인때마스크는 애들 무리에 껴있다가 갑자기트리의 뒤에 선다그때 애들은 ""마이크 빨리와~""라고하며그 마스크는 트리를 냅두고 다시무리로 뛰어가 합류하는데...그 마이크는 대체 누구지??룸메의 이름은 마이크가 아님조셉도 아님대체 누구야 ㅅㅂ  ","https://blog.naver.com/PostView.nhn?blogId=anjfqhkdy13&logNo=221138510797&redirect=Dlog&widgetTypeCall=true&directAccess=false
"
9,영화 해피 데스 데이 (스포 有) - 무서운데도 잔인하지 않고 의외로 유머러스 하기도 하다,"

자기가 죽는 생일날을 무한히 반복하는 피해자가 주인공인 이야기라영화 시작때 유니버셜 로고도 앞부분만 3번 연속 해서 나왔다 ㅋㅋㅋ미니언즈 때도 그렇고 유니버셜이 로고 센스가 좋다주인공이 가십걸 여주를 닮았다확실히 공포영화다 보니 어디서 뭐가 튀어나올지 모르는 상황에서깜짝 깜짝 놀라는 장면들이 많은데 의외로 잔인한 장면은 별로 안 나와서 좋았다주인공 트리는 칼에 찔려죽고 병에 찔려죽고 야구 배트에 맞아 죽고차에 치여죽고 폭발해서 죽고 목을 매달아 죽는 등정말 다양한 방법으로 다양하게 죽는데그런 죽음의 과정이 직접적으로 나오지 않아서 좋았다예쁘고 젊은 여자가 잔인하게 죽어가며 괴로워하는 과정을 반복해서 보여주는살인포르노 같은 내용이면 어쩌나 걱정했는데다행이 트리의 죽음 보다는 트리의 삶에 집중하는 영화였다거기다 꽤나 유머러스 하기도 하다트리가 살인자를 알아내기 위해 본인을 죽일만한 사람을 염탐하다가뒤에서 살인자를 만날땐 놀라기 보다는 아~ 또야? 라는 지긋지긋하단 표정을 짓기도 하고쌩뚱맞게 누드로 스트리킹을 하기도 한다이 스트리킹씬은 뭔가 서비스씬 같은 무의미한 눈요기용 장면처럼 느껴져서쓸데없다 싶긴한데 그래도 웃기긴 웃기다처음에는 패닉과 공포에 빠져 벌벌 떨기만 했던 트리가점점 상황이 반복될 수록 죽음에 대한 공포보다는 짜증을 느낄 정도로 적응하고나중에는 여러번의 반복으로 알고 있는 정보를 이용해서상대보다 우위에 설 정도로 발전 하는 과정이 흥미롭다


> 스포일러




└ 접기
번역은 좀 별로 였다서브웨이를 써브웨이라고 하거나 프레첼을 프레젤 이라고 쓰는 등익숙한 고유 명사 대신 원어 발음을 바탕으로 단어를 쓰고트리가 노바디 No body (아무도 아니다) 라고 말했는데 찐따라고 못되게 번역하고카터의 룸메이트 라이언이 트리를 묘사하길파인 버자이나 (Fine Vagina), 직역하자면 예쁜 질? 좋은 질? 이라고 지칭하는데트리를 그냥 여성기 정도로 무시하는 발언이다그냥 섹스를 하기 위한 도구나 구멍으로 취급하는 무례한 발언이라트리가 그렇게 기분 나빠하고 그런 식으로 여자를 부르면 평생 모쏠일거다 라는 얘기를 하는데그건 자막에서 쭉빵걸 정도로 순화해서 표현해준다너무 노골적으로 질이라고 번역하긴 좀 그래서 그런거라면엉덩이라던가 하반신 이라던가 섹스도구 취급이라는뉘앙스를 살리는 번역도 있을텐데 아쉽다아픈 머리가 날 죽이려고 그래 하는 것도 골이 빠게지겠어 라는 식으로 바꾸고 전체적으로 트리를 더 양아치스럽게 번역한 거 같다아 그리고 쿠키영상은 없다 혹시 공포영화 특유의 기분나쁜 반전이 있을까봐엔딩크레딧 다 올라갈때 까지 지켜봤는데 쿠키영상은 없었다아기 가면을 쓴 살인범이 언제 나올지 몰라 가슴 졸이고등장 때 마다 화들짝 놀라게 해주는 공포영화의 장점은 그대로면서쓸데없는 잔인함이나 찝찝한 결말이라는 공포영화의 단점은 없어서공포영화를 안 좋아하는 나도 재밌게 볼 수 있었다



해피 데스데이

감독
크리스토퍼 랜던
출연
제시카 로테, 이스라엘 브로우사드
개봉
2017 미국
평점






리뷰보기




","https://blog.naver.com/PostView.nhn?blogId=sesirlis&logNo=221136355982&redirect=Dlog&widgetTypeCall=true&directAccess=false
"
10,해피데스데이 결말 줄거리(스포),"해피데스데이 결말 줄거리(스포) 전에 극장에서 저스티스리그 보는데 걸려있던 해피데쓰데이.. 기괴한 포스터도 인상 깊었고 겟아웃 제작진이 만들었다고 해서 끌렸던 영화인데요 요즘 극장에 갈 기회가 없어서 집에서 보았습니다. 물론 유료로ㅎㅎ; 대형tv라서 영화보는맛이 나더라구요 그치만 스케일이 큰 장르이 영화는 꼭 영화관에서 보는 편이에요이 영화의 내용에 딱 맞는 제목이에요 이보다 잘 들어맞는 제목은 없을 정도로 딱임ㅎ행복한 생일이 끔찍한 죽음의 날로 변하는.. 해피데스데이스포 엄청 많으니 원치 않으면 보지마세욤 ㅋㅋ처음에 포스터와 제목만 보고는 공포스릴러영화인줄 알았어요 그렇지만 보고나면 생각이 달라집니다. 약간 코믹적인 요소가 있어요 하나도 무섭지도 않구요 해피데스데이 줄거리 간단하데 얘기해볼게요 여대생이 주인공으로 설정되어 있구요 그 여학생의 하루가 무한 반복되는 내용이에요 이렇게 하루가 무한 반복되는 소재의 영화는 옛날 사랑의블랙홀이 유명하죠외국 학교는 정말 예쁘네요,영화 해피데스데이의 여주인공은 숙취로 늦게 잠에서 깨어나면서 스토리가 시작되요 낯선 남학생의 기숙사 방에서 잠을 깨는데..자신이 어제 어떻게 여기와서 잤는지 전혀 모르는 상태 즉 필름이 끊긴 상태에요부스스하게 일어나서는 여기가 어딘지 파악중..남자 주인공인데 이 영화에서 완전 큰 비중을 차지하지는 않는거 같아요 여주인공이 극을다 이끄는 느낌이 강해요영화를 보면 아시겠지만 이 남자는 책상밑에서 튀어나와요 아마 뭔가를 줍는것 같은데..아까도 말했지만 하루가 무한리프 되는데 남주인공은 여주인공의 시점에서 항상이런 모습으로 처음 나옵니다당연하겠지만 말(대사)도 똑같이 반복되요.. 처음에는 그저 우연인가? 데자뷰? 정신이이상한가? 이러면서 현실을 부정했는데 세번 정도 반복하니 믿을수 밖에..첫 장면에서 잠에서 깨어나면 곧바로 그녀의폰이 울립니다. 벨소리의 가사는 ""잇츠 마이 벌스데이~"" 뭐 이랬던거 같아요ㅋ맞아요 9월 18일 그녀의 생일.. 이 날이 계속 무한 반복이 되는데 반복이 되는 포인트가 뭐냐면 그녀의 죽음이에요 죽는 순간 바로 오늘의 아침으로 돌아가며 눈이 떠져요..죽는 이유는 누군가로부터 살인을 당하는 건데가면을 쓰고 있어서 용의자를 알수가 없어요 누군지 밝혀내고 처치해야 그 하루가 끝나고 다음날이 오는걸 알기에 그녀는 자신을 죽이려고 하는 이가 누군지 알아내기 위해서 고군분투하게 되는데..위의 장면들도 숱하게 나옵니다. 아무래도 타이레놀 광고하나봐요ㅋ잠에서 깨어나 남자의 기숙사에서 나오며 본인기숙사로 걸어가는 도중에 만나는 사람들.. 그 중 한명인 이름모를 여자..지구 온난화를 막자며 서명을 요구하는 여자어제 술파티? 가 있었던듯.. 굉장히 야한 차림이네요.. 외국은 밤에 술파티를 많이하는거같아요 영화를보면 말이죠~빨강색 차의 경적이 울리고경적소리 다음으로 캠퍼스 잔디밭 위의 남학생한명이 갑자기 쓰러지고목적지에 다다르니 나타나는 썸남?해피데스데이 결말 중에서 범인이 누군지가가장 궁금할텐데요... 이 밑에 적을 생각이니 이 영화를 보실 생각이라면 뒤로가기 고고!!...범인은 바로바로 룸메이트 중에서도 한방을 쓰는 룸메였어요.. 죽인 이유요? 본인이 좋아하는 남자가 여주만 찾는?좋아한다는?이유로..하아.. 이유가 참 허접...;;이상 해피데스데이 줄거리 결말 스포가 다량포함된 후기였습니다 ","https://blog.naver.com/PostView.nhn?blogId=cngo2&logNo=221164106698&redirect=Dlog&widgetTypeCall=true&directAccess=false
"
11,해피데스데이 사이다 공포영화네요! (결말 스포주의),"ㄷㄷ ㄷㄷ 해피데스데이 포스터 겁나 무서움...사실 저는 이 영화 뭔지도 모르는 상태에서 박나래 해피데스데이를 봤거든용ㅋㅋㅋㅋㅋㅋㅋㅋㅋ겁나 웃김!!!알고보니 영화 패러디더라구여?심지어 겟아웃 제작진이 만들었다고 ㄷㄷ..♡ 유플러스멤버쉽 영화예매로 바로 예매 완료~~유플러스 영화혜택이 한달에 한번인가 두번인가 공짜기때문에 잘 챙겨보면 재미가 쏠쏠해요 ㅋㅋㅋ가까운 메가박스로 예매~퇴근후 만난 우리 부부~ㅋㅋㅋㅋㅋㅋㅋㅋㅋㅋㅋㅋㅋㅋㅋㅋㅋㅋㅋㅋ해피데스데이 인증 이렇게 하는거 맞죠?찍고 한참 웃음ㅋㅋㅋㅋㅋㅋ해피데스데이는 원래 공포 영화지만, 코미디영화 같았다는 평에 많이 긴장 안하고 본거같아요 ㅋㅋ근데 그래도 놀랠땐 놀램..ㄷㄷ일단 해피데스데이 줄거리 간단하게 말하자면,9월 18일 생일날 반복되는 살인..을 당하는 싹퉁바가지지만 겁나 이쁜 여자주인공 트리 이야기예요눈을뜨면 울리는 벨소리.. 벨소리와 함께 눈을뜨고 또다시 반복되는 생일을 맞이하는 트리!여기서 잠깐, 해피데스데이 벨소리 듣고 가실게요 ㅋㅋㅋㅋㅋㅋㅋㅋㅋㅋㅋㅋMOVIE 'HAPPY DEATH DAY' RINGTONEBuy Day Birthday (HD)Yeahhh It's my birthday and I ain’t gotta pick up the phone!Yeahhh It's my birthday Y'all should just leave me alone!처음엔 깜짝 놀랬는데..계속 듣다보니 노래 신남ㅋㅋ 좋아좋아저걸로 벨소리해놓으면 제 하루도 반복되는걸까여..ㄷㄷㅋㅋㅋㅋㅋㅋㅋㅋㅋㅋㅋㅋ저렇게 소리지르면서 당하던 트리가 점점 용의자체크를 하고 반격준비, 기습까지 ㄷㄷ..평소 성격이 그지같아서 주변에 의심되는 사람도 많고 ㅋㅋㅋ그러게 착하게 좀 살지..이 아래부터는 결말, 스포 남발이니 주의하세욧!!알고보니 본인 주변인물이 아니라 탈출한 연쇄살인범!!!뚜둥살인범 제거 후 둘이 달달...♡카터 ♥ 트리맨날 보면 정든다더니..ㅋㅋ케이크촛불 끄면서 빈 소원이내일이 오게 해달라고..그거면 된다고 ㅠㅠㅠㅠㅠ그리고 잠들었는데... (야한상상 금지!) 그래도 반복되는 하루 ㅠㅠㅠㅠㅠㅠㅠㅠ이건 꿈이야 흐엉어엉ㅇ저 벨소리는 끝나지 않는다아아아알고보니 범인은 로라였죠나쁜기지배 안그렇게 봤는데 ㅡㅡ남자때문에...하..그레고리가 원흉 ㅡㅡ아내한테나 잘할 것이지 제자들을 왜 손대 흥..그래서 사람들이 포스터 보면 범인이 보인다고 했나봐요...저 케이크를 준 사람이 극 중 로라였거든여...포스터에 이렇게 암시가 되어있었네!!!굉장히 유쾌한 영화~저는 되게 재밌게 봤어요 ㅋㅋㅋ다른 것보다 당하기만하는게 아니라 핵! 사이다 장착한 여주인공 트리때문에 신나게 본 공포영화였네요결말까지 속 시원하고영화 소재도 신선! 몰입도에 사운드까지 오졌다리 오졌다~~근데 여주 왜케 이뻐..망가진 모습도 그렇고 모든 컷이 이뻐..힝공포영화 못보는 사람이 봐도 즐길 수 있는 영화 해피데스데이~시간되시면 한 번 보고 오세요 ㅋㅋㅋ해피스데이 명대사 인정? 어 인정♡","https://blog.naver.com/PostView.nhn?blogId=zzoa1229&logNo=221148368496&redirect=Dlog&widgetTypeCall=true&directAccess=false
"
12,영화: 해피데스데이 (스포.결말있음),개봉하기 전부터 친구가 해피데스데이 나오면보자고 해서..검색으로 포스터 보고!!! 깜놀~공포영화인것같아 줄거리도 안보고무조건 안본다고 했는데...결국은 보게 됨 ㅎㅎㅎ옛날엔 공포영화 잘봤는데이제 영화보고나면 귀신이 꿈에 나타날까무셔버서 못보겟음 ㅡㅜ (나이 먹었나봣 ㅜㅜ 흑)해피데스데이 이야기트리(여대생)이 자신의 생일때마다인형탈을쓴 누군가에 의해 반복적으로 죽고다시 깨어나고 또 같은날이 반복되는데..깨어날땐 항상 같은장소인 술~ 엄청먹고 기억도 안나는 하룻밤을 같이보낸 같은학교 남학생(카터) 방안에서똑같은 시간에 똑같은 대화로 시작된다.내일이 없는 똑같은 하루가 계속 리플레이~두번째 세번째는 같은날이 계속 반복되니까공포감이 밀려오면서 점점 내일이 없는 하루가 무서워지는데..트리는 하루하루가 연달아 똑같아 지자 카터에게 털어놓는다.왜! 하필이면 내 생일날 이런일이?하루가 반복될때마다 매일 같이 방쓰는 룸메이트 로리는! 트리를 위해자신이 만들었다며 컵케잌을 주는데~하루는 쓰레기통으로 휙~ 어거지로 불끄고 휙~ 고맘다는 인사도 없이 휙~상당히 이기적인 트리! 로리는 그런 트리가 밉기만 하고..그런데? 자신의 생일을 아무에게도 알리지 않고 살았는데룸메는 어떡게 알았을까 묻자... (생각이 안남) 어떡해 어떡해 알게됬다고 둘러댐 ㅋㅋ(사실 트리는 돌아가신 엄마랑 생일이 같았는데돌아가신 엄마를 생각하면 자신의 생일을 챙기지 않았던것)인형탈을 쓴 누군가에게 죽임을 당하면하루가 반복되서 다시 카터 방에서 똑같이 또 깨어나고..평소에 이기적이고 자기밖에 모르던 성격의 여자주인공은하루 하루가 반복될때마나 남을 존중하고 배려심.이해심이 조금씩 생기는 간단히 말하면개과천선 되는 과정이랄까..이영화는 ㅎㅎㅎ자신이 죽어야 다시 다시 깨어날수 있다는걸 알고는본격적으로 범인을 찾기위해 생활패턴을 바꿔본다~ 한명씩 한명씩 추리해나가는데...똑같은 하루 하루를 계속 똑같이 겪어가며범인으로 지목한 사람을 죽여야 내일이온다! 라는걸 깨달은 트리(여주인공)는지목한 범인과 다툼하다 하룻밤 같이 보낸 카터가자기를 위해 같이 싸우다 죽었..... ! 하지만 다시 살수 있다는거~~~!(여기서 엄청난 감동을 받았다는거 ㅎㅎㅎ)자기가 죽으면 또다른 하루가 다시 시작된다는걸 알게된트리는 카터를 살리기위해 죽음을 택하고 똑같은 아침을 맞이한다!물론 카터 방에서 똑같이 시작 ㅋ이 남자가 나를 진정으로 사랑해주는구나..를 깨달은 이기적인 이 .. 트리는!병원에 있을때 뉴스로 연쇄살인범이 같은 병원에 있었다는걸 보고는저사람인다..싶어! 지목했던 범인과 실랑이 끝에 결국...죽이고!!!룸메이트(로리)가 생일이라고 만들어준 케잌을 남학생과 마지막기념으로내일이 오길 기대하며 촛불을 후~ (케잌도 먹은것 같음)내일이 올거라고 기대하며 잠들었지만!!! 똑같은 날이 또 리플레이!그럼... 그사람이 진짜 범인이 아니었다는거!그런데?? 자기가 죽어야만 똑같은 날이 반복되는건데.. 왜 다시 같은날 깨어난거지???생각을 해보니 .. 마지막한 행동이라고는 케잌을 끄고 케잌을 먹고 자기도 모르게 죽은거였음!!!자기가 죽은 이유는 케잌을 먹고 죽은거?케잌에 독이 있었다는거?그럼 범인은............케잌준사람이 진짜 범인!!!!!!!!(이 영화... 반전을 노린건가????ㅎㅎㅎㅎ)그렇다...범인은 바로!!!! 컵케잌을 줬던 같이 방쓰는 룸메이트 로리!!!!!범인이라고 100%확신을 갖고 바로 룸메이트한테 쫓아가서!너가 범인이지? 그렇지? 왜~!!!! 되묻자...룸메이트(로리)가 좋아하는 남자가 트리를 좋아했던것! 질투심때문에케잌에 독을 넣은거임..헐~! 남자때문에.....죽이려했던것! 결국은 서로 다툼끝에 트리가 룸메이트 로리를 창문밖으로발로 확~~~! 걷어차서 추락으로......즉사~!! (무셔)남자들 싸움보다 여자들싸움이 더 무서웟 ㅎㅎ진짜 범인을 죽였으니~ 내일이 오겠지? 하며..같은곳에서 하루가 시작된 카터방으로 알콩달콩 가서 다시 잠들고눈을 떴는데!!!!!! 카터의 멘트가 어김없이 똑같다는거~또......진범이 아니였던가?? 했는데....카터의 장난으로 식겁! 내일이 왔음~~~^0^처음 2~3번 똑같이 반복될땐 지겨웠지만 중.후반부 부터쪼금 스릴있게 본 영화^^무섭다기보단 음향효과에 깜놀 정도..ㅎㅎㅎ코믹이라고 보기도 힘들고 .. 호러영화라고 보기도 힘들고...기대안하고 봐야 할듯 ㅎㅎㅎ,"https://blog.naver.com/PostView.nhn?blogId=sa0024&logNo=221164048284&redirect=Dlog&widgetTypeCall=true&directAccess=false
"
13,반전이 있는 새로운 공포영화 해피데스데이 결말 (스포있음),"월요일이 사라졌다를 본 후 그 전에재밌게 봤던 영화해피데스데이 를 리뷰해야겠다는 생각이 스쳐 지나 갔습니다.두 영화는 장르도 다르고 굳이 함께 생각나는 내용도 아닌데 이상하게 같이 떠올랐다는..ㅋㅋ요것도 저의 페이보릿 이기때문에^^해피데스데이(2017)감독: 크리스토퍼랜던미스터리,공포진짜 재밌게 봤던 겟아웃 제작진이 만들었다는데,역시 실망시키지 않는 구성과 반전!진짜 예상못 할 반전이었어요.게다가 그냥 공포물이 아닌 유쾌한 주인공의 캐릭터와전개가 코믹 스릴러 공포 하는 느낌을 주어서무겁지만 가볍게가볍지만 무서운두마리 토끼를 모두 잡은 매력을 가지고 있습니다.왼쪽에 있는 예쁜 언니가이 영화의 주인공 트리입니다.여대생 그녀의 생일 밤, 학교 축제에 가던 트리는소름끼치는 마스크를 쓴 괴한에게 살해 당하고..눈을 뜨면 다시 생일 아침으로...전날 밤 파티에서 만났던 남자의 기숙사 방에서 눈을 뜨게 되고자신의 방으로 돌아가면룸메이트 친구가 직접 만든 컵케익에 초를 꼽아생일 축하를 해주는 스토리가 무한반복..ㅋㅋㅋ그녀는 생일날 하루가 무한 반복되며 괴한에게 반복적으로 살해 당합니다.기억은 고스란히 남은채 다시 하루가 반복 되지만몸은 점점 약해져 만 가는 상황 속에서 죽기를 반복하며 정체모를 괴한을 찾아갑니다.저기 귀여운 아기 마스크가 바로 무서운 살인범이에요.죽기를 반복할때마다 저 가면을 쓰고 어디선가 나타나어김없이 주인공을 죽입니다.해피 데스데이는 버스데이에 죽음을 맞이하는 그녀를 위한 날이 되는 걸까요 ?그리고 해피데스데이의 결말(스포)이방법, 저방법을 써가며범인 이라 믿었던 살인범을 죽이고남자친구와 함께 다가올 진짜 내일을 자축하며 컵케익의 초를 불고 함께 나누어 먹었는데,또 눈을 떠보니 생일 아침으로 돌아가 있었습니다.(결국 또 죽었던것..)그리고는 진짜 범인을 떠올리게 됩니다.범인은 컵케익을 만들었던 룸메이트 로리 였던것..로리는 여태 아침에 건내준 컵케익을 주인공이 먹지 않아서트리를 죽이려 했던 것이었고 ,이유는 로리가 짝사랑 했던 유부남교수인그레고리와 트리가 그렇고 그런 사이였기때문....우리의 사이다 여주는로리를 빵 날려 버리고창문에서 떨어트려 즉사 시킵니다.결말은 반전과 사이다 두가지를 함께 가져다 주죠.겟아웃처럼 마음에 남는 무엇이 있기 보다는재밌고 가볍게 좀더 완성도 있는 영화를 보시기에 딱 좋다는 생각을 하는 영화 입니다.불금이나 주말에한번쯤 따뜻한 이불속에서 볼만한 영화로 완전 추천^^","https://blog.naver.com/PostView.nhn?blogId=ebbr89&logNo=221203026411&redirect=Dlog&widgetTypeCall=true&directAccess=false
"
14,공포 영화 :: 해피 데스데이 Happy Death Day 리뷰 (스포/결말 주의),"안녕하세용~다들 주말 잘 보내시고 계신가요?ㅎㅎ전 더웠던 오늘작년에 개봉해서 보지 못한 겁이 많아도 보고 싶은 공포 영화를 찾다 알게된2017년 11월에 개봉한 공포, 미스터리, 스릴러 영화공포 영화라 그런지 길지 않은 시간의 영화.생일날 반복되는 죽음이라는 특별한 선물을 받은 여대생의 끝나지 않는 파티.영화 초반부터 주인공 '트리'가 죽으면서 시작된다.흔히 아는 공포 영화랑 다르게 새로운 법칙으로 전개되는 '해피 데스데이'일 년에 한 번뿐인 생일날이 무한대로 계속되고,같은 시간 다른 방법으로 계속해서 죽을 수밖에 없는 여대생 이야기.반복되는 하루 소재에 유머러스한 설정과 매번 달라지는 죽음을 맞이하는 주인공의 방식 등으로 절대 지루할 틈 없는 새로운 컨셉.오히려 더 앞으로 어떻게 전개될지 궁금해하며 보게 된다.처음에는 무서워 도망치던 주인공반복되다 보니 온 세상이 자기중심으로 돌아간다고 생각하는 주인공.오히려 죽음이 반복되면 반복될수록 리셋되는 그 시간을 역이용하여똑똑하게 하루를 사용하기로 하는 주인공은자신이 죽는 패턴을 이해하고 학습하며 한층 더 강하게 발전해 나간다.인상 깊었던 장면 그리고 명대사. 아마 많은 사람들도 공감하지 않았을까 생각하는데당하기만 하지 않고 적극적으로 살인마에게 맞서는 통쾌 사이다 같은 걸크러쉬 매력을 보여주는 장면이 나오는데남의 시선에 민감했던 과거의 자신을 돌아보며 후회 없는 하루로 살아가기로 마음먹고 과감하게 나체의 모습으로 캠퍼스를 거니는 모습 한편으로 웃겼지만 멋지다는 생각도 문득 들게 되었다.하염없이 겁에 질린 모습이 아닌 오히려 더 맞서려는 자세가 너무 멋졌던 게 아닐까 생각 든다. -영화 해피 데스데이 中개인적으로 가면을 쓰고 나오는 뭐든 공포영화가제일 무섭다고 생각 드는데 이 영화 역시영화를 보면서 소리를 몇 번이나 질렀는지 모른다 ㅋㅋㅋㅋㅋㅋㅋㅋㅋㅋ보고 난 후 생각날까 봐 나올 거 같으면 눈을 가리기 바빴다.스스로 살인자를 잡으며 이젠 다 끝났다고 생각했지만아직 끝나지 않은...보는 내내 거슬렸던 또 다른 용의자!그건 바로룸메이트 친구인 '로리' 팬케이크에 숨겨진 비밀을 알아차린 주인공그 비밀은 케이크에 독이 들었다는 것.자기가 알아낸 사실을 로리에게 말하자시침이 떼다 결국 입을 여는데결국은 남자 때문에 눈이 멀어 주인공을 죽이려고 했던 것.둘이 격하게 몸싸움하다주인공이 독이 든 케이크를 로리 입안에 쑤셔 넣으면서 밀치게 되어 창밖으로 떨어져로리는 사망. * 모든 사진 출처 : 해피 데스데이 포토 스틸컷 주인공의 반복되는 죽음의 삶은 끝이 나면서반복되는 삶에서남자 주인공인 '카터'에게 호감이 가기 시작하는데마지막엔 둘의 해피엔딩으로 끝이 난다.개인적으로 해피엔딩을 좋아하는 편이라 매우 잼있게 봤지만죽일려는 이유는 알겠으나왜 반복이 되었는지 그것 또한 나는 궁금하기도 했다.한 여름인 지금 공포와 코믹이 함께하니더 재미있게 보게 된 것 같다.영화관에서 봤으면 얼마나 더 재미있었을지 아쉬운 마음이 있지만 무서운 걸 잘 못 보는 사람들도 나처럼 가려가면서 그나마 편하게 보지 않을까라는 생각이 들어 추천해주고 싶은 영화이기도 하다.이런 색다른 컨셉의 영화가 앞으로도 많이 개봉하길 바라는 마음이 커진 거 같다.","https://blog.naver.com/PostView.nhn?blogId=sgu1112&logNo=221305443337&redirect=Dlog&widgetTypeCall=true&directAccess=false
"
15,영화 '해피 데스데이' 줄거리 리뷰 (스포O) / 후기 / 웃긴 공포영화 !!,"경고: 이 글은 다수의 스포일러를 포함하고 있으니 주의 바랍니다!!! 극장에서 본 영화는 아니고 SNS를 통해서 입소문으로 보게 된 영화인데다른 공포영화의 여주들과 다르게 사이다스러운 모습을 보여준다 하여 보게 되었습니다 아니나 다를까 걸크러쉬 그 자체입니다........ 두근두근!!!!영화의 시작은 여자 주인공인 트리가 술을 마시고 뻗은 상태에서 전화벨 소리를 듣고 카터의 기숙사 침대에서 깨어나면서 시작합니다 (므흣)트리는 학교에서 약간 노는 아이?로 인식되어 있습니다친구가 좋아하는 남자랑 친구가 보는 앞에서 키스를 한다던지 그런 ㅋㅋㅋㅋ지금부터 하는 이야기는 계~~~~속해서 반복됩니다<반복되는 내용 정리>1. 트리가 카터의 기숙사에서 잠을 깨서 옷을 챙겨 입고 타이레놀을 찾습니다카터의 룸메이트가 ""쭉빵 걸이랑 잤냐"" 라고 하는 농담을 뒤로하고 방을 나갑니다2. 선글라스를 낀 남자가 트리를 빤히 쳐다본다3. 지구온난화를 막읍시다 서명운동을 하는 여자가 나타나 트리에게 서명을 요구하지만 거부함4. 자동차 경적이 울리고 어떤 남자가 잔디에서 쓰러짐5. 팀이라는 트리와 썸을 타던 남자가 갑자기 나와 문자를 왜 씹냐며 따짐6. 트리가 지내는 기숙사 앞에서 헤드폰을 낀 여자가 손을 흔들며 인사함7. 다니엘이 늦게 들어온 트리에게 깐족거림 8. 같은 방을 쓰는 룸메이트 로리가 생일이라며 컵케이크를 줌 (쓰레기통에 버림)9. 수업에 늦어 급하게 수업에 갔다가 교수가 일하는 병원에 찾아가 밀회를 즐김 교수 부인이 등장해서 트리가 급하게 나감10. 무슨 비만 반대 클럽 회원 모임에서 얘기하는데 어떤 회원이 트리에게 초코우유랑 햄버거를 사 와서 창피를 당함그 회원이 자리 뜨려다가 트리 찾아온 카터와 부딪혀서 트리 옷에 우유를 쏟음이 내용이 계속 트리가 죽고난 뒤 깨어나는 아침마다 반복됩니다 사실 트리의 하루가 반복되기 전, 그러니까 카터의 집에서 깨어난 첫날트리는 친구들이 준비한 본인의 깜짝 생일파티에 가던길에굴다리? 밑에서 베이비가면을 쓴 사람에게 죽임을 당하게 됩니다 그리고 카터의 집에서 다시 깨어나게 되고 트리는 같은 하루가 반복되는 것을 느끼고(본인이 죽은 건 꿈이었다고 생각함)생일파티에 가던 길에 꿈의 느낌과 너무 똑같아 이상함을 느끼고 굴다리 밑으로 가지 않고바로 기숙사로 가게 됩니다 그런데 기숙사에서 베이비가면을 쓴 사람이 갑툭튀!!!!! 펀치를 시원하게 한방 날려주는데 알고 보니 트리의 생일 파티를 준비하던 친구였죠 ㅋㅋㅋㅋ 범인이 아니었습니다 그리고 그 생일파티 현장에서 옷장에 숨어있던 진짜 베이비 가면을 쓴 사람이튀어나와 트리를 공격하고 몸싸움을 하다 또 죽게됩니다계속죽습니다.... 꾀꼬닥...지금부터 사실 웃긴 부분도 많이 나옵니다ㅋㅋㅋ그중 하나는 문자를 왜 씹냐고 했던 팀이라는 남자는 게이였다는 사실......몰래 염탐하던 트리가 게이야동을 보던 팀을 발견합니다 ㅋㅋㅋ아무튼 트리는 본인에게 원한을 살만한 사람들에게 잘못된 행동들도 고쳐보고 착하게 해보고 하는데 계속 죽습니다...베이비 가면을 쓴 트리를 죽이는 범인은그리 영리하지도 않은 모습입니다ㅋㅋㅋㅋ약간 허당끼????그렇게 또 카터의 기숙사에서 눈을 뜬 트리는 카터에게 도움을 요청하고 카터는 범인을 하나하나 미행해보라고 합니다트리는 그럼 범인 잡을 때까지 계속 죽으라는 거냐며 화내는데 다른 방법이 없지 않으냐, 라고 하자 트리는 카터의 말대로 용의자를 추려갑니다ㅋㅋㅋㅋㅋㅋ이 과정도 좀 웃겨요 어차피 죽으면 다시 깨어날 거 벌거벗고 돌아다니기도 하고 머리도 자르고 염색도 하고평소에 해보고 싶었던 것도 해보면서 용의자를 쫓으며 이렇게 죽고 저렇게 죽고 결국 또 카터의 기숙사에서 깨어난 트리는 결국 쓰러져 병원으로 실려가게 됩니다그곳은 밀회를 즐기던 교수가 있던 병원이었는데 교수는 이곳은 안전하다며 말하지만 트리는 그 말을 듣지않고 탈출을 하게 됩니다.내연남 교수가 하는 말이 트리에게 엑스레이 찍었더니 흉부에 엄청 큰 내상이 있는데 살아있는게 신기하다고했음.......계속 죽임을 당하면서 트리의 몸에도 이상이 생겼나 봅니다 ㅠㅠㅠㅠㅠ병원에서 탈출한 트리는 또 베이비 가면을 쓴 사람에게 쫓기게 됩니다 ㅋㅋ트리는 주차장에 있던 교수의 차를 훔쳐 달아나는데 경찰차가 뒤에서 사이렌을 울리며 트리의 차를 세우게 되죠 ㅋㅋㅋㅋ처음에는 아무 잘못 없다고 하다가경찰서에 잡혀들어가면 더 안전하다고 생각한 트리는본인은 마약을 했다 음주운전을 했다며 거짓말을 하며 빨리 체포해 달라고 하죠 ㅋㅋㅋ그런데 경찰은 베이비 가면에게 죽게 되고 트리 또한 또 죽습니다 그만좀 죽여.........곧 염라대왕 만나겠서 다시 카터의 기숙사에서 깨어난 트리는 절규하게 됩니다.....ㅠㅠ 카터와 함께 햄버거를 먹으러 갔는데우연히 뉴스에서 트리가 죽기 전 있던 그 병원에서 연쇄 살인마가탈출했다는 소식을 듣게 되며 저 살인마가 본인을 죽인 범인이라고 생각하게 되죠 !!그러고 그 살인마를 죽이러 병원에 찾아가게 되지만 카터가 트리를 도와주다 죽게 됩니다 ㅠㅠㅠㅠ...저런트리는 그 살인마를 죽일 기회가 있었지만 카터가 본인을 위해 희생했으니살인마를 죽이면 카터도 다시 살아나지 못할 것이라 생각하고자살을 하게 됩니다 다시 깨어나기 위해서 다시 깨어난 트리는 카터를 살리고 연쇄 살인마를 죽이기 위해 병원에 다시 들어가게 되고, 잠들어있던 경찰에게 총을 빼앗아 우여곡절 끝에 죽이게 됩니다!!!!! 옳다구나!!범인을 죽이고 트리와 카터는 서로의 마음을 확인하며로리가 준 컵케이크를 먹고 잠이 들었는데다음날 아침 또다시 카터의 기숙사에서 깨어났습니다이게 무슨....????????? 왜???범인을 죽였는데 ....알고 보니 컵케이크에 독이 들어있어 전날 밤 트리는 또 죽었고베이비 가면을 쓴 사람은 바로 같은 방을 쓰던 로리!!!! 트리는 지금까지 반복되던 하루에서 로리가 준 케이크를 먹은 적이 없죠쓰레기통에 버리거나 먹지않았습니다!!ㅋㅋㅋㅋ(차라리 반복되는 첫날 이후 딱 한 번이라도 먹었다면 단번에 범인을 잡았을 텐데...)로리는 평소 트리의 행실이 맘에 들지 않았고로리가 먼저 교수와 바람을 피우고 있었는데 트리가 빼앗았다고 생각합니다.그래서 계속 쫓아다니며 죽이려 하였고마침 로리가 일하던 병원에 (교수도 같은 곳에 일함) 연쇄 살인마가 입원을 하게 되었고본인이 트리를 죽이고 살인마에게 다 덮어씌울 생각이었던 거죠트리는 로리에게 컵케이크를 먹어보라 하자 망설이고 서로 육탄전을 하다가 로리의 입에 컵케이크를 구겨 넣고 창밖으로 밀어버리죠 ㅋㅋㅋ로리는 죽습니다!!! 포스터 사진이 곧 스포였다는 사실을 알게 되었습니다 (충격)ㅋㅋㅋ알고 보면 너무 대놓고 스포를 했었네요베이비 가면이 컵케이크를 들고 있으니..저는 영화 보면서 로리를 의심한 적이 없어요 역시 저는 코난이 아니었습니다 하하하하하공포영화라고 하지만 웃긴 요소가 너무 많고여자 주인공이 답답하지 않고 사건을 해결해 나가는 모습이 고구마 10000000개 먹고 사이다 2톤 원샷하 는 기분입니다 무서운 영화를 잘 못 보는 편인데 한 번도 눈을 안 떼고 본 것 같아요 ㅋㅋㅋㅋㅋㅋ여주의 걸크러쉬에 무릎을 탁! 치고 갑니다 ","https://blog.naver.com/PostView.nhn?blogId=kkkkk1873&logNo=221361567104&redirect=Dlog&widgetTypeCall=true&directAccess=false
"
16,[외국영화] 해피 데스데이 줄거리 및 리뷰 + 결말 (스포o),"영화 <해피 데스데이>를 보고 왔어요원래 공포영화를 아예 못보는데워낙 평도 좋고 별로 안무섭다고 해서큰 맘 먹고 보고왔어요!깜짝 놀라는 장면들은 있었지만그렇게 무서운 장면은 없었어요공포영화라기보다는 스릴러/코미디같아요ㅋㅋ네이버에 소개된 줄거리는 엄청 짧고 간결해요줄거리생일날 반복되는 죽음이라는 특별한 선물을 받은 여대생의 끝나지 않는 파티ㅋㅋㅋ 너무 짧아서 당황했는데사실 내용이 이게 맞긴해요..본격 영화 리뷰로 들어가자면(스포랑 결말 있어요!!!)여주인공역의 제시카 로테예요이 영화에서 처음 봤는데 넘나 매력대박..울어도 예쁘구 놀라도 예쁘고 뭘해도 예뻤어요이 예쁜 언니는(트리 겔브먼 역)자기가 다니는 대학에서소위 좀 잘나가는(?) 파티걸로 나와요전 날 술마시고 뻗어서 처음 보는 남자애(카터 데이비스)기숙사 방에서 일어나면서 첫 씬이 시작돼요위 사진의 오른쪽에 있는 배우인데어리숙하면서도 스윗한 남자주인공이에요이 친구는 기숙사 룸메이트 '로리'에요직접 만든 컵케이크로 생일을 축하해주는데별로 친한 사이는 아닌걸로 나와요등장인물들은 더 많은데이 셋이 주요 역할을 해요ㅋㅋ저 마스코트 가면을 쓴 범죄자가줄거리 그대로 '트리'의 생일날 살해해요근데 살해당하는 순간!다시 자신의 생일날 아침으로 돌아가는시간반복의 무한루프..를 타게돼요예전에 봤던 영화 <하루>와 비슷한 점이네요끊임없이 죽어나가면서 범인을 추적하고,동시에 스스로의 삶을 되돌아보게 된 '트리'는범인이라 확신했던 범죄자를 죽이는데 성공!!성공한 줄 알고 앞으로 있을 다음날과남주와의 로맨스를 꿈꾸며 잠든 주인공은 또다시 되풀이되는 하루에 패닉해요알고보니 범인은 룸메이트 '로리'였어요저 컵케이크 안에 독을 넣어서 살해하려했지만먹지를 않으니 직접 가면쓰고 죽이려댕긴거죠..동기는 유치하게도 자기가 좋아하는 의사쌤이'트리'만 좋아한다는 이유로..;;ㅋㅋ결국 육탄전 끝에 '트리'는 '로리'를 창 밖으로떨어뜨리는데 성공하고반복되는 하루에서 벗어나게됩니다ㅠㅠ어쩌면 유치하면서도 뻔할 수도 있는 내용인데주인공 연기력이 정말 좋았구요풀어내는 장면들이 너무 재밌었어요!!이제 아마 스크린에서는 내려갔을텐데최초로 공포 장르를 영화관에서 볼 수 있었던<해피 데스데이> 추천합니다!","https://blog.naver.com/PostView.nhn?blogId=eunice_song&logNo=221159926125&redirect=Dlog&widgetTypeCall=true&directAccess=false
"
17,"[영화] 해피 데스데이 / 미스터리, 공포 (스포주의)","주말에 부모님이랑 영화를 보고 왔습니다. 지금 볼만한 영화가 넘나 없어서.. 고르고 골라 '해피 데스 데이'를 보고 왔습니다.여러분들은 같은 하루가 계속- 계속- 반복된다면 어떠실 것 같나요?그것도 나를 죽이려는 사람으로부터 도망치는 하루가 말이죠.영화의 시작은 트리가 카터의 기숙사 방에서 눈을 뜨면서 시작합니다.전날 파티에서 술을 진탕 마신 트리는 카터가 누군지도 모르는 상황.카터에게 심통 맞게 대한 트리는 전날 어떠한 일이 일어났는지 자신이 왜 이곳에 있으며, 무슨 일은 없었는지에 대해 1도 궁금해하지 않고카터에게 이렇다 저렇다 말 한마디 없이 자신의 기숙사로 향합니다. 카터의 기숙사에서 나오자마자 자신을 훑어보는 선글라스를 낀 남학생,지구온난화를 지키자며 서명을 부탁하는 여학생.갑자기 울리는 자동차 경적소리.잔디 위에 앉아있다. 스프링쿨러가 작동해 웃으며 피하는 커플 학생.이상한? 노래를 부르는 남자 학생들 중 피곤해서 쓰러져 버리는 남학생.이런 사람들을 지나쳐 걸어가는 트리 앞을 막는 한 남학생.단순히 한 번 데이트했을 뿐인데... 왜 연락을 받지 않냐며 트리에게 이야기하는 그에게집착하지 말라는 식으로 톡톡 쏘아 이야기하는 트리.(이때까지만 해도 이 녀석이 범인인 것 같았는데..그냥 트릭이었다.)그렇게 기숙사로 돌아와비아냥거리는 다니엘을 지나 방으로 돌아온 트리를맞이하는 것은 같이 방을 사용하는 룸메이트 '로리'서로 비아냥거리는 것을 보면서 사이가 안 좋구나라는 생각을 했지만.트리의 생일을 축하한다며 자신이 만든 케이크를 내미는 '로리'하지만 트리는 먹을 생각을 하지 않고 그 케이크를 쓰레기통에 버려버립니다....오늘 밤 열리는 파티에 참가하기 위해 나서는 트리의 뒤를 쫓는 누군가.(이 가면 정말 마음에 안 든다.. 무섭...소름...)이 녀석은 트리의 뒤를 쫓아 결국 죽이고야 마는데...그렇게 비명을 지르며 트리는 처음 자신이 눈을 떴던 카터의 방에서다시 일어나게 되는 트리!이러한 장면들이 반복되면서 수수께끼를 하나씩 풀어나가고,자신을 뒤돌아보게 되는 트리를 만날 수 있습니다.우리는 이 영화를 거의 다 볼 때쯤이면 교훈을 얻을 수 있습니다.1. 부모님과 주변 사람들에게 친절하게 잘 하자.2. 시간을 소중히 생각하자.3. 나쁜 짓을 하지 말자. ..굉장히 무서울 줄 알았던 영화지만, 중간중간 저 마스크가 깜짝 등장하는 부분 빼고는별로 무섭지 않은 영화 '해피 데스데이' 였습니다.<여기서부터는 결말 스포가 있습니다. 보기 싫으신 분들은 뒤로 콩콩>영화를 보면 볼수록 제가 예상했던 범인들이 다 빗나갔습니다.우리는 가장 처음 이 영화 포스터에 등장하는 '케이크'에 관심을 둬야 합니다.과연 이 케이크를 누가 만들었으며, 누가 트리에게 주었을까요?네 여기까지만 말해도 범인이 누구인지 다들 아시겠죠?(영화를 보셨다면..)범인은 바로 룸메이트인 '로리'였습니다.자신을 죽인 사람이 바로 연쇄 살인마 '조셉'이라고 결론을 내린트리는 조셉을 죽이지만, 하루는 또다시 반복되어 있었습니다. 결론은 '조셉'이 범인이 아니라는 것이죠.조셉을 죽였는데도 불구하고 왜 하루가 다시 반복될까?생각하던 트리는 조셉을 죽인 뒤, 자신의 생일을 카터와 함께 축하합니다.'컵케이크'로 말이죠.바로 로리가 만들어준 케이크입니다.트리의 컵케이크를 먹고 잠이 들었을 뿐인데 왜 다시 하루가 시작됐는지의문이라고 생각하다가 자신은 자면서 살해를 당했다는 결론에 도달합니다.하지만 자면서 살해를 당한 것도 아니었죠.바로 마지막에 먹은 컵케이크에 독이 들어있었기 때문입니다.로리가 그녀에게 독을 먹이려고 했던 이유는'그레고리'였습니다. 네.. 교수님이죠....로리도 그레고리 교수를 좋아했었나 봅니다.....(하지만 그레고리는 유부남이라는 거...^^)결국 트리는 로리가 범인이라는 것을 알아내고, 몸싸움을 벌이다가 로리는 기숙사 창문에서 떨어져 죽습니댜....결말이 그냥저냥 그랬고영화가 너무 반복되는 느낌이라 어지러웠습니다...ㅋ크흠...평점 : ★★☆☆☆","https://blog.naver.com/PostView.nhn?blogId=xiaoli2030&logNo=221149622034&redirect=Dlog&widgetTypeCall=true&directAccess=false
"
18,해피데스데이 공포영화 스포합니당~,"공포영화 해피데스데이, 재밌다고 해서 남친이랑 보러갔는데요 저는 처음에 해피버스데이인줄 알고 ㅋㅋㅋㅋㅋㅋ계쏙 해피버스데이라고 그랬는데, 알고보니....해피 데스데이 ;이 해피데스데이 영화제목에서 힌트가 나오는데요.'제시카 로테'가 주인공인 트리 겔브먼으로 나오는데요.이 주인공 트리는 생일날에 계속 누군가로부터 죽어요 ㅜㅜㅜ근데 나를 죽이는 그 사람이 누군지 모르는거죠 ㅜ진짜 무섭게 생긴 가면을 쓰고 나타나는데요.학교 축제에 쓰는 상징적인 가면인가봐용!이게 바로 그 가면인데요 ㅋㅋㅋㅋㅋㅋㅋ진짜 무섭지않아요?뭔가 웃고있는데 소름이야...ㅜㅜ이 포스터 유의해서 봐주셔야되는게해피데스데이의 복선이라고 할까요 ㅋㅋㅋㅋ주인공 트리는 정말 인생을 막살았어요 ㅋㅋㅋㅋㅋ처음에 학교 종소리가 나오면서, 카터라는 남자기숙사에서 잠에 깹니다.ㅋㅋㅋㅋㅋㅋ근데 카터의 남자인 친구가 ""그 쭉방걸이랑 잤냐?""이러면서 들어오는 장면이 있는데ㅋㅋㅋㅋ겁나 웃겨요트리는 교수인 그레고리와도 연인사이고.. 교수와의 사이를 끝내라고 충고해주는 룸메이트 로리를 무시하는건 기본이고, 남자들이랑도 가볍게 만나죠.룸메이트가 생일이라고 직접만든 컵케이크를 선물해줬는데,촛불만 끄고 쓰레기통에 버려요 ㅜㅜ 못됬죠?자!! 이제 본격적으로 살인이 이루어지기 시작하는데요.밤에 특정시간에 계속 죽어요ㅋㅋㅋㅋㅋㅋ첨엔 무서운데, 트리는 자기가 죽는걸 꿈에서 미리보는데쟈뷰를 겪는다고 느끼고 굉장히 두려워하죠.첫번째는 파티에 가다가 죽어요. 으슥한 터널쪽을 지나가야되는데,거기에서 오르골이 울리죠. 해피버스데이~라는 노래가 나오면서요.소름이예요..그러면서 가면쓴 사람이 그쪽에 서있어요 ㅜㅜㅜㅜㅜ핵무섭.. 결국 터널에서 트리는 죽어요.두번째는 아예 파티에 가지않기로 결심.창문도 다막고 방문도 다막았어요방에 들어올 수 없게 원천봉쇄!!그런데 이미 그 가면쓴 살인마는 방안에 있었던거죠 ㅜㅜ여기서도 범인이 누군지 암시를 하고 있는데요.너무 무서워서 생각을 아예 못했었어요 ㅋㅋㅋㅋ그리고 다시 카터의 기숙사에서 깨죠.너무 무서워서 정신을 잃은 트리는 카터에게 도움을 요청했고,카터는 나를 죽일만한 사람들 리스트를 작성해서 한명씩 확인해보라고했어요.그리고 이제부터라도 착하게 살면 분명 달라질꺼라고요 ㅎㅎ그래서 트리는 그 방법대로 리스트를 작성하고, 자신을 죽일만한 사람을 한명씩 찾아봤어요~그런데 그럴만한 사람은 없었던거죠..그렇게 계속 가면쓴 살인마한테 죽어요.꿈에서 내 죽음을 암시해준다고 생각했지만,병원에서 검사를 받아본 결과 장기들이 많이 손상되있음을 알죠.기회를 주지만 몸은 점점 약해지고 있음을 트리도 인지해요.즉, 목숨이 무한정있는건 아닌거죠 ㅜㅜ그렇게 미궁속으로 빠지는 살인마의 정체!!그러던중 자기가 갔던 병원에 여자6명을 죽인 살인마가 있다는방송을 보는순간, 그사람이 범인이라고 생각된 트리.그 살인마와 싸우다가 죽을 위기에 닥쳤을때카터가 트리를 구하다가 목이 꺾여서 죽어요 ㅜㅜ눙물그래서 트리는 그 살인마를 죽일 기회가 생겼는데도 불구하고,카터를 살리기위해 스스로 목을 메고 죽어요 ㅋㅋㅋㅋ그러면서 다시 잠에서 깨는 트리 ㅋㅋㅋㅋ여기서부터는 진짜 웃겨요이제 트리는 그 살인마만 죽이면 이 지옥같은 악몽도 끝나리라고 생각하고엄청나게 준비를 많이해요. 그리고 결국 그 살인마도 죽였죠트리는 정말 개과천선했어요 ㅎㅎ 성격도 많이 바뀌고다른사람들을 생각할 수 있는 그런 아이로 바뀌었죠.그리고 진짜로 자신을 걱정해주고 위해줄줄 아는커트를 만났다는것에 감사해하죠~그렇게 생일의 마지막을 보내고 일어난 트리.그런데..끝난줄 알았던 이 악몽이 또 시작됩니다.왜죠?? 살인마는 죽였잖아요 ㅜㅜ여러분 왜 악몽이 안끝났는지 짐작가세요??자!! 이제 아까 제가 말씀드린 이 포스터 잘보세요.컵케이크와 범인사이의 관련성.바로 범인은 룸메이트였던 로리였어요...소름;; 진짜 반전있는 영화였어영여러분도 한번 보시면 좋을것같아요~","https://blog.naver.com/PostView.nhn?blogId=3_3yes&logNo=221144008750&redirect=Dlog&widgetTypeCall=true&directAccess=false
"
19,[영화] 해피데스데이 :(결말스포) 깜짝놀라기도하면서 웃기기도하면서 귀여움,"해피데스데이예고편보고 재밌을것같았는데친구가 보쟈고해서 ㄱㄱ역시나 포토카드맨날 일본조녜배우들만하다가한번 내사진두....ㅎㅎ일본 오사카 유니버셜 갔을때찍은건뎅ㅎㅎㅎㅎ그렇다고요ㅎㅎ또가고싶댜※※※※※※포스터조심※※※※※※- 줄거리 대학생 트리는 파티에서 취해서 카터의 집에서 깨어난다그날은 트리의 생일이였는데 트리는 일어나서 평범하게 하루를 보내고그날저녁 파티에 간다가는길에 학교마스코트 가면을 쓴 사람이트리를 죽인다. 그순간 트리는 잠에서 깼고다시 카터의집에서 깨어난다이상하게도 꿈에서 일어났던 일들이 그대로 이어지고, 트리는 또 가면에게 죽임을 당하고카터의 방에서 깨어난다이짓을 반복하면서 내가 살기위해선범인을 죽여야 한다는 생각에트리는 살기위해계속해서 죽으면서 범인을 찾는다계속해서 요따구로 이상한 가면쓰고 트리에게 나타나는 범인하도 많이죽은 트리나중에는 도망도 잘치게됨 카터에게 도움을 요청하는데범인을 잡아야한다는 것을 알게된거 이후로는크게 도움도안됨 ㅎㅅㅎ근데 카터가 자신대신 죽어서카터를 살리기위해트리는 한번더 죽음(죽으면 다시태어나니까)카터졸귀임ㅋㅋㅋ어느정도냐면 카터가 트리때문에 피식웃는 장면에서 내옆자리 남자가 (계속조용하다가)소리내서 웃음물론 다른관객들과 나도 ㅎㅎ트리에게 작은 컵 케익을 선물하는 로리로리는 룸메이트임그냥 뭐 알아두셈ㅎㅎ 후기및 반전&결말스포(영화보실분은 뒤로가기를).범인은 로리였음트리는 로리가 범인인것을 어떻게 알았냐면트리가 범인을 찾고 죽인다음카터와 컵케익에 초를불고미니생일파티를 함(컵케익을먹음)근데 죽고 또 카터의방에서 깨어남.트리는 알게됨로리가준 케익을 먹고 죽어서다시 깨어난것즉 로리는 병원에 입원한 범죄자를이용해서 자신을 감춘것(이부분이 약간 이해되지않은데 암튼 로리가 병원에서 실습을하는건지 일하는건지)(트리는 범죄자가 자신을죽인 범인인줄알고 죽였었음)-로리는 왜 트리를 죽였냐면초기에 트리가 카터방에서 깨어난다음자기 방(기숙사)로 가는데방에 들어가니까 로리가 트리가 대학교수랑 불륜인거 안다는식으로 이야기했었음트리는 신경끄라는 식이였는데알고보니 로리는 대학교수를 좋아했던거그래서 트리를 죽인것사실 트리가 죽어서 다시 카터의 방에서 깨어난다는설정을 해석하는 그런 내용이 없어서(그건 그냥 설정자체)아쉽긴했지만당하기만 하는 여주가 아니라자신이 살기위해 이것저것 하는 내용이라흥미로웠음 ㅋㅋㅋ여주 개쎄성격 좋고카터도 귀엽고 스릴러는 보고싶은데 귀신나오는것은 못보는분들께 추천!!!저가면이 깜짝깜짝 놀라게 나오기만함 ㅋㅋㄱps 학교 마스코트 캐릭터가 저렇게 생기면 쳐다보기도 싫을듯#해피데스데이 #영화 #영화리뷰 #영화추천 #영화후기 #신작 #개봉 #개봉영화 #생일 #제시카로테#이스라엘브로우사드","https://blog.naver.com/PostView.nhn?blogId=a3873691&logNo=221138188798&redirect=Dlog&widgetTypeCall=true&directAccess=false
"
