,support,itemsets
2013,0.003708281829419036,"frozenset({'가정부', '건강', '몸'})"
2014,0.003708281829419036,"frozenset({'가정부', '건강', '흑인'})"
2015,0.003708281829419036,"frozenset({'가정부', '크리스', '로즈'})"
2016,0.003708281829419036,"frozenset({'가정부', '흑인', '로즈'})"
2017,0.003708281829419036,"frozenset({'만나', '가정부', '흑인'})"
2018,0.003708281829419036,"frozenset({'가정부', '흑인', '몸'})"
2019,0.003708281829419036,"frozenset({'가정부', '백인', '흑인'})"
2020,0.003708281829419036,"frozenset({'가정부', '여친', '흑인'})"
2021,0.003708281829419036,"frozenset({'가정부', '울', '정원사'})"
2022,0.004944375772558714,"frozenset({'가정부', '울', '흑인'})"
2023,0.003708281829419036,"frozenset({'웃', '가정부', '장면'})"
2024,0.003708281829419036,"frozenset({'가정부', '조지나', '월터'})"
2025,0.003708281829419036,"frozenset({'가정부', '크리스', '정원사'})"
2026,0.00865265760197775,"frozenset({'가정부', '흑인', '정원사'})"
2027,0.00865265760197775,"frozenset({'가정부', '크리스', '흑인'})"
2028,0.003708281829419036,"frozenset({'가족', '친구', '걱정'})"
2029,0.003708281829419036,"frozenset({'가족', '건강', '뇌'})"
2030,0.006180469715698393,"frozenset({'가족', '건강', '몸'})"
2031,0.004944375772558714,"frozenset({'가족', '건강', '백인'})"
2032,0.003708281829419036,"frozenset({'가족', '건강', '이식'})"
2033,0.006180469715698393,"frozenset({'가족', '건강', '흑인'})"
2034,0.003708281829419036,"frozenset({'가족', '도망치', '걸리'})"
2035,0.003708281829419036,"frozenset({'가족', '걸리', '로즈'})"
2036,0.003708281829419036,"frozenset({'가족', '수술', '걸리'})"
2037,0.003708281829419036,"frozenset({'가족', '최면', '걸리'})"
2038,0.004944375772558714,"frozenset({'가족', '친구', '걸리'})"
2039,0.003708281829419036,"frozenset({'가족', '크리스', '걸리'})"
2040,0.003708281829419036,"frozenset({'가족', '그리', '친구'})"
2041,0.004944375772558714,"frozenset({'가족', '남자', '로즈'})"
2042,0.007416563658838072,"frozenset({'가족', '남자', '백인'})"
2043,0.003708281829419036,"frozenset({'가족', '남자', '벌어지'})"
2044,0.003708281829419036,"frozenset({'가족', '남자', '이야기'})"
2045,0.003708281829419036,"frozenset({'가족', '초대', '남자'})"
2046,0.003708281829419036,"frozenset({'가족', '최면', '남자'})"
2047,0.009888751545117428,"frozenset({'가족', '친구', '남자'})"
2048,0.004944375772558714,"frozenset({'가족', '크리스', '남자'})"
2049,0.00865265760197775,"frozenset({'가족', '남자', '흑인'})"
2050,0.003708281829419036,"frozenset({'가족', '납치', '로즈'})"
2051,0.003708281829419036,"frozenset({'가족', '납치', '이식'})"
2052,0.004944375772558714,"frozenset({'가족', '납치', '흑인'})"
2053,0.003708281829419036,"frozenset({'가족', '뇌', '로즈'})"
2054,0.006180469715698393,"frozenset({'가족', '뇌', '몸'})"
2055,0.006180469715698393,"frozenset({'가족', '백인', '뇌'})"
2056,0.003708281829419036,"frozenset({'가족', '수술', '뇌'})"
2057,0.007416563658838072,"frozenset({'가족', '뇌', '이식'})"
2058,0.003708281829419036,"frozenset({'가족', '최면', '뇌'})"
2059,0.003708281829419036,"frozenset({'가족', '친구', '뇌'})"
2060,0.007416563658838072,"frozenset({'가족', '뇌', '흑인'})"
2061,0.003708281829419036,"frozenset({'가족', '크리스', '느끼'})"
2062,0.003708281829419036,"frozenset({'가족', '늙', '몸'})"
2063,0.003708281829419036,"frozenset({'가족', '늙', '백인'})"
2064,0.003708281829419036,"frozenset({'가족', '늙', '흑인'})"
2065,0.003708281829419036,"frozenset({'가족', '친구', '덜'})"
2066,0.003708281829419036,"frozenset({'가족', '덜', '흑인'})"
2067,0.003708281829419036,"frozenset({'가족', '도망치', '로즈'})"
2068,0.003708281829419036,"frozenset({'가족', '도망치', '친구'})"
2069,0.003708281829419036,"frozenset({'가족', '크리스', '도망치'})"
2070,0.003708281829419036,"frozenset({'가족', '딘', '로즈'})"
2071,0.003708281829419036,"frozenset({'가족', '크리스', '딘'})"
2072,0.003708281829419036,"frozenset({'가족', '로드', '로즈'})"
2073,0.007416563658838072,"frozenset({'가족', '몸', '로즈'})"
2074,0.009888751545117428,"frozenset({'가족', '백인', '로즈'})"
2075,0.003708281829419036,"frozenset({'가족', '벌어지', '로즈'})"
2076,0.003708281829419036,"frozenset({'사슴', '가족', '로즈'})"
2077,0.003708281829419036,"frozenset({'가족', '상황', '로즈'})"
2078,0.003708281829419036,"frozenset({'가족', '수술', '로즈'})"
2079,0.007416563658838072,"frozenset({'가족', '아미', '로즈'})"
2080,0.004944375772558714,"frozenset({'가족', '이식', '로즈'})"
2081,0.003708281829419036,"frozenset({'가족', '이야기', '로즈'})"
2082,0.003708281829419036,"frozenset({'가족', '장면', '로즈'})"
2083,0.003708281829419036,"frozenset({'가족', '정말', '로즈'})"
2084,0.006180469715698393,"frozenset({'가족', '죽이', '로즈'})"
2085,0.003708281829419036,"frozenset({'가족', '최면', '로즈'})"
2086,0.009888751545117428,"frozenset({'가족', '친구', '로즈'})"
2087,0.016069221260815822,"frozenset({'가족', '크리스', '로즈'})"
2088,0.006180469715698393,"frozenset({'가족', '하인', '로즈'})"
2089,0.003708281829419036,"frozenset({'가족', '함께', '로즈'})"
2090,0.013597033374536464,"frozenset({'가족', '흑인', '로즈'})"
2091,0.003708281829419036,"frozenset({'가족', '마지막', '수술'})"
2092,0.003708281829419036,"frozenset({'가족', '모두', '몸'})"
2093,0.00865265760197775,"frozenset({'가족', '백인', '몸'})"
2094,0.003708281829419036,"frozenset({'가족', '몸', '의식'})"
2095,0.006180469715698393,"frozenset({'가족', '이식', '몸'})"
2096,0.003708281829419036,"frozenset({'가족', '처음', '몸'})"
2097,0.004944375772558714,"frozenset({'가족', '최면', '몸'})"
2098,0.004944375772558714,"frozenset({'가족', '크리스', '몸'})"
2099,0.011124845488257108,"frozenset({'가족', '흑인', '몸'})"
2100,0.003708281829419036,"frozenset({'가족', '백인', '벌어지'})"
2101,0.003708281829419036,"frozenset({'가족', '백인', '의식'})"
2102,0.004944375772558714,"frozenset({'가족', '이상', '백인'})"
2103,0.004944375772558714,"frozenset({'가족', '백인', '이식'})"
2104,0.003708281829419036,"frozenset({'가족', '백인', '이야기'})"
2105,0.003708281829419036,"frozenset({'가족', '초대', '백인'})"
2106,0.003708281829419036,"frozenset({'가족', '최면', '백인'})"
2107,0.00865265760197775,"frozenset({'가족', '친구', '백인'})"
2108,0.006180469715698393,"frozenset({'가족', '크리스', '백인'})"
2109,0.018541409147095178,"frozenset({'가족', '백인', '흑인'})"
2110,0.003708281829419036,"frozenset({'가족', '이야기', '벌어지'})"
2111,0.003708281829419036,"frozenset({'가족', '친구', '벌어지'})"
2112,0.003708281829419036,"frozenset({'가족', '크리스', '벌어지'})"
2113,0.003708281829419036,"frozenset({'가족', '벌어지', '흑인'})"
2114,0.003708281829419036,"frozenset({'가족', '수술', '이식'})"
2115,0.003708281829419036,"frozenset({'가족', '최면', '수술'})"
2116,0.003708281829419036,"frozenset({'가족', '친구', '수술'})"
2117,0.003708281829419036,"frozenset({'가족', '할머니', '수술'})"
2118,0.003708281829419036,"frozenset({'가족', '수술', '할아버지'})"
2119,0.003708281829419036,"frozenset({'가족', '크리스', '아미'})"
2120,0.003708281829419036,"frozenset({'가족', '타', '아미'})"
2121,0.003708281829419036,"frozenset({'가족', '타지', '아미'})"
2122,0.003708281829419036,"frozenset({'가족', '흑인', '아미'})"
2123,0.004944375772558714,"frozenset({'가족', '크리스', '여기'})"
2124,0.003708281829419036,"frozenset({'가족', '여기', '흑인'})"
2125,0.003708281829419036,"frozenset({'가족', '여주', '흑인'})"
2126,0.003708281829419036,"frozenset({'가족', '흑인', '의식'})"
2127,0.003708281829419036,"frozenset({'가족', '이상', '친구'})"
2128,0.004944375772558714,"frozenset({'가족', '이상', '흑인'})"
2129,0.003708281829419036,"frozenset({'가족', '할머니', '이식'})"
2130,0.007416563658838072,"frozenset({'가족', '이식', '흑인'})"
2131,0.003708281829419036,"frozenset({'가족', '친구', '이야기'})"
2132,0.003708281829419036,"frozenset({'가족', '크리스', '이야기'})"
2133,0.003708281829419036,"frozenset({'가족', '이야기', '흑인'})"
2134,0.003708281829419036,"frozenset({'가족', '주인공', '크리스'})"
2135,0.004944375772558714,"frozenset({'가족', '주인공', '흑인'})"
2136,0.004944375772558714,"frozenset({'가족', '친구', '죽이'})"
2137,0.004944375772558714,"frozenset({'가족', '크리스', '죽이'})"
2138,0.003708281829419036,"frozenset({'가족', '하인', '죽이'})"
2139,0.003708281829419036,"frozenset({'가족', '처음', '최면'})"
2140,0.003708281829419036,"frozenset({'가족', '초대', '친구'})"
2141,0.003708281829419036,"frozenset({'가족', '초대', '흑인'})"
2142,0.004944375772558714,"frozenset({'가족', '최면', '친구'})"
2143,0.004944375772558714,"frozenset({'가족', '크리스', '최면'})"
2144,0.003708281829419036,"frozenset({'가족', '최면', '흑인'})"
2145,0.006180469715698393,"frozenset({'가족', '크리스', '친구'})"
2146,0.003708281829419036,"frozenset({'가족', '하인', '친구'})"
2147,0.012360939431396786,"frozenset({'가족', '친구', '흑인'})"
2148,0.003708281829419036,"frozenset({'가족', '크리스', '타지'})"
2149,0.004944375772558714,"frozenset({'가족', '크리스', '하인'})"
2150,0.009888751545117428,"frozenset({'가족', '크리스', '흑인'})"
2151,0.003708281829419036,"frozenset({'가족', '하인', '흑인'})"
2152,0.003708281829419036,"frozenset({'가족', '할머니', '할아버지'})"
2153,0.006180469715698393,"frozenset({'갈', '크리스', '로즈'})"
2154,0.003708281829419036,"frozenset({'사슴', '죽', '갈'})"
2155,0.003708281829419036,"frozenset({'사슴', '크리스', '갈'})"
2156,0.004944375772558714,"frozenset({'크리스', '죽', '갈'})"
2157,0.003708281829419036,"frozenset({'개봉', '아웃', '겟'})"
2158,0.003708281829419036,"frozenset({'거울', '건강', '몸'})"
2159,0.003708281829419036,"frozenset({'거울', '건강', '흑인'})"
2160,0.003708281829419036,"frozenset({'거울', '수술', '뇌'})"
2161,0.003708281829419036,"frozenset({'달리', '거울', '로즈'})"
2162,0.003708281829419036,"frozenset({'달리', '거울', '조지나'})"
2163,0.003708281829419036,"frozenset({'거울', '조지나', '로즈'})"
2164,0.003708281829419036,"frozenset({'크리스', '거울', '로즈'})"
2165,0.003708281829419036,"frozenset({'거울', '이식', '몸'})"
2166,0.003708281829419036,"frozenset({'장면', '거울', '몸'})"
2167,0.003708281829419036,"frozenset({'흑인', '거울', '몸'})"
2168,0.003708281829419036,"frozenset({'거울', '자국', '수술'})"
2169,0.003708281829419036,"frozenset({'거울', '조지나', '수술'})"
2170,0.003708281829419036,"frozenset({'장면', '할머니', '거울'})"
2171,0.003708281829419036,"frozenset({'크리스', '거울', '조지나'})"
2172,0.003708281829419036,"frozenset({'흑인', '남자', '걱정'})"
2173,0.003708281829419036,"frozenset({'친구', '걱정', '로드'})"
2174,0.004944375772558714,"frozenset({'친구', '걱정', '흑인'})"
2175,0.003708281829419036,"frozenset({'겟아웃', '건강', '버리'})"
2176,0.003708281829419036,"frozenset({'남', '엄마', '건강'})"
2177,0.003708281829419036,"frozenset({'엄마', '건강', '남자'})"
2178,0.003708281829419036,"frozenset({'치', '건강', '남자'})"
2179,0.003708281829419036,"frozenset({'건강', '친구', '남자'})"
2180,0.006180469715698393,"frozenset({'건강', '뇌', '몸'})"
2181,0.004944375772558714,"frozenset({'뇌', '건강', '백인'})"
2182,0.003708281829419036,"frozenset({'건강', '뇌', '버리'})"
2183,0.004944375772558714,"frozenset({'뇌', '건강', '이식'})"
2184,0.006180469715698393,"frozenset({'건강', '뇌', '흑인'})"
2185,0.006180469715698393,"frozenset({'늙', '건강', '몸'})"
2186,0.003708281829419036,"frozenset({'늙', '건강', '백인'})"
2187,0.004944375772558714,"frozenset({'늙', '건강', '버리'})"
2188,0.004944375772558714,"frozenset({'늙', '건강', '흑인'})"
2189,0.003708281829419036,"frozenset({'달리', '건강', '몸'})"
2190,0.003708281829419036,"frozenset({'바꾸', '건강', '몸'})"
2191,0.00865265760197775,"frozenset({'건강', '백인', '몸'})"
2192,0.006180469715698393,"frozenset({'버리', '건강', '몸'})"
2193,0.003708281829419036,"frozenset({'수술', '건강', '몸'})"
2194,0.006180469715698393,"frozenset({'건강', '신체', '몸'})"
2195,0.003708281829419036,"frozenset({'엄마', '건강', '몸'})"
2196,0.003708281829419036,"frozenset({'여주', '건강', '몸'})"
2197,0.003708281829419036,"frozenset({'건강', '의식', '몸'})"
2198,0.006180469715698393,"frozenset({'건강', '이식', '몸'})"
2199,0.003708281829419036,"frozenset({'최면', '건강', '몸'})"
2200,0.003708281829419036,"frozenset({'최면술', '건강', '몸'})"
2201,0.003708281829419036,"frozenset({'친구', '건강', '몸'})"
2202,0.003708281829419036,"frozenset({'할머니', '건강', '몸'})"
2203,0.014833127317676144,"frozenset({'흑인', '건강', '몸'})"
2204,0.003708281829419036,"frozenset({'바꾸', '건강', '흑인'})"
2205,0.003708281829419036,"frozenset({'건강', '백인', '신체'})"
2206,0.003708281829419036,"frozenset({'백인', '건강', '이식'})"
2207,0.007416563658838072,"frozenset({'건강', '백인', '흑인'})"
2208,0.004944375772558714,"frozenset({'버리', '건강', '흑인'})"
2209,0.003708281829419036,"frozenset({'수술', '건강', '흑인'})"
2210,0.006180469715698393,"frozenset({'건강', '신체', '흑인'})"
2211,0.003708281829419036,"frozenset({'엄마', '치', '건강'})"
2212,0.003708281829419036,"frozenset({'엄마', '친구', '건강'})"
2213,0.003708281829419036,"frozenset({'엄마', '건강', '흑인'})"
2214,0.003708281829419036,"frozenset({'여주', '건강', '흑인'})"
2215,0.003708281829419036,"frozenset({'흑인', '건강', '의식'})"
2216,0.006180469715698393,"frozenset({'건강', '이식', '흑인'})"
2217,0.003708281829419036,"frozenset({'처음', '친구', '건강'})"
2218,0.003708281829419036,"frozenset({'최면', '건강', '흑인'})"
2219,0.003708281829419036,"frozenset({'최면술', '건강', '흑인'})"
2220,0.003708281829419036,"frozenset({'치', '친구', '건강'})"
2221,0.003708281829419036,"frozenset({'친구', '건강', '흑인'})"
2222,0.003708281829419036,"frozenset({'할머니', '건강', '흑인'})"
2223,0.004944375772558714,"frozenset({'걸리', '수술', '로즈'})"
2224,0.004944375772558714,"frozenset({'걸리', '최면', '로즈'})"
2225,0.003708281829419036,"frozenset({'걸리', '친구', '로즈'})"
2226,0.003708281829419036,"frozenset({'최면', '발견', '걸리'})"
2227,0.003708281829419036,"frozenset({'최면', '빠지', '걸리'})"
2228,0.003708281829419036,"frozenset({'최면', '수술', '걸리'})"
2229,0.003708281829419036,"frozenset({'친구', '수술', '걸리'})"
2230,0.003708281829419036,"frozenset({'걸리', '아빠', '흑인'})"
2231,0.007416563658838072,"frozenset({'크리스', '최면', '걸리'})"
2232,0.003708281829419036,"frozenset({'친구', '최면술', '걸리'})"
2233,0.003708281829419036,"frozenset({'크리스', '걸리', '흑인'})"
2234,0.003708281829419036,"frozenset({'게임', '경매', '빙고'})"
2235,0.007416563658838072,"frozenset({'크리스', '게임', '빙고'})"
2236,0.003708281829419036,"frozenset({'아웃', '곡성', '겟'})"
2237,0.003708281829419036,"frozenset({'느낌', '아웃', '겟'})"
2238,0.003708281829419036,"frozenset({'마지막', '겟', '아웃'})"
2239,0.003708281829419036,"frozenset({'아웃', '스릴러', '겟'})"
2240,0.003708281829419036,"frozenset({'아웃', '쓰', '겟'})"
2241,0.003708281829419036,"frozenset({'영상', '아웃', '겟'})"
2242,0.004944375772558714,"frozenset({'아웃', '겟', '예고'})"
2243,0.003708281829419036,"frozenset({'아웃', '친구', '겟'})"
2244,0.003708281829419036,"frozenset({'크리스', '아웃', '겟'})"
2245,0.004944375772558714,"frozenset({'후기', '아웃', '겟'})"
2246,0.004944375772558714,"frozenset({'아웃', '겟', '흑인'})"
2247,0.003708281829419036,"frozenset({'친구', '겟', '흑인'})"
2248,0.003708281829419036,"frozenset({'남', '겟아웃', '흑인'})"
2249,0.003708281829419036,"frozenset({'도중', '겟아웃', '남자'})"
2250,0.004944375772558714,"frozenset({'겟아웃', '남자', '로즈'})"
2251,0.006180469715698393,"frozenset({'겟아웃', '남자', '백인'})"
2252,0.003708281829419036,"frozenset({'겟아웃', '이상', '남자'})"
2253,0.003708281829419036,"frozenset({'겟아웃', '치', '남자'})"
2254,0.006180469715698393,"frozenset({'겟아웃', '친구', '남자'})"
2255,0.004944375772558714,"frozenset({'겟아웃', '크리스', '남자'})"
2256,0.007416563658838072,"frozenset({'겟아웃', '남자', '흑인'})"
2257,0.003708281829419036,"frozenset({'겟아웃', '너무', '재밌'})"
2258,0.003708281829419036,"frozenset({'겟아웃', '뇌', '흑인'})"
2259,0.003708281829419036,"frozenset({'덜', '겟아웃', '백인'})"
2260,0.003708281829419036,"frozenset({'덜', '겟아웃', '흑인'})"
2261,0.003708281829419036,"frozenset({'도중', '겟아웃', '백인'})"
2262,0.003708281829419036,"frozenset({'도중', '겟아웃', '친구'})"
2263,0.004944375772558714,"frozenset({'도중', '겟아웃', '흑인'})"
2264,0.004944375772558714,"frozenset({'겟아웃', '백인', '로즈'})"
2265,0.003708281829419036,"frozenset({'사슴', '겟아웃', '로즈'})"
2266,0.004944375772558714,"frozenset({'아미', '겟아웃', '로즈'})"
2267,0.003708281829419036,"frozenset({'겟아웃', '이야기', '로즈'})"
2268,0.004944375772558714,"frozenset({'겟아웃', '친구', '로즈'})"
2269,0.009888751545117428,"frozenset({'겟아웃', '크리스', '로즈'})"
2270,0.007416563658838072,"frozenset({'겟아웃', '흑인', '로즈'})"
2271,0.003708281829419036,"frozenset({'겟아웃', '무섭', '후기'})"
2272,0.003708281829419036,"frozenset({'겟아웃', '백인', '아미'})"
2273,0.003708281829419036,"frozenset({'겟아웃', '백인', '여친'})"
2274,0.003708281829419036,"frozenset({'겟아웃', '백인', '이야기'})"
2275,0.003708281829419036,"frozenset({'겟아웃', '치', '백인'})"
2276,0.006180469715698393,"frozenset({'겟아웃', '친구', '백인'})"
2277,0.004944375772558714,"frozenset({'겟아웃', '크리스', '백인'})"
2278,0.011124845488257108,"frozenset({'겟아웃', '백인', '흑인'})"
2279,0.003708281829419036,"frozenset({'겟아웃', '부분', '흑인'})"
2280,0.004944375772558714,"frozenset({'사슴', '겟아웃', '흑인'})"
2281,0.003708281829419036,"frozenset({'겟아웃', '조지나', '수술'})"
2282,0.003708281829419036,"frozenset({'겟아웃', '이야기', '아미'})"
2283,0.003708281829419036,"frozenset({'겟아웃', '크리스', '아미'})"
2284,0.004944375772558714,"frozenset({'겟아웃', '흑인', '아미'})"
2285,0.003708281829419036,"frozenset({'겟아웃', '여친', '흑인'})"
2286,0.003708281829419036,"frozenset({'편', '겟아웃', '예고'})"
2287,0.003708281829419036,"frozenset({'겟아웃', '치', '이상'})"
2288,0.003708281829419036,"frozenset({'겟아웃', '이상', '친구'})"
2289,0.003708281829419036,"frozenset({'겟아웃', '이상', '크리스'})"
2290,0.003708281829419036,"frozenset({'겟아웃', '이상', '흑인'})"
2291,0.004944375772558714,"frozenset({'겟아웃', '이야기', '흑인'})"
2292,0.003708281829419036,"frozenset({'겟아웃', '차별', '흑인'})"
2293,0.004944375772558714,"frozenset({'겟아웃', '치', '친구'})"
2294,0.004944375772558714,"frozenset({'겟아웃', '치', '흑인'})"
2295,0.004944375772558714,"frozenset({'겟아웃', '크리스', '친구'})"
2296,0.007416563658838072,"frozenset({'겟아웃', '친구', '흑인'})"
2297,0.006180469715698393,"frozenset({'겟아웃', '크리스', '흑인'})"
2298,0.003708281829419036,"frozenset({'경매', '남자', '백인'})"
2299,0.003708281829419036,"frozenset({'크리스', '경매', '남자'})"
2300,0.004944375772558714,"frozenset({'흑인', '경매', '몸'})"
2301,0.003708281829419036,"frozenset({'크리스', '경매', '백인'})"
2302,0.004944375772558714,"frozenset({'크리스', '경매', '빙고'})"
2303,0.003708281829419036,"frozenset({'크리스', '경매', '파티'})"
2304,0.003708281829419036,"frozenset({'크리스', '경찰', '로드'})"
2305,0.006180469715698393,"frozenset({'사슴', '경찰', '로즈'})"
2306,0.003708281829419036,"frozenset({'경찰', '신고', '로즈'})"
2307,0.007416563658838072,"frozenset({'경찰', '신분증', '로즈'})"
2308,0.003708281829419036,"frozenset({'경찰', '요구', '로즈'})"
2309,0.003708281829419036,"frozenset({'경찰', '치', '로즈'})"
2310,0.003708281829419036,"frozenset({'경찰', '친구', '로즈'})"
2311,0.011124845488257108,"frozenset({'크리스', '경찰', '로즈'})"
2312,0.003708281829419036,"frozenset({'흑인', '경찰', '로즈'})"
2313,0.003708281829419036,"frozenset({'장면', '경찰', '백인'})"
2314,0.003708281829419036,"frozenset({'경찰', '번째', '요구'})"
2315,0.003708281829419036,"frozenset({'크리스', '경찰', '번째'})"
2316,0.003708281829419036,"frozenset({'경찰', '번째', '흑인'})"
2317,0.003708281829419036,"frozenset({'크리스', '경찰', '사고'})"
2318,0.003708281829419036,"frozenset({'사슴', '경찰', '신고'})"
2319,0.004944375772558714,"frozenset({'사슴', '경찰', '신분증'})"
2320,0.004944375772558714,"frozenset({'사슴', '경찰', '치'})"
2321,0.007416563658838072,"frozenset({'사슴', '크리스', '경찰'})"
2322,0.003708281829419036,"frozenset({'사슴', '경찰', '흑인'})"
2323,0.003708281829419036,"frozenset({'경찰', '친구', '신고'})"
2324,0.006180469715698393,"frozenset({'크리스', '경찰', '신고'})"
2325,0.004944375772558714,"frozenset({'경찰', '요구', '신분증'})"
2326,0.004944375772558714,"frozenset({'경찰', '치', '신분증'})"
2327,0.004944375772558714,"frozenset({'경찰', '친구', '신분증'})"
2328,0.009888751545117428,"frozenset({'크리스', '경찰', '신분증'})"
2329,0.003708281829419036,"frozenset({'경찰', '신분증', '흑인'})"
2330,0.004944375772558714,"frozenset({'크리스', '경찰', '실종'})"
2331,0.003708281829419036,"frozenset({'크리스', '경찰', '알리'})"
2332,0.004944375772558714,"frozenset({'크리스', '경찰', '요구'})"
2333,0.004944375772558714,"frozenset({'크리스', '경찰', '치'})"
2334,0.006180469715698393,"frozenset({'크리스', '경찰', '친구'})"
2335,0.003708281829419036,"frozenset({'경찰', '친구', '흑인'})"
2336,0.007416563658838072,"frozenset({'크리스', '경찰', '흑인'})"
2337,0.003708281829419036,"frozenset({'크리스', '계속', '로즈'})"
2338,0.003708281829419036,"frozenset({'크리스', '이상', '계속'})"
2339,0.003708281829419036,"frozenset({'크리스', '친구', '계속'})"
2340,0.003708281829419036,"frozenset({'계속', '친구', '흑인'})"
2341,0.003708281829419036,"frozenset({'크리스', '계속', '흑인'})"
2342,0.003708281829419036,"frozenset({'나가', '곳', '흑인'})"
2343,0.003708281829419036,"frozenset({'사진', '크리스', '곳'})"
2344,0.004944375772558714,"frozenset({'크리스', '곳', '흑인'})"
2345,0.003708281829419036,"frozenset({'과정', '수술', '몸'})"
2346,0.003708281829419036,"frozenset({'과정', '이식', '몸'})"
2347,0.003708281829419036,"frozenset({'과정', '최면', '몸'})"
2348,0.003708281829419036,"frozenset({'과정', '최면', '수술'})"
2349,0.003708281829419036,"frozenset({'사슴', '관객', '덜'})"
2350,0.003708281829419036,"frozenset({'남', '그리', '흑인'})"
2351,0.003708281829419036,"frozenset({'그리', '크리스', '로즈'})"
2352,0.003708281829419036,"frozenset({'그리', '크리스', '백인'})"
2353,0.003708281829419036,"frozenset({'그리', '파티', '백인'})"
2354,0.003708281829419036,"frozenset({'그리', '후', '흑인'})"
2355,0.003708281829419036,"frozenset({'친구', '느끼', '기분'})"
2356,0.003708281829419036,"frozenset({'느끼', '기분', '흑인'})"
2357,0.004944375772558714,"frozenset({'친구', '기분', '흑인'})"
2358,0.003708281829419036,"frozenset({'친구', '길', '남자'})"
2359,0.003708281829419036,"frozenset({'친구', '길', '로즈'})"
2360,0.003708281829419036,"frozenset({'크리스', '길', '로즈'})"
2361,0.003708281829419036,"frozenset({'사슴', '길', '차'})"
2362,0.003708281829419036,"frozenset({'사슴', '치', '길'})"
2363,0.003708281829419036,"frozenset({'사슴', '친구', '길'})"
2364,0.003708281829419036,"frozenset({'크리스', '친구', '길'})"
2365,0.003708281829419036,"frozenset({'친구', '길', '흑인'})"
2366,0.003708281829419036,"frozenset({'크리스', '방', '깨어나'})"
2367,0.003708281829419036,"frozenset({'크리스', '채', '깨어나'})"
2368,0.003708281829419036,"frozenset({'나가', '크리스', '외치'})"
2369,0.003708281829419036,"frozenset({'나가', '크리스', '하지만'})"
2370,0.004944375772558714,"frozenset({'나가', '크리스', '흑인'})"
2371,0.003708281829419036,"frozenset({'날', '백인', '로즈'})"
2372,0.003708281829419036,"frozenset({'크리스', '날', '로즈'})"
2373,0.004944375772558714,"frozenset({'크리스', '날', '백인'})"
2374,0.003708281829419036,"frozenset({'날', '파티', '열리'})"
2375,0.003708281829419036,"frozenset({'크리스', '날', '파티'})"
2376,0.003708281829419036,"frozenset({'크리스', '날', '흑인'})"
2377,0.003708281829419036,"frozenset({'날', '파티', '흑인'})"
2378,0.003708281829419036,"frozenset({'남', '남자', '백인'})"
2379,0.003708281829419036,"frozenset({'남', '이상', '남자'})"
2380,0.003708281829419036,"frozenset({'남', '처음', '남자'})"
2381,0.003708281829419036,"frozenset({'남', '친구', '남자'})"
2382,0.004944375772558714,"frozenset({'남', '뇌', '몸'})"
2383,0.003708281829419036,"frozenset({'남', '뇌', '후'})"
2384,0.003708281829419036,"frozenset({'남', '크리스', '로즈'})"
2385,0.003708281829419036,"frozenset({'남', '만나', '흑인'})"
2386,0.003708281829419036,"frozenset({'남', '배', '몸'})"
2387,0.003708281829419036,"frozenset({'남', '여친', '몸'})"
2388,0.003708281829419036,"frozenset({'남', '최면', '몸'})"
2389,0.004944375772558714,"frozenset({'남', '몸', '후'})"
2390,0.003708281829419036,"frozenset({'남', '흑인', '몸'})"
2391,0.003708281829419036,"frozenset({'남', '배', '여친'})"
2392,0.003708281829419036,"frozenset({'남', '배', '후'})"
2393,0.003708281829419036,"frozenset({'남', '배', '흑인'})"
2394,0.003708281829419036,"frozenset({'남', '백인', '여친'})"
2395,0.003708281829419036,"frozenset({'남', '백인', '의식'})"
2396,0.003708281829419036,"frozenset({'남', '처음', '백인'})"
2397,0.003708281829419036,"frozenset({'남', '친구', '백인'})"
2398,0.004944375772558714,"frozenset({'남', '백인', '흑인'})"
2399,0.003708281829419036,"frozenset({'남', '엄마', '여주'})"
2400,0.004944375772558714,"frozenset({'남', '엄마', '최면'})"
2401,0.003708281829419036,"frozenset({'남', '여친', '여주'})"
2402,0.003708281829419036,"frozenset({'남', '최면', '여주'})"
2403,0.004944375772558714,"frozenset({'남', '여주', '흑인'})"
2404,0.003708281829419036,"frozenset({'남', '여친', '후'})"
2405,0.004944375772558714,"frozenset({'남', '여친', '흑인'})"
2406,0.003708281829419036,"frozenset({'남', '차별', '의식'})"
2407,0.003708281829419036,"frozenset({'남', '흑인', '정원사'})"
2408,0.003708281829419036,"frozenset({'남', '처음', '친구'})"
2409,0.003708281829419036,"frozenset({'남', '친구', '흑인'})"
2410,0.003708281829419036,"frozenset({'남', '흑인', '후'})"
2411,0.003708281829419036,"frozenset({'백인', '로즈', '남성'})"
2412,0.003708281829419036,"frozenset({'아미', '로즈', '남성'})"
2413,0.003708281829419036,"frozenset({'친구', '로즈', '남성'})"
2414,0.003708281829419036,"frozenset({'크리스', '로즈', '남성'})"
2415,0.004944375772558714,"frozenset({'흑인', '로즈', '남성'})"
2416,0.003708281829419036,"frozenset({'방문', '흑인', '남성'})"
2417,0.003708281829419036,"frozenset({'크리스', '백인', '남성'})"
2418,0.003708281829419036,"frozenset({'흑인', '백인', '남성'})"
2419,0.003708281829419036,"frozenset({'아미', '흑인', '남성'})"
2420,0.003708281829419036,"frozenset({'흑인', '친구', '남성'})"
2421,0.004944375772558714,"frozenset({'크리스', '흑인', '남성'})"
2422,0.003708281829419036,"frozenset({'남자', '뇌', '로즈'})"
2423,0.004944375772558714,"frozenset({'백인', '남자', '뇌'})"
2424,0.003708281829419036,"frozenset({'뇌', '남자', '이식'})"
2425,0.003708281829419036,"frozenset({'최면', '남자', '뇌'})"
2426,0.003708281829419036,"frozenset({'친구', '남자', '뇌'})"
2427,0.004944375772558714,"frozenset({'남자', '뇌', '흑인'})"
2428,0.003708281829419036,"frozenset({'늙', '남자', '백인'})"
2429,0.003708281829419036,"frozenset({'덜', '친구', '남자'})"
2430,0.003708281829419036,"frozenset({'덜', '남자', '흑인'})"
2431,0.003708281829419036,"frozenset({'도중', '남자', '로즈'})"
2432,0.003708281829419036,"frozenset({'만나', '도중', '남자'})"
2433,0.004944375772558714,"frozenset({'도중', '남자', '백인'})"
2434,0.003708281829419036,"frozenset({'도중', '이상', '남자'})"
2435,0.003708281829419036,"frozenset({'도중', '친구', '남자'})"
2436,0.003708281829419036,"frozenset({'도중', '크리스', '남자'})"
2437,0.003708281829419036,"frozenset({'도중', '파티', '남자'})"
2438,0.004944375772558714,"frozenset({'도중', '남자', '흑인'})"
2439,0.003708281829419036,"frozenset({'떠나', '친구', '남자'})"
2440,0.003708281829419036,"frozenset({'떠나', '남자', '흑인'})"
2441,0.00865265760197775,"frozenset({'남자', '백인', '로즈'})"
2442,0.003708281829419036,"frozenset({'남자', '벌어지', '로즈'})"
2443,0.003708281829419036,"frozenset({'사진', '남자', '로즈'})"
2444,0.003708281829419036,"frozenset({'이상', '남자', '로즈'})"
2445,0.003708281829419036,"frozenset({'남자', '이식', '로즈'})"
2446,0.003708281829419036,"frozenset({'남자', '이야기', '로즈'})"
2447,0.003708281829419036,"frozenset({'죽이', '남자', '로즈'})"
2448,0.003708281829419036,"frozenset({'찍', '남자', '로즈'})"
2449,0.003708281829419036,"frozenset({'처음', '남자', '로즈'})"
2450,0.003708281829419036,"frozenset({'최면', '남자', '로즈'})"
2451,0.013597033374536464,"frozenset({'친구', '남자', '로즈'})"
2452,0.016069221260815822,"frozenset({'크리스', '남자', '로즈'})"
2453,0.004944375772558714,"frozenset({'하인', '남자', '로즈'})"
2454,0.013597033374536464,"frozenset({'흑인', '남자', '로즈'})"
2455,0.003708281829419036,"frozenset({'만나', '남자', '백인'})"
2456,0.003708281829419036,"frozenset({'만나', '이상', '남자'})"
2457,0.003708281829419036,"frozenset({'만나', '친구', '남자'})"
2458,0.003708281829419036,"frozenset({'만나', '남자', '흑인'})"
2459,0.003708281829419036,"frozenset({'모습', '행동', '남자'})"
2460,0.004944375772558714,"frozenset({'친구', '남자', '몸'})"
2461,0.004944375772558714,"frozenset({'흑인', '남자', '몸'})"
2462,0.00865265760197775,"frozenset({'백인', '남자', '벌어지'})"
2463,0.003708281829419036,"frozenset({'아웃', '남자', '백인'})"
2464,0.004944375772558714,"frozenset({'이상', '남자', '백인'})"
2465,0.00865265760197775,"frozenset({'이야기', '남자', '백인'})"
2466,0.003708281829419036,"frozenset({'젊', '남자', '백인'})"
2467,0.004944375772558714,"frozenset({'처음', '남자', '백인'})"
2468,0.007416563658838072,"frozenset({'초대', '남자', '백인'})"
2469,0.004944375772558714,"frozenset({'치', '남자', '백인'})"
2470,0.019777503090234856,"frozenset({'친구', '남자', '백인'})"
2471,0.011124845488257108,"frozenset({'크리스', '남자', '백인'})"
2472,0.004944375772558714,"frozenset({'파티', '남자', '백인'})"
2473,0.022249690976514216,"frozenset({'남자', '백인', '흑인'})"
2474,0.007416563658838072,"frozenset({'이야기', '남자', '벌어지'})"
2475,0.006180469715698393,"frozenset({'초대', '남자', '벌어지'})"
2476,0.00865265760197775,"frozenset({'친구', '남자', '벌어지'})"
2477,0.003708281829419036,"frozenset({'크리스', '남자', '벌어지'})"
2478,0.00865265760197775,"frozenset({'남자', '벌어지', '흑인'})"
2479,0.003708281829419036,"frozenset({'친구', '남자', '부모님'})"
2480,0.003708281829419036,"frozenset({'부모님', '남자', '흑인'})"
2481,0.003708281829419036,"frozenset({'사슴', '치', '남자'})"
2482,0.003708281829419036,"frozenset({'사슴', '크리스', '남자'})"
2483,0.004944375772558714,"frozenset({'사진', '찍', '남자'})"
2484,0.003708281829419036,"frozenset({'사진', '친구', '남자'})"
2485,0.004944375772558714,"frozenset({'사진', '크리스', '남자'})"
2486,0.004944375772558714,"frozenset({'사진', '남자', '흑인'})"
2487,0.003708281829419036,"frozenset({'아웃', '남자', '이야기'})"
2488,0.003708281829419036,"frozenset({'아웃', '친구', '남자'})"
2489,0.003708281829419036,"frozenset({'아웃', '남자', '흑인'})"
2490,0.003708281829419036,"frozenset({'엄마', '치', '남자'})"
2491,0.003708281829419036,"frozenset({'엄마', '친구', '남자'})"
2492,0.003708281829419036,"frozenset({'크리스', '여기', '남자'})"
2493,0.003708281829419036,"frozenset({'흑인', '남자', '의식'})"
2494,0.003708281829419036,"frozenset({'주인공', '이상', '남자'})"
2495,0.003708281829419036,"frozenset({'처음', '이상', '남자'})"
2496,0.003708281829419036,"frozenset({'치', '이상', '남자'})"
2497,0.004944375772558714,"frozenset({'이상', '친구', '남자'})"
2498,0.004944375772558714,"frozenset({'크리스', '이상', '남자'})"
2499,0.003708281829419036,"frozenset({'이상', '남자', '흑인'})"
2500,0.003708281829419036,"frozenset({'최면', '남자', '이식'})"
2501,0.003708281829419036,"frozenset({'남자', '이식', '흑인'})"
2502,0.006180469715698393,"frozenset({'초대', '남자', '이야기'})"
2503,0.00865265760197775,"frozenset({'친구', '남자', '이야기'})"
2504,0.003708281829419036,"frozenset({'크리스', '남자', '이야기'})"
2505,0.00865265760197775,"frozenset({'남자', '이야기', '흑인'})"
2506,0.003708281829419036,"frozenset({'인사', '남자', '흑인'})"
2507,0.003708281829419036,"frozenset({'젊', '남자', '흑인'})"
2508,0.003708281829419036,"frozenset({'제일', '친구', '남자'})"
2509,0.003708281829419036,"frozenset({'제일', '남자', '흑인'})"
2510,0.003708281829419036,"frozenset({'좋아하', '남자', '흑인'})"
2511,0.006180469715698393,"frozenset({'주인공', '크리스', '남자'})"
2512,0.004944375772558714,"frozenset({'주인공', '남자', '흑인'})"
2513,0.003708281829419036,"frozenset({'최면', '죽이', '남자'})"
2514,0.003708281829419036,"frozenset({'하인', '죽이', '남자'})"
2515,0.003708281829419036,"frozenset({'처음', '찍', '남자'})"
2516,0.004944375772558714,"frozenset({'친구', '찍', '남자'})"
2517,0.004944375772558714,"frozenset({'크리스', '찍', '남자'})"
2518,0.006180469715698393,"frozenset({'찍', '남자', '흑인'})"
2519,0.00865265760197775,"frozenset({'처음', '친구', '남자'})"
2520,0.004944375772558714,"frozenset({'크리스', '처음', '남자'})"
2521,0.007416563658838072,"frozenset({'처음', '남자', '흑인'})"
2522,0.007416563658838072,"frozenset({'초대', '친구', '남자'})"
2523,0.007416563658838072,"frozenset({'초대', '남자', '흑인'})"
2524,0.003708281829419036,"frozenset({'최면', '친구', '남자'})"
2525,0.003708281829419036,"frozenset({'최면', '하인', '남자'})"
2526,0.003708281829419036,"frozenset({'최면', '남자', '흑인'})"
2527,0.006180469715698393,"frozenset({'치', '친구', '남자'})"
2528,0.003708281829419036,"frozenset({'크리스', '치', '남자'})"
2529,0.004944375772558714,"frozenset({'치', '남자', '흑인'})"
2530,0.014833127317676144,"frozenset({'크리스', '친구', '남자'})"
2531,0.003708281829419036,"frozenset({'친구', '파티', '남자'})"
2532,0.02843016069221261,"frozenset({'친구', '남자', '흑인'})"
2533,0.003708281829419036,"frozenset({'크리스', '하인', '남자'})"
2534,0.0173053152039555,"frozenset({'크리스', '남자', '흑인'})"
2535,0.003708281829419036,"frozenset({'파티', '남자', '흑인'})"
2536,0.004944375772558714,"frozenset({'납치', '뇌', '로즈'})"
2537,0.004944375772558714,"frozenset({'납치', '뇌', '몸'})"
2538,0.003708281829419036,"frozenset({'백인', '납치', '뇌'})"
2539,0.006180469715698393,"frozenset({'뇌', '납치', '이식'})"
2540,0.007416563658838072,"frozenset({'납치', '뇌', '흑인'})"
2541,0.003708281829419036,"frozenset({'시작', '당하', '납치'})"
2542,0.003708281829419036,"frozenset({'당하', '납치', '흑인'})"
2543,0.004944375772558714,"frozenset({'납치', '몸', '로즈'})"
2544,0.006180469715698393,"frozenset({'납치', '이식', '로즈'})"
2545,0.006180469715698393,"frozenset({'흑인', '납치', '로즈'})"
2546,0.003708281829419036,"frozenset({'납치', '백인', '몸'})"
2547,0.004944375772558714,"frozenset({'납치', '이식', '몸'})"
2548,0.003708281829419036,"frozenset({'크리스', '납치', '몸'})"
2549,0.00865265760197775,"frozenset({'납치', '몸', '흑인'})"
2550,0.004944375772558714,"frozenset({'납치', '백인', '흑인'})"
2551,0.003708281829419036,"frozenset({'납치', '신체', '흑인'})"
2552,0.003708281829419036,"frozenset({'흑인', '납치', '아미'})"
2553,0.007416563658838072,"frozenset({'납치', '이식', '흑인'})"
2554,0.003708281829419036,"frozenset({'장면', '납치', '흑인'})"
2555,0.004944375772558714,"frozenset({'크리스', '납치', '흑인'})"
2556,0.003708281829419036,"frozenset({'크리스', '내가', '로즈'})"
2557,0.003708281829419036,"frozenset({'내가', '백인', '흑인'})"
2558,0.003708281829419036,"frozenset({'내리', '친구', '로드'})"
2559,0.003708281829419036,"frozenset({'늙', '백인', '뇌'})"
2560,0.003708281829419036,"frozenset({'도중', '친구', '뇌'})"
2561,0.003708281829419036,"frozenset({'도중', '뇌', '흑인'})"
2562,0.003708281829419036,"frozenset({'뇌', '딘', '이식'})"
2563,0.007416563658838072,"frozenset({'뇌', '로즈', '몸'})"
2564,0.004944375772558714,"frozenset({'백인', '뇌', '로즈'})"
2565,0.007416563658838072,"frozenset({'수술', '뇌', '로즈'})"
2566,0.003708281829419036,"frozenset({'아미', '뇌', '로즈'})"
2567,0.003708281829419036,"frozenset({'월터', '뇌', '로즈'})"
2568,0.013597033374536464,"frozenset({'뇌', '이식', '로즈'})"
2569,0.004944375772558714,"frozenset({'정신', '뇌', '로즈'})"
2570,0.004944375772558714,"frozenset({'조지나', '뇌', '로즈'})"
2571,0.004944375772558714,"frozenset({'최면', '뇌', '로즈'})"
2572,0.003708281829419036,"frozenset({'친구', '뇌', '로즈'})"
2573,0.004944375772558714,"frozenset({'크리스', '뇌', '로즈'})"
2574,0.003708281829419036,"frozenset({'뇌', '할아버지', '로즈'})"
2575,0.012360939431396786,"frozenset({'흑인', '뇌', '로즈'})"
2576,0.003708281829419036,"frozenset({'마지막', '수술', '뇌'})"
2577,0.004944375772558714,"frozenset({'뇌', '마지막', '이식'})"
2578,0.003708281829419036,"frozenset({'마지막', '뇌', '최면'})"
2579,0.003708281829419036,"frozenset({'뇌', '마지막', '할아버지'})"
2580,0.003708281829419036,"frozenset({'마지막', '뇌', '흑인'})"
2581,0.003708281829419036,"frozenset({'뇌', '머리', '이식'})"
2582,0.003708281829419036,"frozenset({'방', '뇌', '몸'})"
2583,0.011124845488257108,"frozenset({'백인', '뇌', '몸'})"
2584,0.003708281829419036,"frozenset({'버리', '뇌', '몸'})"
2585,0.003708281829419036,"frozenset({'부분', '뇌', '몸'})"
2586,0.004944375772558714,"frozenset({'수술', '뇌', '몸'})"
2587,0.003708281829419036,"frozenset({'의식', '뇌', '몸'})"
2588,0.013597033374536464,"frozenset({'뇌', '이식', '몸'})"
2589,0.003708281829419036,"frozenset({'자아', '뇌', '몸'})"
2590,0.003708281829419036,"frozenset({'정신', '뇌', '몸'})"
2591,0.006180469715698393,"frozenset({'최면', '뇌', '몸'})"
2592,0.003708281829419036,"frozenset({'크리스', '뇌', '몸'})"
2593,0.003708281829419036,"frozenset({'할머니', '뇌', '몸'})"
2594,0.004944375772558714,"frozenset({'후', '뇌', '몸'})"
2595,0.014833127317676144,"frozenset({'흑인', '뇌', '몸'})"
2596,0.003708281829419036,"frozenset({'무섭', '뇌', '최면'})"
2597,0.003708281829419036,"frozenset({'무섭', '뇌', '흑인'})"
2598,0.003708281829419036,"frozenset({'방', '수술', '뇌'})"
2599,0.003708281829419036,"frozenset({'뇌', '방', '이식'})"
2600,0.003708281829419036,"frozenset({'방', '뇌', '흑인'})"
2601,0.003708281829419036,"frozenset({'백인', '뇌', '버리'})"
2602,0.003708281829419036,"frozenset({'부분', '백인', '뇌'})"
2603,0.003708281829419036,"frozenset({'수술', '백인', '뇌'})"
2604,0.003708281829419036,"frozenset({'백인', '뇌', '의식'})"
2605,0.012360939431396786,"frozenset({'뇌', '백인', '이식'})"
2606,0.003708281829419036,"frozenset({'정신', '백인', '뇌'})"
2607,0.004944375772558714,"frozenset({'최면', '백인', '뇌'})"
2608,0.003708281829419036,"frozenset({'친구', '백인', '뇌'})"
2609,0.003708281829419036,"frozenset({'크리스', '백인', '뇌'})"
2610,0.0173053152039555,"frozenset({'백인', '뇌', '흑인'})"
2611,0.004944375772558714,"frozenset({'뇌', '이식', '버리'})"
2612,0.004944375772558714,"frozenset({'버리', '뇌', '흑인'})"
2613,0.003708281829419036,"frozenset({'부분', '뇌', '흑인'})"
2614,0.003708281829419036,"frozenset({'쓰', '수술', '뇌'})"
2615,0.00865265760197775,"frozenset({'월터', '수술', '뇌'})"
2616,0.009888751545117428,"frozenset({'뇌', '수술', '이식'})"
2617,0.003708281829419036,"frozenset({'수술', '인물', '뇌'})"
2618,0.004944375772558714,"frozenset({'자국', '수술', '뇌'})"
2619,0.00865265760197775,"frozenset({'조지나', '수술', '뇌'})"
2620,0.006180469715698393,"frozenset({'크리스', '수술', '뇌'})"
2621,0.006180469715698393,"frozenset({'할머니', '수술', '뇌'})"
2622,0.006180469715698393,"frozenset({'뇌', '수술', '할아버지'})"
2623,0.006180469715698393,"frozenset({'수술', '뇌', '흑인'})"
2624,0.003708281829419036,"frozenset({'뇌', '이식', '신체'})"
2625,0.004944375772558714,"frozenset({'신체', '뇌', '흑인'})"
2626,0.003708281829419036,"frozenset({'자국', '쓰', '뇌'})"
2627,0.003708281829419036,"frozenset({'뇌', '이식', '아미'})"
2628,0.003708281829419036,"frozenset({'흑인', '뇌', '아미'})"
2629,0.003708281829419036,"frozenset({'아빠', '뇌', '흑인'})"
2630,0.003708281829419036,"frozenset({'뇌', '여기', '이식'})"
2631,0.004944375772558714,"frozenset({'뇌', '월터', '이식'})"
2632,0.007416563658838072,"frozenset({'조지나', '월터', '뇌'})"
2633,0.004944375772558714,"frozenset({'할머니', '월터', '뇌'})"
2634,0.006180469715698393,"frozenset({'뇌', '월터', '할아버지'})"
2635,0.003708281829419036,"frozenset({'흑인', '뇌', '의식'})"
2636,0.003708281829419036,"frozenset({'뇌', '이미', '할아버지'})"
2637,0.003708281829419036,"frozenset({'뇌', '젊', '이식'})"
2638,0.004944375772558714,"frozenset({'뇌', '정신', '이식'})"
2639,0.006180469715698393,"frozenset({'뇌', '조지나', '이식'})"
2640,0.007416563658838072,"frozenset({'뇌', '최면', '이식'})"
2641,0.003708281829419036,"frozenset({'뇌', '친구', '이식'})"
2642,0.004944375772558714,"frozenset({'뇌', '크리스', '이식'})"
2643,0.003708281829419036,"frozenset({'뇌', '하인', '이식'})"
2644,0.006180469715698393,"frozenset({'뇌', '할머니', '이식'})"
2645,0.004944375772558714,"frozenset({'뇌', '이식', '할아버지'})"
2646,0.019777503090234856,"frozenset({'뇌', '이식', '흑인'})"
2647,0.003708281829419036,"frozenset({'최면', '정신', '뇌'})"
2648,0.003708281829419036,"frozenset({'크리스', '정신', '뇌'})"
2649,0.006180469715698393,"frozenset({'정신', '뇌', '흑인'})"
2650,0.004944375772558714,"frozenset({'할머니', '조지나', '뇌'})"
2651,0.006180469715698393,"frozenset({'뇌', '조지나', '할아버지'})"
2652,0.003708281829419036,"frozenset({'조지나', '뇌', '흑인'})"
2653,0.003708281829419036,"frozenset({'죽이', '뇌', '흑인'})"
2654,0.003708281829419036,"frozenset({'찻잔', '뇌', '흑인'})"
2655,0.003708281829419036,"frozenset({'초반', '뇌', '흑인'})"
2656,0.00865265760197775,"frozenset({'최면', '뇌', '흑인'})"
2657,0.004944375772558714,"frozenset({'친구', '뇌', '흑인'})"
2658,0.004944375772558714,"frozenset({'크리스', '뇌', '흑인'})"
2659,0.003708281829419036,"frozenset({'하인', '뇌', '흑인'})"
2660,0.004944375772558714,"frozenset({'뇌', '할머니', '할아버지'})"
2661,0.003708281829419036,"frozenset({'흑인', '뇌', '후'})"
2662,0.003708281829419036,"frozenset({'크리스', '흘리', '눈물'})"
2663,0.003708281829419036,"frozenset({'크리스', '느끼', '로즈'})"
2664,0.003708281829419036,"frozenset({'크리스', '느끼', '무언가'})"
2665,0.003708281829419036,"frozenset({'불편', '느끼', '백인'})"
2666,0.004944375772558714,"frozenset({'느끼', '백인', '여친'})"
2667,0.003708281829419036,"frozenset({'크리스', '느끼', '백인'})"
2668,0.003708281829419036,"frozenset({'불편', '느끼', '여친'})"
2669,0.003708281829419036,"frozenset({'주인공', '느끼', '여친'})"
2670,0.006180469715698393,"frozenset({'크리스', '이상', '느끼'})"
2671,0.004944375772558714,"frozenset({'친구', '느끼', '흑인'})"
2672,0.004944375772558714,"frozenset({'크리스', '느끼', '흑인'})"
2673,0.004944375772558714,"frozenset({'늙', '백인', '몸'})"
2674,0.004944375772558714,"frozenset({'버리', '늙', '몸'})"
2675,0.003708281829419036,"frozenset({'늙', '몸', '의식'})"
2676,0.006180469715698393,"frozenset({'흑인', '늙', '몸'})"
2677,0.003708281829419036,"frozenset({'바꾸', '늙', '백인'})"
2678,0.007416563658838072,"frozenset({'늙', '백인', '흑인'})"
2679,0.003708281829419036,"frozenset({'버리', '늙', '흑인'})"
2680,0.003708281829419036,"frozenset({'흑인', '늙', '의식'})"
2681,0.003708281829419036,"frozenset({'흑인', '백인', '다르'})"
2682,0.003708281829419036,"frozenset({'크리스', '친구', '다르'})"
2683,0.003708281829419036,"frozenset({'흑인', '친구', '다르'})"
2684,0.004944375772558714,"frozenset({'크리스', '흑인', '다르'})"
2685,0.003708281829419036,"frozenset({'달리', '수술', '로즈'})"
2686,0.003708281829419036,"frozenset({'달리', '조지나', '로즈'})"
2687,0.003708281829419036,"frozenset({'크리스', '달리', '로즈'})"
2688,0.003708281829419036,"frozenset({'달리', '백인', '흑인'})"
2689,0.003708281829419036,"frozenset({'달리', '여친', '흑인'})"
2690,0.003708281829419036,"frozenset({'크리스', '달리', '흑인'})"
2691,0.003708281829419036,"frozenset({'엄마', '담배', '최면'})"
2692,0.007416563658838072,"frozenset({'크리스', '담배', '피'})"
2693,0.003708281829419036,"frozenset({'당하', '친구', '로즈'})"
2694,0.003708281829419036,"frozenset({'크리스', '당하', '로즈'})"
2695,0.003708281829419036,"frozenset({'모습', '당하', '흑인'})"
2696,0.004944375772558714,"frozenset({'흑인', '당하', '몸'})"
2697,0.003708281829419036,"frozenset({'사슴', '당하', '치'})"
2698,0.003708281829419036,"frozenset({'당하', '정신', '흑인'})"
2699,0.003708281829419036,"frozenset({'크리스', '당하', '친구'})"
2700,0.003708281829419036,"frozenset({'크리스', '당하', '흑인'})"
2701,0.003708281829419036,"frozenset({'덜', '신분증', '로즈'})"
2702,0.004944375772558714,"frozenset({'덜', '친구', '로즈'})"
2703,0.004944375772558714,"frozenset({'덜', '크리스', '로즈'})"
2704,0.004944375772558714,"frozenset({'덜', '흑인', '로즈'})"
2705,0.003708281829419036,"frozenset({'덜', '크리스', '백인'})"
2706,0.003708281829419036,"frozenset({'덜', '백인', '흑인'})"
2707,0.003708281829419036,"frozenset({'사슴', '덜', '흑인'})"
2708,0.003708281829419036,"frozenset({'덜', '크리스', '친구'})"
2709,0.007416563658838072,"frozenset({'덜', '친구', '흑인'})"
2710,0.003708281829419036,"frozenset({'덜', '크리스', '흑인'})"
2711,0.003708281829419036,"frozenset({'흑인', '데리', '몸'})"
2712,0.003708281829419036,"frozenset({'친구', '데리', '흑인'})"
2713,0.004944375772558714,"frozenset({'도망치', '친구', '로즈'})"
2714,0.004944375772558714,"frozenset({'크리스', '도망치', '로즈'})"
2715,0.003708281829419036,"frozenset({'흑인', '도망치', '로즈'})"
2716,0.003708281829419036,"frozenset({'크리스', '친구', '도망치'})"
2717,0.003708281829419036,"frozenset({'도망치', '친구', '흑인'})"
2718,0.003708281829419036,"frozenset({'크리스', '하지만', '도망치'})"
2719,0.003708281829419036,"frozenset({'도중', '친구', '로즈'})"
2720,0.003708281829419036,"frozenset({'도중', '크리스', '로즈'})"
2721,0.003708281829419036,"frozenset({'도중', '흑인', '로즈'})"
2722,0.003708281829419036,"frozenset({'도중', '친구', '백인'})"
2723,0.003708281829419036,"frozenset({'도중', '파티', '백인'})"
2724,0.004944375772558714,"frozenset({'도중', '백인', '흑인'})"
2725,0.003708281829419036,"frozenset({'도중', '이상', '친구'})"
2726,0.003708281829419036,"frozenset({'도중', '크리스', '이상'})"
2727,0.003708281829419036,"frozenset({'도중', '크리스', '친구'})"
2728,0.004944375772558714,"frozenset({'도중', '친구', '흑인'})"
2729,0.003708281829419036,"frozenset({'도중', '파티', '흑인'})"
2730,0.003708281829419036,"frozenset({'크리스', '도착', '로즈'})"
2731,0.003708281829419036,"frozenset({'조지나', '월터', '도착'})"
2732,0.003708281829419036,"frozenset({'크리스', '도착', '흑인'})"
2733,0.003708281829419036,"frozenset({'흑인', '돌아오', '몸'})"
2734,0.003708281829419036,"frozenset({'뒤', '모두', '백인'})"
2735,0.003708281829419036,"frozenset({'뒤', '백인', '몸'})"
2736,0.003708281829419036,"frozenset({'뒤', '흑인', '몸'})"
2737,0.004944375772558714,"frozenset({'뒤', '백인', '흑인'})"
2738,0.003708281829419036,"frozenset({'뒤', '최면', '흑인'})"
2739,0.003708281829419036,"frozenset({'백인', '드리', '로즈'})"
2740,0.003708281829419036,"frozenset({'인사', '드리', '로즈'})"
2741,0.003708281829419036,"frozenset({'크리스', '드리', '로즈'})"
2742,0.003708281829419036,"frozenset({'인사', '백인', '드리'})"
2743,0.003708281829419036,"frozenset({'크리스', '백인', '드리'})"
2744,0.004944375772558714,"frozenset({'추천', '보시', '드리'})"
2745,0.003708281829419036,"frozenset({'인사', '크리스', '드리'})"
2746,0.003708281829419036,"frozenset({'어머니', '듣', '로즈'})"
2747,0.004944375772558714,"frozenset({'듣', '최면', '로즈'})"
2748,0.003708281829419036,"frozenset({'듣', '친구', '로즈'})"
2749,0.004944375772558714,"frozenset({'듣', '크리스', '로즈'})"
2750,0.004944375772558714,"frozenset({'듣', '흑인', '로즈'})"
2751,0.003708281829419036,"frozenset({'듣', '마지막', '수술'})"
2752,0.003708281829419036,"frozenset({'듣', '마지막', '최면'})"
2753,0.003708281829419036,"frozenset({'듣', '마지막', '흑인'})"
2754,0.003708281829419036,"frozenset({'사슴', '듣', '흑인'})"
2755,0.003708281829419036,"frozenset({'듣', '최면', '수술'})"
2756,0.003708281829419036,"frozenset({'듣', '최면', '흑인'})"
2757,0.003708281829419036,"frozenset({'듣', '친구', '흑인'})"
2758,0.004944375772558714,"frozenset({'크리스', '듣', '흑인'})"
2759,0.003708281829419036,"frozenset({'차별', '듯', '백인'})"
2760,0.003708281829419036,"frozenset({'듯', '백인', '흑인'})"
2761,0.003708281829419036,"frozenset({'차별', '듯', '흑인'})"
2762,0.003708281829419036,"frozenset({'딘', '몸', '로즈'})"
2763,0.003708281829419036,"frozenset({'미시', '딘', '로즈'})"
2764,0.004944375772558714,"frozenset({'아버지', '딘', '로즈'})"
2765,0.003708281829419036,"frozenset({'어머니', '딘', '로즈'})"
2766,0.003708281829419036,"frozenset({'딘', '이상', '로즈'})"
2767,0.007416563658838072,"frozenset({'크리스', '딘', '로즈'})"
2768,0.003708281829419036,"frozenset({'딘', '하인', '로즈'})"
2769,0.004944375772558714,"frozenset({'흑인', '딘', '로즈'})"
2770,0.004944375772558714,"frozenset({'크리스', '모두', '딘'})"
2771,0.004944375772558714,"frozenset({'미시', '최면', '딘'})"
2772,0.004944375772558714,"frozenset({'미시', '크리스', '딘'})"
2773,0.003708281829419036,"frozenset({'딘', '백인', '흑인'})"
2774,0.003708281829419036,"frozenset({'크리스', '딘', '빙고'})"
2775,0.003708281829419036,"frozenset({'아버지', '딘', '어머니'})"
2776,0.004944375772558714,"frozenset({'딘', '조지나', '월터'})"
2777,0.003708281829419036,"frozenset({'크리스', '월터', '딘'})"
2778,0.006180469715698393,"frozenset({'크리스', '이상', '딘'})"
2779,0.003708281829419036,"frozenset({'딘', '이상', '흑인'})"
2780,0.003708281829419036,"frozenset({'크리스', '조지나', '딘'})"
2781,0.006180469715698393,"frozenset({'크리스', '떠나', '로즈'})"
2782,0.003708281829419036,"frozenset({'크리스', '떠나', '여친'})"
2783,0.003708281829419036,"frozenset({'친구', '떠나', '흑인'})"
2784,0.003708281829419036,"frozenset({'크리스', '떠올리', '어리'})"
2785,0.003708281829419036,"frozenset({'버리', '로드', '로즈'})"
2786,0.004944375772558714,"frozenset({'사슴', '로드', '로즈'})"
2787,0.003708281829419036,"frozenset({'수술', '로드', '로즈'})"
2788,0.003708281829419036,"frozenset({'아미', '로드', '로즈'})"
2789,0.003708281829419036,"frozenset({'친구', '로드', '로즈'})"
2790,0.004944375772558714,"frozenset({'크리스', '로드', '로즈'})"
2791,0.004944375772558714,"frozenset({'키', '로드', '로즈'})"
2792,0.003708281829419036,"frozenset({'크리스', '로드', '버리'})"
2793,0.004944375772558714,"frozenset({'사슴', '키', '로드'})"
2794,0.003708281829419036,"frozenset({'흑인', '로드', '아미'})"
2795,0.004944375772558714,"frozenset({'전화', '크리스', '로드'})"
2796,0.007416563658838072,"frozenset({'크리스', '친구', '로드'})"
2797,0.004944375772558714,"frozenset({'친구', '로드', '흑인'})"
2798,0.003708281829419036,"frozenset({'크리스', '로드', '흑인'})"
2799,0.003708281829419036,"frozenset({'링', '여주인공', '로즈'})"
2800,0.003708281829419036,"frozenset({'링', '커', '로즈'})"
2801,0.003708281829419036,"frozenset({'마지막', '최면', '로즈'})"
2802,0.003708281829419036,"frozenset({'흑인', '마지막', '로즈'})"
2803,0.003708281829419036,"frozenset({'만나', '이상', '로즈'})"
2804,0.004944375772558714,"frozenset({'만나', '조지나', '로즈'})"
2805,0.004944375772558714,"frozenset({'만나', '크리스', '로즈'})"
2806,0.003708281829419036,"frozenset({'모습', '크리스', '로즈'})"
2807,0.006180469715698393,"frozenset({'몸', '백인', '로즈'})"
2808,0.009888751545117428,"frozenset({'몸', '이식', '로즈'})"
2809,0.003708281829419036,"frozenset({'정신', '몸', '로즈'})"
2810,0.003708281829419036,"frozenset({'최면', '몸', '로즈'})"
2811,0.004944375772558714,"frozenset({'크리스', '몸', '로즈'})"
2812,0.013597033374536464,"frozenset({'흑인', '몸', '로즈'})"
2813,0.003708281829419036,"frozenset({'무섭', '이식', '로즈'})"
2814,0.003708281829419036,"frozenset({'무섭', '최면', '로즈'})"
2815,0.003708281829419036,"frozenset({'크리스', '무섭', '로즈'})"
2816,0.004944375772558714,"frozenset({'어머니', '미시', '로즈'})"
2817,0.006180469715698393,"frozenset({'미시', '최면', '로즈'})"
2818,0.003708281829419036,"frozenset({'미시', '흑인', '로즈'})"
2819,0.003708281829419036,"frozenset({'크리스', '발견', '로즈'})"
2820,0.003708281829419036,"frozenset({'크리스', '방', '로즈'})"
2821,0.003708281829419036,"frozenset({'방문', '백인', '로즈'})"
2822,0.003708281829419036,"frozenset({'크리스', '방문', '로즈'})"
2823,0.003708281829419036,"frozenset({'방문', '흑인', '로즈'})"
2824,0.003708281829419036,"frozenset({'백인', '벌어지', '로즈'})"
2825,0.003708281829419036,"frozenset({'부모님', '백인', '로즈'})"
2826,0.004944375772558714,"frozenset({'백인', '로즈', '아미'})"
2827,0.003708281829419036,"frozenset({'의식', '백인', '로즈'})"
2828,0.006180469715698393,"frozenset({'이상', '백인', '로즈'})"
2829,0.006180469715698393,"frozenset({'백인', '이식', '로즈'})"
2830,0.006180469715698393,"frozenset({'백인', '이야기', '로즈'})"
2831,0.003708281829419036,"frozenset({'인사', '백인', '로즈'})"
2832,0.013597033374536464,"frozenset({'친구', '백인', '로즈'})"
2833,0.019777503090234856,"frozenset({'크리스', '백인', '로즈'})"
2834,0.006180469715698393,"frozenset({'파티', '백인', '로즈'})"
2835,0.004944375772558714,"frozenset({'백인', '로즈', '함께'})"
2836,0.022249690976514216,"frozenset({'흑인', '백인', '로즈'})"
2837,0.003708281829419036,"frozenset({'이야기', '벌어지', '로즈'})"
2838,0.003708281829419036,"frozenset({'친구', '벌어지', '로즈'})"
2839,0.003708281829419036,"frozenset({'크리스', '벌어지', '로즈'})"
2840,0.003708281829419036,"frozenset({'흑인', '벌어지', '로즈'})"
2841,0.003708281829419036,"frozenset({'보여주', '신분증', '로즈'})"
2842,0.004944375772558714,"frozenset({'크리스', '보여주', '로즈'})"
2843,0.003708281829419036,"frozenset({'사슴', '복선', '로즈'})"
2844,0.003708281829419036,"frozenset({'크리스', '복선', '로즈'})"
2845,0.003708281829419036,"frozenset({'크리스', '부모님', '로즈'})"
2846,0.003708281829419036,"frozenset({'흑인', '부모님', '로즈'})"
2847,0.004944375772558714,"frozenset({'사슴', '사고', '로즈'})"
2848,0.004944375772558714,"frozenset({'치', '사고', '로즈'})"
2849,0.003708281829419036,"frozenset({'친구', '사고', '로즈'})"
2850,0.003708281829419036,"frozenset({'크리스', '사고', '로즈'})"
2851,0.003708281829419036,"frozenset({'사슴', '신고', '로즈'})"
2852,0.003708281829419036,"frozenset({'사슴', '신분증', '로즈'})"
2853,0.003708281829419036,"frozenset({'사슴', '아미', '로즈'})"
2854,0.003708281829419036,"frozenset({'사슴', '아버지', '로즈'})"
2855,0.003708281829419036,"frozenset({'사슴', '아빠', '로즈'})"
2856,0.003708281829419036,"frozenset({'사슴', '주인공', '로즈'})"
2857,0.003708281829419036,"frozenset({'사슴', '죽', '로즈'})"
2858,0.00865265760197775,"frozenset({'사슴', '치', '로즈'})"
2859,0.004944375772558714,"frozenset({'사슴', '친구', '로즈'})"
2860,0.00865265760197775,"frozenset({'사슴', '크리스', '로즈'})"
2861,0.004944375772558714,"frozenset({'사슴', '키', '로즈'})"
2862,0.007416563658838072,"frozenset({'사슴', '흑인', '로즈'})"
2863,0.003708281829419036,"frozenset({'사진', '찍', '로즈'})"
2864,0.004944375772558714,"frozenset({'사진', '친구', '로즈'})"
2865,0.006180469715698393,"frozenset({'사진', '크리스', '로즈'})"
2866,0.004944375772558714,"frozenset({'사진', '흑인', '로즈'})"
2867,0.003708281829419036,"frozenset({'월터', '수술', '로즈'})"
2868,0.007416563658838072,"frozenset({'수술', '이식', '로즈'})"
2869,0.004944375772558714,"frozenset({'조지나', '수술', '로즈'})"
2870,0.004944375772558714,"frozenset({'최면', '수술', '로즈'})"
2871,0.004944375772558714,"frozenset({'친구', '수술', '로즈'})"
2872,0.004944375772558714,"frozenset({'크리스', '수술', '로즈'})"
2873,0.003708281829419036,"frozenset({'수술', '할아버지', '로즈'})"
2874,0.006180469715698393,"frozenset({'흑인', '수술', '로즈'})"
2875,0.003708281829419036,"frozenset({'크리스', '신고', '로즈'})"
2876,0.003708281829419036,"frozenset({'치', '신분증', '로즈'})"
2877,0.004944375772558714,"frozenset({'친구', '신분증', '로즈'})"
2878,0.00865265760197775,"frozenset({'크리스', '신분증', '로즈'})"
2879,0.004944375772558714,"frozenset({'크리스', '쓰', '로즈'})"
2880,0.003708281829419036,"frozenset({'아미', '이식', '로즈'})"
2881,0.003708281829419036,"frozenset({'아미', '이야기', '로즈'})"
2882,0.003708281829419036,"frozenset({'조부', '아미', '로즈'})"
2883,0.003708281829419036,"frozenset({'집안', '아미', '로즈'})"
2884,0.004944375772558714,"frozenset({'아미', '친구', '로즈'})"
2885,0.007416563658838072,"frozenset({'아미', '크리스', '로즈'})"
2886,0.004944375772558714,"frozenset({'타지', '아미', '로즈'})"
2887,0.003708281829419036,"frozenset({'아미', '로즈', '함께'})"
2888,0.009888751545117428,"frozenset({'아미', '흑인', '로즈'})"
2889,0.003708281829419036,"frozenset({'아버지', '어머니', '로즈'})"
2890,0.003708281829419036,"frozenset({'흑인', '아빠', '로즈'})"
2891,0.004944375772558714,"frozenset({'어머니', '최면', '로즈'})"
2892,0.004944375772558714,"frozenset({'엄마', '최면', '로즈'})"
2893,0.006180469715698393,"frozenset({'엄마', '크리스', '로즈'})"
2894,0.006180469715698393,"frozenset({'크리스', '여기', '로즈'})"
2895,0.003708281829419036,"frozenset({'흑인', '여기', '로즈'})"
2896,0.003708281829419036,"frozenset({'여주인공', '커', '로즈'})"
2897,0.003708281829419036,"frozenset({'크리스', '요구', '로즈'})"
2898,0.003708281829419036,"frozenset({'월터', '이식', '로즈'})"
2899,0.00865265760197775,"frozenset({'조지나', '월터', '로즈'})"
2900,0.004944375772558714,"frozenset({'크리스', '월터', '로즈'})"
2901,0.003708281829419036,"frozenset({'월터', '할아버지', '로즈'})"
2902,0.003708281829419036,"frozenset({'흑인', '의식', '로즈'})"
2903,0.004944375772558714,"frozenset({'이상', '친구', '로즈'})"
2904,0.00865265760197775,"frozenset({'크리스', '이상', '로즈'})"
2905,0.003708281829419036,"frozenset({'하인', '이상', '로즈'})"
2906,0.004944375772558714,"frozenset({'흑인', '이상', '로즈'})"
2907,0.004944375772558714,"frozenset({'정신', '이식', '로즈'})"
2908,0.003708281829419036,"frozenset({'조부', '이식', '로즈'})"
2909,0.004944375772558714,"frozenset({'조지나', '이식', '로즈'})"
2910,0.006180469715698393,"frozenset({'최면', '이식', '로즈'})"
2911,0.003708281829419036,"frozenset({'친구', '이식', '로즈'})"
2912,0.007416563658838072,"frozenset({'크리스', '이식', '로즈'})"
2913,0.004944375772558714,"frozenset({'할머니', '이식', '로즈'})"
2914,0.004944375772558714,"frozenset({'이식', '할아버지', '로즈'})"
2915,0.016069221260815822,"frozenset({'흑인', '이식', '로즈'})"
2916,0.004944375772558714,"frozenset({'친구', '이야기', '로즈'})"
2917,0.00865265760197775,"frozenset({'크리스', '이야기', '로즈'})"
2918,0.007416563658838072,"frozenset({'흑인', '이야기', '로즈'})"
2919,0.004944375772558714,"frozenset({'크리스', '이에', '로즈'})"
2920,0.003708281829419036,"frozenset({'이후', '크리스', '로즈'})"
2921,0.003708281829419036,"frozenset({'인사', '크리스', '로즈'})"
2922,0.006180469715698393,"frozenset({'크리스', '인종', '로즈'})"
2923,0.004944375772558714,"frozenset({'크리스', '인종차별', '로즈'})"
2924,0.003708281829419036,"frozenset({'장면', '크리스', '로즈'})"
2925,0.003708281829419036,"frozenset({'최면', '정신', '로즈'})"
2926,0.006180469715698393,"frozenset({'흑인', '정신', '로즈'})"
2927,0.003708281829419036,"frozenset({'제레미', '크리스', '로즈'})"
2928,0.003708281829419036,"frozenset({'조부', '흑인', '로즈'})"
2929,0.00865265760197775,"frozenset({'크리스', '조지나', '로즈'})"
2930,0.003708281829419036,"frozenset({'흑인', '조지나', '로즈'})"
2931,0.003708281829419036,"frozenset({'주인공', '친구', '로즈'})"
2932,0.003708281829419036,"frozenset({'주인공', '흑인', '로즈'})"
2933,0.004944375772558714,"frozenset({'크리스', '죽', '로즈'})"
2934,0.003708281829419036,"frozenset({'최면', '죽이', '로즈'})"
2935,0.003708281829419036,"frozenset({'친구', '죽이', '로즈'})"
2936,0.003708281829419036,"frozenset({'크리스', '죽이', '로즈'})"
2937,0.004944375772558714,"frozenset({'하인', '죽이', '로즈'})"
2938,0.003708281829419036,"frozenset({'흑인', '죽이', '로즈'})"
2939,0.003708281829419036,"frozenset({'집안', '크리스', '로즈'})"
2940,0.003708281829419036,"frozenset({'친구', '찍', '로즈'})"
2941,0.003708281829419036,"frozenset({'크리스', '찍', '로즈'})"
2942,0.003708281829419036,"frozenset({'흑인', '찍', '로즈'})"
2943,0.007416563658838072,"frozenset({'크리스', '차', '로즈'})"
2944,0.003708281829419036,"frozenset({'키', '차', '로즈'})"
2945,0.003708281829419036,"frozenset({'차', '타', '로즈'})"
2946,0.004944375772558714,"frozenset({'처음', '친구', '로즈'})"
2947,0.006180469715698393,"frozenset({'크리스', '처음', '로즈'})"
2948,0.004944375772558714,"frozenset({'흑인', '처음', '로즈'})"
2949,0.003708281829419036,"frozenset({'크리스', '초대', '로즈'})"
2950,0.003708281829419036,"frozenset({'최면', '친구', '로즈'})"
2951,0.004944375772558714,"frozenset({'크리스', '최면', '로즈'})"
2952,0.003708281829419036,"frozenset({'최면', '하인', '로즈'})"
2953,0.007416563658838072,"frozenset({'흑인', '최면', '로즈'})"
2954,0.003708281829419036,"frozenset({'치', '친구', '로즈'})"
2955,0.004944375772558714,"frozenset({'크리스', '치', '로즈'})"
2956,0.023485784919653894,"frozenset({'크리스', '친구', '로즈'})"
2957,0.003708281829419036,"frozenset({'하인', '친구', '로즈'})"
2958,0.004944375772558714,"frozenset({'친구', '로즈', '함께'})"
2959,0.021013597033374538,"frozenset({'흑인', '친구', '로즈'})"
2960,0.004944375772558714,"frozenset({'크리스', '키', '로즈'})"
2961,0.003708281829419036,"frozenset({'크리스', '타', '로즈'})"
2962,0.003708281829419036,"frozenset({'타지', '크리스', '로즈'})"
2963,0.003708281829419036,"frozenset({'크리스', '탈출', '로즈'})"
2964,0.007416563658838072,"frozenset({'크리스', '파티', '로즈'})"
2965,0.006180469715698393,"frozenset({'크리스', '하인', '로즈'})"
2966,0.004944375772558714,"frozenset({'할머니', '크리스', '로즈'})"
2967,0.006180469715698393,"frozenset({'크리스', '할아버지', '로즈'})"
2968,0.009888751545117428,"frozenset({'크리스', '함께', '로즈'})"
2969,0.004944375772558714,"frozenset({'크리스', '향하', '로즈'})"
2970,0.02843016069221261,"frozenset({'크리스', '흑인', '로즈'})"
2971,0.003708281829419036,"frozenset({'타지', '흑인', '로즈'})"
2972,0.003708281829419036,"frozenset({'파티', '로즈', '함께'})"
2973,0.003708281829419036,"frozenset({'흑인', '하녀', '로즈'})"
2974,0.003708281829419036,"frozenset({'하인', '할아버지', '로즈'})"
2975,0.004944375772558714,"frozenset({'흑인', '하인', '로즈'})"
2976,0.00865265760197775,"frozenset({'할머니', '할아버지', '로즈'})"
2977,0.003708281829419036,"frozenset({'할머니', '흑인', '로즈'})"
2978,0.004944375772558714,"frozenset({'흑인', '로즈', '함께'})"
2979,0.004944375772558714,"frozenset({'링', '여주인공', '커'})"
2980,0.003708281829419036,"frozenset({'링', '커', '타'})"
2981,0.004944375772558714,"frozenset({'흑인', '마지막', '몸'})"
2982,0.003708281829419036,"frozenset({'마지막', '수술', '이식'})"
2983,0.003708281829419036,"frozenset({'마지막', '수술', '최면'})"
2984,0.003708281829419036,"frozenset({'마지막', '조지나', '월터'})"
2985,0.003708281829419036,"frozenset({'마지막', '이미', '최면'})"
2986,0.003708281829419036,"frozenset({'마지막', '이식', '최면'})"
2987,0.003708281829419036,"frozenset({'이식', '마지막', '할아버지'})"
2988,0.003708281829419036,"frozenset({'마지막', '이식', '흑인'})"
2989,0.003708281829419036,"frozenset({'장면', '마지막', '흑인'})"
2990,0.003708281829419036,"frozenset({'마지막', '정신', '최면'})"
2991,0.003708281829419036,"frozenset({'마지막', '정신', '흑인'})"
2992,0.004944375772558714,"frozenset({'마지막', '최면', '흑인'})"
2993,0.003708281829419036,"frozenset({'크리스', '마지막', '흑인'})"
2994,0.003708281829419036,"frozenset({'크리스', '짐', '마치'})"
2995,0.003708281829419036,"frozenset({'만나', '미시', '조지나'})"
2996,0.004944375772558714,"frozenset({'만나', '크리스', '미시'})"
2997,0.003708281829419036,"frozenset({'만나', '조지나', '방'})"
2998,0.003708281829419036,"frozenset({'만나', '크리스', '방'})"
2999,0.003708281829419036,"frozenset({'만나', '친구', '백인'})"
3000,0.003708281829419036,"frozenset({'만나', '파티', '백인'})"
3001,0.004944375772558714,"frozenset({'만나', '백인', '흑인'})"
3002,0.003708281829419036,"frozenset({'만나', '파티', '열리'})"
3003,0.004944375772558714,"frozenset({'만나', '크리스', '조지나'})"
3004,0.004944375772558714,"frozenset({'만나', '친구', '흑인'})"
3005,0.003708281829419036,"frozenset({'만나', '크리스', '파티'})"
3006,0.003708281829419036,"frozenset({'만나', '크리스', '흑인'})"
3007,0.004944375772558714,"frozenset({'만나', '파티', '흑인'})"
3008,0.003708281829419036,"frozenset({'장면', '몸', '만족'})"
3009,0.003708281829419036,"frozenset({'흑인', '이상', '말투'})"
3010,0.003708281829419036,"frozenset({'머리', '수술', '몸'})"
3011,0.003708281829419036,"frozenset({'모두', '백인', '몸'})"
3012,0.004944375772558714,"frozenset({'크리스', '모두', '몸'})"
3013,0.004944375772558714,"frozenset({'크리스', '모두', '백인'})"
3014,0.003708281829419036,"frozenset({'모두', '백인', '흑인'})"
3015,0.003708281829419036,"frozenset({'모두', '찍', '흑인'})"
3016,0.006180469715698393,"frozenset({'크리스', '모두', '흑인'})"
3017,0.003708281829419036,"frozenset({'흑인', '모두', '후'})"
3018,0.003708281829419036,"frozenset({'모습', '정신', '몸'})"
3019,0.004944375772558714,"frozenset({'모습', '흑인', '몸'})"
3020,0.003708281829419036,"frozenset({'모습', '백인', '흑인'})"
3021,0.003708281829419036,"frozenset({'모습', '크리스', '어색'})"
3022,0.003708281829419036,"frozenset({'모습', '정신', '흑인'})"
3023,0.003708281829419036,"frozenset({'모이', '백인', '몸'})"
3024,0.003708281829419036,"frozenset({'파티', '모이', '백인'})"
3025,0.003708281829419036,"frozenset({'뭔', '흑인', '몸'})"
3026,0.003708281829419036,"frozenset({'바꾸', '흑인', '몸'})"
3027,0.004944375772558714,"frozenset({'흑인', '밤', '몸'})"
3028,0.003708281829419036,"frozenset({'방', '수술', '몸'})"
3029,0.004944375772558714,"frozenset({'최면', '방', '몸'})"
3030,0.004944375772558714,"frozenset({'방', '침잠', '몸'})"
3031,0.003708281829419036,"frozenset({'배', '여친', '몸'})"
3032,0.003708281829419036,"frozenset({'배', '몸', '후'})"
3033,0.003708281829419036,"frozenset({'배', '흑인', '몸'})"
3034,0.003708281829419036,"frozenset({'부분', '백인', '몸'})"
3035,0.004944375772558714,"frozenset({'백인', '신체', '몸'})"
3036,0.003708281829419036,"frozenset({'백인', '여친', '몸'})"
3037,0.006180469715698393,"frozenset({'몸', '백인', '의식'})"
3038,0.00865265760197775,"frozenset({'백인', '이식', '몸'})"
3039,0.003708281829419036,"frozenset({'정신', '백인', '몸'})"
3040,0.004944375772558714,"frozenset({'최면', '백인', '몸'})"
3041,0.007416563658838072,"frozenset({'크리스', '백인', '몸'})"
3042,0.003708281829419036,"frozenset({'파티', '백인', '몸'})"
3043,0.021013597033374538,"frozenset({'몸', '백인', '흑인'})"
3044,0.003708281829419036,"frozenset({'버리', '몸', '의식'})"
3045,0.003708281829419036,"frozenset({'버리', '최면술', '몸'})"
3046,0.003708281829419036,"frozenset({'버리', '친구', '몸'})"
3047,0.004944375772558714,"frozenset({'흑인', '버리', '몸'})"
3048,0.003708281829419036,"frozenset({'부분', '몸', '의식'})"
3049,0.003708281829419036,"frozenset({'부분', '해석', '몸'})"
3050,0.003708281829419036,"frozenset({'흑인', '부분', '몸'})"
3051,0.004944375772558714,"frozenset({'수술', '이식', '몸'})"
3052,0.003708281829419036,"frozenset({'장면', '수술', '몸'})"
3053,0.003708281829419036,"frozenset({'조지나', '수술', '몸'})"
3054,0.003708281829419036,"frozenset({'최면', '수술', '몸'})"
3055,0.003708281829419036,"frozenset({'침잠', '수술', '몸'})"
3056,0.003708281829419036,"frozenset({'할머니', '수술', '몸'})"
3057,0.004944375772558714,"frozenset({'흑인', '수술', '몸'})"
3058,0.006180469715698393,"frozenset({'몸', '신체', '흑인'})"
3059,0.003708281829419036,"frozenset({'엄마', '최면', '몸'})"
3060,0.004944375772558714,"frozenset({'엄마', '흑인', '몸'})"
3061,0.006180469715698393,"frozenset({'흑인', '여기', '몸'})"
3062,0.003708281829419036,"frozenset({'여주', '몸', '흑인'})"
3063,0.003708281829419036,"frozenset({'몸', '여친', '후'})"
3064,0.004944375772558714,"frozenset({'흑인', '여친', '몸'})"
3065,0.003708281829419036,"frozenset({'흑인', '울', '몸'})"
3066,0.003708281829419036,"frozenset({'원래', '몸', '의식'})"
3067,0.003708281829419036,"frozenset({'흑인', '원래', '몸'})"
3068,0.004944375772558714,"frozenset({'육체', '흑인', '몸'})"
3069,0.003708281829419036,"frozenset({'친구', '몸', '의식'})"
3070,0.007416563658838072,"frozenset({'흑인', '몸', '의식'})"
3071,0.004944375772558714,"frozenset({'최면', '이식', '몸'})"
3072,0.004944375772558714,"frozenset({'할머니', '이식', '몸'})"
3073,0.014833127317676144,"frozenset({'흑인', '이식', '몸'})"
3074,0.003708281829419036,"frozenset({'흑인', '인종', '몸'})"
3075,0.003708281829419036,"frozenset({'장면', '흑인', '몸'})"
3076,0.006180469715698393,"frozenset({'흑인', '정신', '몸'})"
3077,0.003708281829419036,"frozenset({'죽이', '몸', '흑인'})"
3078,0.003708281829419036,"frozenset({'직접', '흑인', '몸'})"
3079,0.003708281829419036,"frozenset({'흑인', '차별', '몸'})"
3080,0.003708281829419036,"frozenset({'처음', '최면', '몸'})"
3081,0.003708281829419036,"frozenset({'처음', '친구', '몸'})"
3082,0.003708281829419036,"frozenset({'흑인', '처음', '몸'})"
3083,0.003708281829419036,"frozenset({'최면', '침잠', '몸'})"
3084,0.007416563658838072,"frozenset({'흑인', '최면', '몸'})"
3085,0.003708281829419036,"frozenset({'친구', '최면술', '몸'})"
3086,0.003708281829419036,"frozenset({'흑인', '최면술', '몸'})"
3087,0.003708281829419036,"frozenset({'크리스', '친구', '몸'})"
3088,0.007416563658838072,"frozenset({'친구', '몸', '흑인'})"
3089,0.009888751545117428,"frozenset({'크리스', '흑인', '몸'})"
3090,0.003708281829419036,"frozenset({'흑인', '파티', '몸'})"
3091,0.004944375772558714,"frozenset({'할머니', '흑인', '몸'})"
3092,0.004944375772558714,"frozenset({'흑인', '몸', '후'})"
3093,0.003708281829419036,"frozenset({'크리스', '조지나', '못'})"
3094,0.003708281829419036,"frozenset({'무섭', '백인', '흑인'})"
3095,0.003708281829419036,"frozenset({'엄마', '무섭', '찻잔'})"
3096,0.003708281829419036,"frozenset({'엄마', '무섭', '최면'})"
3097,0.003708281829419036,"frozenset({'편', '무섭', '예고'})"
3098,0.003708281829419036,"frozenset({'크리스', '무섭', '이식'})"
3099,0.003708281829419036,"frozenset({'장면', '편', '무섭'})"
3100,0.003708281829419036,"frozenset({'최면', '무섭', '찻잔'})"
3101,0.003708281829419036,"frozenset({'무섭', '최면', '흑인'})"
3102,0.003708281829419036,"frozenset({'방', '문', '열리'})"
3103,0.003708281829419036,"frozenset({'사진', '진실', '문'})"
3104,0.003708281829419036,"frozenset({'뭔', '친구', '백인'})"
3105,0.003708281829419036,"frozenset({'뭔', '백인', '흑인'})"
3106,0.003708281829419036,"frozenset({'뭔', '이상', '친구'})"
3107,0.003708281829419036,"frozenset({'크리스', '미국', '흑인'})"
3108,0.004944375772558714,"frozenset({'미시', '크리스', '방'})"
3109,0.003708281829419036,"frozenset({'미시', '크리스', '세'})"
3110,0.003708281829419036,"frozenset({'어머니', '미시', '최면'})"
3111,0.003708281829419036,"frozenset({'미시', '크리스', '조지나'})"
3112,0.004944375772558714,"frozenset({'미시', '크리스', '찻잔'})"
3113,0.006180469715698393,"frozenset({'미시', '크리스', '최면'})"
3114,0.003708281829419036,"frozenset({'미시', '크리스', '최면술'})"
3115,0.003708281829419036,"frozenset({'미시', '크리스', '하지만'})"
3116,0.003708281829419036,"frozenset({'바로', '크리스', '흑인'})"
3117,0.003708281829419036,"frozenset({'크리스', '반응', '흑인'})"
3118,0.004944375772558714,"frozenset({'사진', '크리스', '발견'})"
3119,0.003708281829419036,"frozenset({'사진', '발견', '흑인'})"
3120,0.003708281829419036,"frozenset({'크리스', '발견', '찍'})"
3121,0.004944375772558714,"frozenset({'크리스', '발견', '흑인'})"
3122,0.003708281829419036,"frozenset({'방', '침잠', '수술'})"
3123,0.003708281829419036,"frozenset({'방', '이식', '흑인'})"
3124,0.003708281829419036,"frozenset({'잠시', '크리스', '방'})"
3125,0.003708281829419036,"frozenset({'제레미', '최면', '방'})"
3126,0.003708281829419036,"frozenset({'크리스', '방', '조지나'})"
3127,0.003708281829419036,"frozenset({'크리스', '방', '찻잔'})"
3128,0.004944375772558714,"frozenset({'최면', '방', '침잠'})"
3129,0.004944375772558714,"frozenset({'크리스', '방', '침잠'})"
3130,0.003708281829419036,"frozenset({'방문', '백인', '여친'})"
3131,0.004944375772558714,"frozenset({'크리스', '방문', '백인'})"
3132,0.006180469715698393,"frozenset({'방문', '백인', '흑인'})"
3133,0.004944375772558714,"frozenset({'크리스', '방문', '흑인'})"
3134,0.003708281829419036,"frozenset({'배', '여친', '후'})"
3135,0.003708281829419036,"frozenset({'배', '여친', '흑인'})"
3136,0.003708281829419036,"frozenset({'배', '흑인', '후'})"
3137,0.003708281829419036,"frozenset({'버리', '백인', '흑인'})"
3138,0.007416563658838072,"frozenset({'이야기', '백인', '벌어지'})"
3139,0.006180469715698393,"frozenset({'초대', '백인', '벌어지'})"
3140,0.00865265760197775,"frozenset({'친구', '백인', '벌어지'})"
3141,0.003708281829419036,"frozenset({'크리스', '백인', '벌어지'})"
3142,0.009888751545117428,"frozenset({'백인', '벌어지', '흑인'})"
3143,0.004944375772558714,"frozenset({'부분', '백인', '흑인'})"
3144,0.004944375772558714,"frozenset({'불편', '백인', '여친'})"
3145,0.003708281829419036,"frozenset({'사슴', '치', '백인'})"
3146,0.003708281829419036,"frozenset({'사슴', '크리스', '백인'})"
3147,0.003708281829419036,"frozenset({'사슴', '백인', '흑인'})"
3148,0.003708281829419036,"frozenset({'백인', '사이', '흑인'})"
3149,0.003708281829419036,"frozenset({'사진', '친구', '백인'})"
3150,0.003708281829419036,"frozenset({'사진', '크리스', '백인'})"
3151,0.004944375772558714,"frozenset({'사진', '백인', '흑인'})"
3152,0.003708281829419036,"frozenset({'크리스', '백인', '수많'})"
3153,0.003708281829419036,"frozenset({'수술', '백인', '이식'})"
3154,0.003708281829419036,"frozenset({'최면', '수술', '백인'})"
3155,0.004944375772558714,"frozenset({'수술', '백인', '흑인'})"
3156,0.00865265760197775,"frozenset({'백인', '신체', '흑인'})"
3157,0.003708281829419036,"frozenset({'크리스', '백인', '실종'})"
3158,0.003708281829419036,"frozenset({'친구', '백인', '아미'})"
3159,0.004944375772558714,"frozenset({'크리스', '백인', '아미'})"
3160,0.006180469715698393,"frozenset({'흑인', '백인', '아미'})"
3161,0.003708281829419036,"frozenset({'아웃', '백인', '이야기'})"
3162,0.003708281829419036,"frozenset({'아웃', '친구', '백인'})"
3163,0.003708281829419036,"frozenset({'아웃', '백인', '흑인'})"
3164,0.004944375772558714,"frozenset({'여기', '백인', '흑인'})"
3165,0.003708281829419036,"frozenset({'흑인', '백인', '여주'})"
3166,0.003708281829419036,"frozenset({'차별', '백인', '여친'})"
3167,0.003708281829419036,"frozenset({'크리스', '백인', '여친'})"
3168,0.007416563658838072,"frozenset({'백인', '여친', '흑인'})"
3169,0.003708281829419036,"frozenset({'파티', '백인', '열리'})"
3170,0.003708281829419036,"frozenset({'흑인', '백인', '열리'})"
3171,0.003708281829419036,"frozenset({'백인', '원하', '흑인'})"
3172,0.004944375772558714,"frozenset({'육체', '백인', '흑인'})"
3173,0.007416563658838072,"frozenset({'의식', '백인', '흑인'})"
3174,0.003708281829419036,"frozenset({'처음', '이상', '백인'})"
3175,0.003708281829419036,"frozenset({'치', '이상', '백인'})"
3176,0.007416563658838072,"frozenset({'이상', '친구', '백인'})"
3177,0.004944375772558714,"frozenset({'크리스', '이상', '백인'})"
3178,0.004944375772558714,"frozenset({'이상', '파티', '백인'})"
3179,0.007416563658838072,"frozenset({'이상', '백인', '흑인'})"
3180,0.004944375772558714,"frozenset({'최면', '백인', '이식'})"
3181,0.013597033374536464,"frozenset({'백인', '이식', '흑인'})"
3182,0.006180469715698393,"frozenset({'초대', '백인', '이야기'})"
3183,0.009888751545117428,"frozenset({'친구', '백인', '이야기'})"
3184,0.006180469715698393,"frozenset({'크리스', '백인', '이야기'})"
3185,0.012360939431396786,"frozenset({'백인', '이야기', '흑인'})"
3186,0.003708281829419036,"frozenset({'인사', '친구', '백인'})"
3187,0.003708281829419036,"frozenset({'인사', '크리스', '백인'})"
3188,0.006180469715698393,"frozenset({'인사', '백인', '흑인'})"
3189,0.006180469715698393,"frozenset({'차별', '백인', '인종'})"
3190,0.006180469715698393,"frozenset({'백인', '인종', '흑인'})"
3191,0.004944375772558714,"frozenset({'젊', '백인', '흑인'})"
3192,0.003708281829419036,"frozenset({'정신', '백인', '흑인'})"
3193,0.003708281829419036,"frozenset({'주인공', '크리스', '백인'})"
3194,0.003708281829419036,"frozenset({'주인공', '백인', '흑인'})"
3195,0.003708281829419036,"frozenset({'줄', '백인', '흑인'})"
3196,0.003708281829419036,"frozenset({'친구', '찍', '백인'})"
3197,0.003708281829419036,"frozenset({'찍', '백인', '흑인'})"
3198,0.007416563658838072,"frozenset({'차별', '백인', '흑인'})"
3199,0.004944375772558714,"frozenset({'처음', '친구', '백인'})"
3200,0.004944375772558714,"frozenset({'처음', '백인', '흑인'})"
3201,0.007416563658838072,"frozenset({'초대', '친구', '백인'})"
3202,0.007416563658838072,"frozenset({'초대', '백인', '흑인'})"
3203,0.007416563658838072,"frozenset({'최면', '백인', '흑인'})"
3204,0.004944375772558714,"frozenset({'치', '친구', '백인'})"
3205,0.004944375772558714,"frozenset({'크리스', '치', '백인'})"
3206,0.003708281829419036,"frozenset({'치', '백인', '흑인'})"
3207,0.014833127317676144,"frozenset({'크리스', '친구', '백인'})"
3208,0.004944375772558714,"frozenset({'친구', '파티', '백인'})"
3209,0.003708281829419036,"frozenset({'친구', '백인', '함께'})"
3210,0.024721878862793572,"frozenset({'친구', '백인', '흑인'})"
3211,0.009888751545117428,"frozenset({'크리스', '파티', '백인'})"
3212,0.006180469715698393,"frozenset({'크리스', '백인', '함께'})"
3213,0.022249690976514216,"frozenset({'크리스', '백인', '흑인'})"
3214,0.006180469715698393,"frozenset({'파티', '백인', '흑인'})"
3215,0.003708281829419036,"frozenset({'하인', '백인', '흑인'})"
3216,0.003708281829419036,"frozenset({'할머니', '백인', '흑인'})"
3217,0.004944375772558714,"frozenset({'흑인', '백인', '함께'})"
3218,0.003708281829419036,"frozenset({'어머니', '최면술', '버리'})"
3219,0.003708281829419036,"frozenset({'버리', '친구', '의식'})"
3220,0.003708281829419036,"frozenset({'버리', '이식', '흑인'})"
3221,0.003708281829419036,"frozenset({'최면술', '찻잔', '버리'})"
3222,0.003708281829419036,"frozenset({'크리스', '찻잔', '버리'})"
3223,0.003708281829419036,"frozenset({'크리스', '번째', '흑인'})"
3224,0.006180469715698393,"frozenset({'초대', '이야기', '벌어지'})"
3225,0.007416563658838072,"frozenset({'친구', '이야기', '벌어지'})"
3226,0.003708281829419036,"frozenset({'크리스', '이야기', '벌어지'})"
3227,0.007416563658838072,"frozenset({'이야기', '벌어지', '흑인'})"
3228,0.006180469715698393,"frozenset({'초대', '친구', '벌어지'})"
3229,0.006180469715698393,"frozenset({'초대', '벌어지', '흑인'})"
3230,0.003708281829419036,"frozenset({'크리스', '친구', '벌어지'})"
3231,0.00865265760197775,"frozenset({'친구', '벌어지', '흑인'})"
3232,0.003708281829419036,"frozenset({'크리스', '벌어지', '흑인'})"
3233,0.003708281829419036,"frozenset({'사진', '찍', '보내'})"
3234,0.004944375772558714,"frozenset({'사진', '친구', '보내'})"
3235,0.004944375772558714,"frozenset({'사진', '크리스', '보내'})"
3236,0.003708281829419036,"frozenset({'친구', '찍', '보내'})"
3237,0.003708281829419036,"frozenset({'크리스', '친구', '보내'})"
3238,0.004944375772558714,"frozenset({'차별', '보여주', '인종'})"
3239,0.003708281829419036,"frozenset({'사슴', '복선', '아버지'})"
3240,0.003708281829419036,"frozenset({'의미', '복선', '흑인'})"
3241,0.006180469715698393,"frozenset({'친구', '부모님', '흑인'})"
3242,0.003708281829419036,"frozenset({'사슴', '부분', '흑인'})"
3243,0.003708281829419036,"frozenset({'부분', '확인', '정리'})"
3244,0.004944375772558714,"frozenset({'부분', '친구', '흑인'})"
3245,0.003708281829419036,"frozenset({'불편', '여기', '흑인'})"
3246,0.003708281829419036,"frozenset({'불편', '크리스', '흑인'})"
3247,0.003708281829419036,"frozenset({'크리스', '파티', '빙고'})"
3248,0.003708281829419036,"frozenset({'최면', '찻잔', '빠지'})"
3249,0.003708281829419036,"frozenset({'크리스', '찻잔', '빠지'})"
3250,0.003708281829419036,"frozenset({'크리스', '최면', '빠지'})"
3251,0.00865265760197775,"frozenset({'사슴', '치', '사고'})"
3252,0.003708281829419036,"frozenset({'사슴', '친구', '사고'})"
3253,0.006180469715698393,"frozenset({'사슴', '크리스', '사고'})"
3254,0.003708281829419036,"frozenset({'치', '친구', '사고'})"
3255,0.006180469715698393,"frozenset({'크리스', '치', '사고'})"
3256,0.003708281829419036,"frozenset({'크리스', '친구', '사고'})"
3257,0.003708281829419036,"frozenset({'사슴', '크리스', '신고'})"
3258,0.004944375772558714,"frozenset({'사슴', '치', '신분증'})"
3259,0.004944375772558714,"frozenset({'사슴', '크리스', '신분증'})"
3260,0.003708281829419036,"frozenset({'사슴', '흑인', '아미'})"
3261,0.004944375772558714,"frozenset({'사슴', '죽', '아버지'})"
3262,0.003708281829419036,"frozenset({'사슴', '아버지', '흑인'})"
3263,0.003708281829419036,"frozenset({'사슴', '의미', '흑인'})"
3264,0.003708281829419036,"frozenset({'사슴', '치', '이상'})"
3265,0.003708281829419036,"frozenset({'사슴', '이상', '친구'})"
3266,0.003708281829419036,"frozenset({'사슴', '크리스', '이상'})"
3267,0.003708281829419036,"frozenset({'사슴', '주인공', '치'})"
3268,0.003708281829419036,"frozenset({'사슴', '죽', '차'})"
3269,0.003708281829419036,"frozenset({'사슴', '크리스', '죽'})"
3270,0.004944375772558714,"frozenset({'사슴', '죽', '흑인'})"
3271,0.003708281829419036,"frozenset({'사슴', '치', '차'})"
3272,0.003708281829419036,"frozenset({'사슴', '친구', '차'})"
3273,0.003708281829419036,"frozenset({'사슴', '차', '흑인'})"
3274,0.003708281829419036,"frozenset({'사슴', '친구', '초반'})"
3275,0.003708281829419036,"frozenset({'사슴', '초반', '흑인'})"
3276,0.004944375772558714,"frozenset({'사슴', '치', '친구'})"
3277,0.012360939431396786,"frozenset({'사슴', '크리스', '치'})"
3278,0.004944375772558714,"frozenset({'사슴', '치', '흑인'})"
3279,0.004944375772558714,"frozenset({'사슴', '크리스', '친구'})"
3280,0.006180469715698393,"frozenset({'사슴', '친구', '흑인'})"
3281,0.004944375772558714,"frozenset({'사슴', '크리스', '흑인'})"
3282,0.003708281829419036,"frozenset({'사진', '찍', '실종'})"
3283,0.003708281829419036,"frozenset({'사진', '실종', '흑인'})"
3284,0.007416563658838072,"frozenset({'사진', '친구', '찍'})"
3285,0.011124845488257108,"frozenset({'사진', '크리스', '찍'})"
3286,0.003708281829419036,"frozenset({'사진', '터지', '찍'})"
3287,0.00865265760197775,"frozenset({'사진', '찍', '흑인'})"
3288,0.003708281829419036,"frozenset({'사진', '크리스', '처음'})"
3289,0.00865265760197775,"frozenset({'사진', '크리스', '친구'})"
3290,0.007416563658838072,"frozenset({'사진', '친구', '흑인'})"
3291,0.003708281829419036,"frozenset({'사진', '크리스', '터지'})"
3292,0.011124845488257108,"frozenset({'사진', '크리스', '흑인'})"
3293,0.003708281829419036,"frozenset({'사진', '함께', '흑인'})"
3294,0.003708281829419036,"frozenset({'크리스', '최면', '세'})"
3295,0.004944375772558714,"frozenset({'소재', '차별', '인종'})"
3296,0.003708281829419036,"frozenset({'소파', '크리스', '솜'})"
3297,0.003708281829419036,"frozenset({'자국', '쓰', '수술'})"
3298,0.004944375772558714,"frozenset({'월터', '수술', '이식'})"
3299,0.007416563658838072,"frozenset({'조지나', '월터', '수술'})"
3300,0.004944375772558714,"frozenset({'할머니', '월터', '수술'})"
3301,0.006180469715698393,"frozenset({'월터', '수술', '할아버지'})"
3302,0.003708281829419036,"frozenset({'흑인', '수술', '의식'})"
3303,0.006180469715698393,"frozenset({'조지나', '수술', '이식'})"
3304,0.004944375772558714,"frozenset({'최면', '수술', '이식'})"
3305,0.004944375772558714,"frozenset({'할머니', '수술', '이식'})"
3306,0.003708281829419036,"frozenset({'이식', '수술', '할아버지'})"
3307,0.007416563658838072,"frozenset({'수술', '이식', '흑인'})"
3308,0.003708281829419036,"frozenset({'크리스', '자국', '수술'})"
3309,0.003708281829419036,"frozenset({'크리스', '조지나', '수술'})"
3310,0.006180469715698393,"frozenset({'할머니', '조지나', '수술'})"
3311,0.006180469715698393,"frozenset({'조지나', '수술', '할아버지'})"
3312,0.003708281829419036,"frozenset({'조지나', '수술', '흑인'})"
3313,0.003708281829419036,"frozenset({'진실', '수술', '진행'})"
3314,0.003708281829419036,"frozenset({'크리스', '최면', '수술'})"
3315,0.004944375772558714,"frozenset({'최면', '수술', '흑인'})"
3316,0.003708281829419036,"frozenset({'최면술', '수술', '흑인'})"
3317,0.003708281829419036,"frozenset({'친구', '수술', '흑인'})"
3318,0.003708281829419036,"frozenset({'크리스', '수술', '흑인'})"
3319,0.00865265760197775,"frozenset({'할머니', '수술', '할아버지'})"
3320,0.003708281829419036,"frozenset({'크리스', '친구', '신고'})"
3321,0.003708281829419036,"frozenset({'크리스', '요구', '신분증'})"
3322,0.004944375772558714,"frozenset({'크리스', '치', '신분증'})"
3323,0.004944375772558714,"frozenset({'크리스', '친구', '신분증'})"
3324,0.003708281829419036,"frozenset({'크리스', '흑인', '신분증'})"
3325,0.004944375772558714,"frozenset({'흑인', '신체', '아미'})"
3326,0.003708281829419036,"frozenset({'신체', '이식', '흑인'})"
3327,0.003708281829419036,"frozenset({'젊', '신체', '흑인'})"
3328,0.003708281829419036,"frozenset({'주인공', '신체', '흑인'})"
3329,0.003708281829419036,"frozenset({'실종', '찍', '흑인'})"
3330,0.003708281829419036,"frozenset({'크리스', '친구', '실종'})"
3331,0.003708281829419036,"frozenset({'크리스', '쓰', '인종'})"
3332,0.003708281829419036,"frozenset({'친구', '쓰', '흑인'})"
3333,0.003708281829419036,"frozenset({'크리스', '쓰', '흑인'})"
3334,0.004944375772558714,"frozenset({'조지나', '월터', '아미'})"
3335,0.003708281829419036,"frozenset({'타지', '월터', '아미'})"
3336,0.003708281829419036,"frozenset({'흑인', '월터', '아미'})"
3337,0.003708281829419036,"frozenset({'흑인', '이식', '아미'})"
3338,0.003708281829419036,"frozenset({'흑인', '이야기', '아미'})"
3339,0.003708281829419036,"frozenset({'타지', '조지나', '아미'})"
3340,0.003708281829419036,"frozenset({'흑인', '조지나', '아미'})"
3341,0.003708281829419036,"frozenset({'주인공', '크리스', '아미'})"
3342,0.004944375772558714,"frozenset({'주인공', '흑인', '아미'})"
3343,0.003708281829419036,"frozenset({'집안', '흑인', '아미'})"
3344,0.004944375772558714,"frozenset({'크리스', '친구', '아미'})"
3345,0.006180469715698393,"frozenset({'흑인', '친구', '아미'})"
3346,0.006180469715698393,"frozenset({'타지', '크리스', '아미'})"
3347,0.009888751545117428,"frozenset({'크리스', '흑인', '아미'})"
3348,0.006180469715698393,"frozenset({'타지', '흑인', '아미'})"
3349,0.003708281829419036,"frozenset({'아버지', '어머니', '친구'})"
3350,0.003708281829419036,"frozenset({'아버지', '어머니', '흑인'})"
3351,0.003708281829419036,"frozenset({'아버지', '죽', '흑인'})"
3352,0.004944375772558714,"frozenset({'아버지', '친구', '흑인'})"
3353,0.003708281829419036,"frozenset({'크리스', '아빠', '흑인'})"
3354,0.003708281829419036,"frozenset({'아웃', '친구', '이야기'})"
3355,0.003708281829419036,"frozenset({'아웃', '이야기', '흑인'})"
3356,0.004944375772558714,"frozenset({'아웃', '친구', '흑인'})"
3357,0.003708281829419036,"frozenset({'어머니', '친구', '흑인'})"
3358,0.003708281829419036,"frozenset({'엄마', '최면', '여주'})"
3359,0.003708281829419036,"frozenset({'엄마', '최면', '여친'})"
3360,0.003708281829419036,"frozenset({'엄마', '최면', '정신'})"
3361,0.003708281829419036,"frozenset({'엄마', '정신', '흑인'})"
3362,0.003708281829419036,"frozenset({'엄마', '최면', '찻잔'})"
3363,0.003708281829419036,"frozenset({'엄마', '최면', '크리스'})"
3364,0.006180469715698393,"frozenset({'엄마', '최면', '흑인'})"
3365,0.003708281829419036,"frozenset({'엄마', '치', '친구'})"
3366,0.003708281829419036,"frozenset({'최면', '여기', '흑인'})"
3367,0.003708281829419036,"frozenset({'크리스', '여기', '향하'})"
3368,0.004944375772558714,"frozenset({'크리스', '여기', '흑인'})"
3369,0.003708281829419036,"frozenset({'여기', '터지', '흑인'})"
3370,0.003708281829419036,"frozenset({'여주', '여친', '흑인'})"
3371,0.003708281829419036,"frozenset({'여주', '인종', '흑인'})"
3372,0.004944375772558714,"frozenset({'주인공', '크리스', '여친'})"
3373,0.003708281829419036,"frozenset({'최면', '여친', '흑인'})"
3374,0.004944375772558714,"frozenset({'크리스', '여친', '흑인'})"
3375,0.004944375772558714,"frozenset({'흑인', '여친', '후'})"
3376,0.003708281829419036,"frozenset({'흑인', '파티', '열리'})"
3377,0.003708281829419036,"frozenset({'장면', '편', '예고'})"
3378,0.003708281829419036,"frozenset({'옷', '친구', '찍'})"
3379,0.003708281829419036,"frozenset({'옷', '친구', '흑인'})"
3380,0.003708281829419036,"frozenset({'흑인', '울', '정원사'})"
3381,0.003708281829419036,"frozenset({'조지나', '이상', '월터'})"
3382,0.006180469715698393,"frozenset({'조지나', '월터', '이식'})"
3383,0.003708281829419036,"frozenset({'할머니', '월터', '이식'})"
3384,0.003708281829419036,"frozenset({'이식', '월터', '할아버지'})"
3385,0.003708281829419036,"frozenset({'집안', '조지나', '월터'})"
3386,0.007416563658838072,"frozenset({'크리스', '조지나', '월터'})"
3387,0.003708281829419036,"frozenset({'타지', '조지나', '월터'})"
3388,0.004944375772558714,"frozenset({'할머니', '조지나', '월터'})"
3389,0.006180469715698393,"frozenset({'조지나', '월터', '할아버지'})"
3390,0.007416563658838072,"frozenset({'조지나', '월터', '흑인'})"
3391,0.003708281829419036,"frozenset({'크리스', '월터', '흑인'})"
3392,0.003708281829419036,"frozenset({'타지', '월터', '흑인'})"
3393,0.004944375772558714,"frozenset({'할머니', '월터', '할아버지'})"
3394,0.003708281829419036,"frozenset({'잠시', '의식', '흑인'})"
3395,0.003708281829419036,"frozenset({'친구', '의식', '흑인'})"
3396,0.003708281829419036,"frozenset({'흑인', '의심', '정원사'})"
3397,0.003708281829419036,"frozenset({'의심', '찍', '흑인'})"
3398,0.006180469715698393,"frozenset({'크리스', '이상', '조지나'})"
3399,0.003708281829419036,"frozenset({'주인공', '크리스', '이상'})"
3400,0.003708281829419036,"frozenset({'주인공', '이상', '흑인'})"
3401,0.003708281829419036,"frozenset({'치', '이상', '처음'})"
3402,0.004944375772558714,"frozenset({'처음', '이상', '친구'})"
3403,0.003708281829419036,"frozenset({'크리스', '처음', '이상'})"
3404,0.003708281829419036,"frozenset({'처음', '이상', '흑인'})"
3405,0.003708281829419036,"frozenset({'최면', '이상', '흑인'})"
3406,0.004944375772558714,"frozenset({'치', '이상', '친구'})"
3407,0.003708281829419036,"frozenset({'크리스', '치', '이상'})"
3408,0.003708281829419036,"frozenset({'치', '이상', '흑인'})"
3409,0.006180469715698393,"frozenset({'크리스', '이상', '친구'})"
3410,0.003708281829419036,"frozenset({'친구', '이상', '파티'})"
3411,0.006180469715698393,"frozenset({'이상', '친구', '흑인'})"
3412,0.003708281829419036,"frozenset({'크리스', '하지만', '이상'})"
3413,0.00865265760197775,"frozenset({'크리스', '이상', '흑인'})"
3414,0.003708281829419036,"frozenset({'최면', '정신', '이식'})"
3415,0.004944375772558714,"frozenset({'정신', '이식', '흑인'})"
3416,0.003708281829419036,"frozenset({'할머니', '조지나', '이식'})"
3417,0.003708281829419036,"frozenset({'이식', '조지나', '할아버지'})"
3418,0.003708281829419036,"frozenset({'조지나', '이식', '흑인'})"
3419,0.00865265760197775,"frozenset({'최면', '이식', '흑인'})"
3420,0.003708281829419036,"frozenset({'친구', '이식', '흑인'})"
3421,0.006180469715698393,"frozenset({'크리스', '이식', '흑인'})"
3422,0.003708281829419036,"frozenset({'하인', '이식', '흑인'})"
3423,0.004944375772558714,"frozenset({'할머니', '할아버지', '이식'})"
3424,0.004944375772558714,"frozenset({'할머니', '이식', '흑인'})"
3425,0.003708281829419036,"frozenset({'이식', '할아버지', '흑인'})"
3426,0.006180469715698393,"frozenset({'초대', '친구', '이야기'})"
3427,0.006180469715698393,"frozenset({'초대', '이야기', '흑인'})"
3428,0.004944375772558714,"frozenset({'크리스', '친구', '이야기'})"
3429,0.009888751545117428,"frozenset({'친구', '이야기', '흑인'})"
3430,0.006180469715698393,"frozenset({'크리스', '이야기', '흑인'})"
3431,0.003708281829419036,"frozenset({'제레미', '크리스', '이후'})"
3432,0.003708281829419036,"frozenset({'인사', '친구', '흑인'})"
3433,0.004944375772558714,"frozenset({'인사', '크리스', '흑인'})"
3434,0.009888751545117428,"frozenset({'차별', '인종', '흑인'})"
3435,0.003708281829419036,"frozenset({'친구', '인종', '흑인'})"
3436,0.003708281829419036,"frozenset({'자아', '최면', '흑인'})"
3437,0.003708281829419036,"frozenset({'잠시', '흑인', '후'})"
3438,0.003708281829419036,"frozenset({'편', '크리스', '장면'})"
3439,0.003708281829419036,"frozenset({'크리스', '최면', '정신'})"
3440,0.007416563658838072,"frozenset({'최면', '정신', '흑인'})"
3441,0.004944375772558714,"frozenset({'크리스', '정신', '흑인'})"
3442,0.003708281829419036,"frozenset({'크리스', '흑인', '정원사'})"
3443,0.004944375772558714,"frozenset({'제일', '친구', '흑인'})"
3444,0.003708281829419036,"frozenset({'크리스', '하지만', '조지나'})"
3445,0.003708281829419036,"frozenset({'크리스', '조지나', '휴대폰'})"
3446,0.004944375772558714,"frozenset({'크리스', '조지나', '흑인'})"
3447,0.003708281829419036,"frozenset({'타지', '조지나', '흑인'})"
3448,0.004944375772558714,"frozenset({'할머니', '조지나', '할아버지'})"
3449,0.003708281829419036,"frozenset({'주인공', '친구', '흑인'})"
3450,0.00865265760197775,"frozenset({'주인공', '크리스', '흑인'})"
3451,0.003708281829419036,"frozenset({'죽', '차', '흑인'})"
3452,0.003708281829419036,"frozenset({'죽', '친구', '흑인'})"
3453,0.003708281829419036,"frozenset({'최면', '하인', '죽이'})"
3454,0.003708281829419036,"frozenset({'크리스', '친구', '죽이'})"
3455,0.003708281829419036,"frozenset({'친구', '하인', '죽이'})"
3456,0.003708281829419036,"frozenset({'하인', '죽이', '흑인'})"
3457,0.003708281829419036,"frozenset({'처음', '친구', '찍'})"
3458,0.003708281829419036,"frozenset({'처음', '찍', '흑인'})"
3459,0.006180469715698393,"frozenset({'크리스', '친구', '찍'})"
3460,0.006180469715698393,"frozenset({'친구', '찍', '흑인'})"
3461,0.004944375772558714,"frozenset({'크리스', '터지', '찍'})"
3462,0.007416563658838072,"frozenset({'크리스', '찍', '흑인'})"
3463,0.003708281829419036,"frozenset({'찝찝', '친구', '흑인'})"
3464,0.004944375772558714,"frozenset({'친구', '차', '흑인'})"
3465,0.003708281829419036,"frozenset({'크리스', '키', '차'})"
3466,0.007416563658838072,"frozenset({'크리스', '최면', '찻잔'})"
3467,0.003708281829419036,"frozenset({'크리스', '최면술', '찻잔'})"
3468,0.003708281829419036,"frozenset({'처음', '친구', '치'})"
3469,0.006180469715698393,"frozenset({'크리스', '처음', '친구'})"
3470,0.009888751545117428,"frozenset({'처음', '친구', '흑인'})"
3471,0.004944375772558714,"frozenset({'크리스', '처음', '흑인'})"
3472,0.00865265760197775,"frozenset({'초대', '친구', '흑인'})"
3473,0.003708281829419036,"frozenset({'크리스', '최면', '하지만'})"
3474,0.006180469715698393,"frozenset({'크리스', '최면', '흑인'})"
3475,0.003708281829419036,"frozenset({'풀리', '플래쉬', '최면'})"
3476,0.003708281829419036,"frozenset({'풀리', '최면', '흑인'})"
3477,0.003708281829419036,"frozenset({'친구', '최면술', '흑인'})"
3478,0.004944375772558714,"frozenset({'크리스', '치', '친구'})"
3479,0.006180469715698393,"frozenset({'치', '친구', '흑인'})"
3480,0.003708281829419036,"frozenset({'크리스', '치', '흑인'})"
3481,0.003708281829419036,"frozenset({'크리스', '하지만', '친구'})"
3482,0.006180469715698393,"frozenset({'크리스', '친구', '함께'})"
3483,0.023485784919653894,"frozenset({'크리스', '친구', '흑인'})"
3484,0.003708281829419036,"frozenset({'친구', '통화', '흑인'})"
3485,0.003708281829419036,"frozenset({'친구', '파티', '흑인'})"
3486,0.004944375772558714,"frozenset({'흑인', '친구', '함께'})"
3487,0.004944375772558714,"frozenset({'플래쉬', '크리스', '카메라'})"
3488,0.004944375772558714,"frozenset({'타지', '크리스', '흑인'})"
3489,0.003708281829419036,"frozenset({'크리스', '파티', '함께'})"
3490,0.007416563658838072,"frozenset({'크리스', '파티', '흑인'})"
3491,0.003708281829419036,"frozenset({'플래쉬', '하지만', '크리스'})"
3492,0.003708281829419036,"frozenset({'플래쉬', '크리스', '흑인'})"
3493,0.003708281829419036,"frozenset({'크리스', '하인', '흑인'})"
3494,0.006180469715698393,"frozenset({'크리스', '하지만', '흑인'})"
3495,0.003708281829419036,"frozenset({'할머니', '크리스', '할아버지'})"
3496,0.003708281829419036,"frozenset({'할머니', '크리스', '흑인'})"
3497,0.004944375772558714,"frozenset({'크리스', '함께', '흑인'})"
3498,0.003708281829419036,"frozenset({'할머니', '할아버지', '흑인'})"
